<?xml version='1.0' encoding='UTF-8'?>
<gpx version="1.1" creator="https://www.komoot.de" xmlns="http://www.topografix.com/GPX/1/1" xmlns:xsi="http://www.w3.org/2001/XMLSchema-instance" xsi:schemaLocation="http://www.topografix.com/GPX/1/1 http://www.topografix.com/GPX/1/1/gpx.xsd">
  <metadata>
    <name>Gravel Ride</name>
    <author>
      <link href="https://www.komoot.de">
        <text>komoot</text>
        <type>text/html</type>
      </link>
    </author>
  </metadata>
  <trk>
    <name>Gravel Ride</name>
    <type>mtb_easy</type>
    <trkseg>
      <trkpt lat="-7.327801" lon="108.229404">
        <ele>344.393103</ele>
        <time>2026-08-21T13:37:40.781Z</time>
      </trkpt>
      <trkpt lat="-7.327817" lon="108.229414">
        <ele>344.393103</ele>
        <time>2026-08-21T13:37:41.184Z</time>
      </trkpt>
      <trkpt lat="-7.327908" lon="108.229462">
        <ele>344.393103</ele>
        <time>2026-08-21T13:37:43.380Z</time>
      </trkpt>
      <trkpt lat="-7.327911" lon="108.229462">
        <ele>344.393103</ele>
        <time>2026-08-21T13:37:43.444Z</time>
      </trkpt>
      <trkpt lat="-7.327924" lon="108.229469">
        <ele>344.393103</ele>
        <time>2026-08-21T13:37:43.759Z</time>
      </trkpt>
      <trkpt lat="-7.327937" lon="108.229473">
        <ele>344.393103</ele>
        <time>2026-08-21T13:37:44.050Z</time>
      </trkpt>
      <trkpt lat="-7.327942" lon="108.229482">
        <ele>344.393103</ele>
        <time>2026-08-21T13:37:44.268Z</time>
      </trkpt>
      <trkpt lat="-7.327947" lon="108.229487">
        <ele>344.393103</ele>
        <time>2026-08-21T13:37:44.419Z</time>
      </trkpt>
      <trkpt lat="-7.327944" lon="108.229491">
        <ele>344.393103</ele>
        <time>2026-08-21T13:37:44.525Z</time>
      </trkpt>
      <trkpt lat="-7.327946" lon="108.229495">
        <ele>344.393103</ele>
        <time>2026-08-21T13:37:44.620Z</time>
      </trkpt>
      <trkpt lat="-7.327942" lon="108.229500">
        <ele>344.393103</ele>
        <time>2026-08-21T13:37:44.757Z</time>
      </trkpt>
      <trkpt lat="-7.327961" lon="108.229519">
        <ele>344.393103</ele>
        <time>2026-08-21T13:37:45.329Z</time>
      </trkpt>
      <trkpt lat="-7.328063" lon="108.229611">
        <ele>344.393103</ele>
        <time>2026-08-21T13:37:48.255Z</time>
      </trkpt>
      <trkpt lat="-7.328084" lon="108.229645">
        <ele>344.393103</ele>
        <time>2026-08-21T13:37:49.105Z</time>
      </trkpt>
      <trkpt lat="-7.328094" lon="108.229678">
        <ele>344.393103</ele>
        <time>2026-08-21T13:37:49.837Z</time>
      </trkpt>
      <trkpt lat="-7.328105" lon="108.229727">
        <ele>344.393103</ele>
        <time>2026-08-21T13:37:50.902Z</time>
      </trkpt>
      <trkpt lat="-7.328124" lon="108.229774">
        <ele>344.393103</ele>
        <time>2026-08-21T13:37:51.979Z</time>
      </trkpt>
      <trkpt lat="-7.328146" lon="108.229820">
        <ele>344.393103</ele>
        <time>2026-08-21T13:37:53.062Z</time>
      </trkpt>
      <trkpt lat="-7.328176" lon="108.229925">
        <ele>344.393103</ele>
        <time>2026-08-21T13:37:55.379Z</time>
      </trkpt>
      <trkpt lat="-7.328205" lon="108.229917">
        <ele>344.393103</ele>
        <time>2026-08-21T13:37:56.013Z</time>
      </trkpt>
      <trkpt lat="-7.328266" lon="108.230150">
        <ele>344.366950</ele>
        <time>2026-08-21T13:37:59.965Z</time>
      </trkpt>
      <trkpt lat="-7.328292" lon="108.230250">
        <ele>344.315815</ele>
        <time>2026-08-21T13:38:01.620Z</time>
      </trkpt>
      <trkpt lat="-7.328411" lon="108.230727">
        <ele>344.072521</ele>
        <time>2026-08-21T13:38:09.533Z</time>
      </trkpt>
      <trkpt lat="-7.328623" lon="108.231128">
        <ele>343.847751</ele>
        <time>2026-08-21T13:38:16.613Z</time>
      </trkpt>
      <trkpt lat="-7.328899" lon="108.231497">
        <ele>343.619145</ele>
        <time>2026-08-21T13:38:23.730Z</time>
      </trkpt>
      <trkpt lat="-7.329624" lon="108.232261">
        <ele>342.789678</ele>
        <time>2026-08-21T13:38:39.822Z</time>
      </trkpt>
      <trkpt lat="-7.329829" lon="108.232477">
        <ele>342.528498</ele>
        <time>2026-08-21T13:38:44.309Z</time>
      </trkpt>
      <trkpt lat="-7.330399" lon="108.233034">
        <ele>341.820907</ele>
        <time>2026-08-21T13:38:56.127Z</time>
      </trkpt>
      <trkpt lat="-7.330627" lon="108.233259">
        <ele>341.511281</ele>
        <time>2026-08-21T13:39:00.769Z</time>
      </trkpt>
      <trkpt lat="-7.330916" lon="108.233486">
        <ele>341.155739</ele>
        <time>2026-08-21T13:39:06.129Z</time>
      </trkpt>
      <trkpt lat="-7.331291" lon="108.233801">
        <ele>340.682044</ele>
        <time>2026-08-21T13:39:13.437Z</time>
      </trkpt>
      <trkpt lat="-7.331541" lon="108.234004">
        <ele>340.370518</ele>
        <time>2026-08-21T13:39:18.272Z</time>
      </trkpt>
      <trkpt lat="-7.331845" lon="108.234274">
        <ele>340.047944</ele>
        <time>2026-08-21T13:39:24.435Z</time>
      </trkpt>
      <trkpt lat="-7.331904" lon="108.234333">
        <ele>339.997446</ele>
        <time>2026-08-21T13:39:25.699Z</time>
      </trkpt>
      <trkpt lat="-7.332034" lon="108.234455">
        <ele>339.889520</ele>
        <time>2026-08-21T13:39:28.429Z</time>
      </trkpt>
      <trkpt lat="-7.332873" lon="108.235397">
        <ele>339.126431</ele>
        <time>2026-08-21T13:39:48.097Z</time>
      </trkpt>
      <trkpt lat="-7.332929" lon="108.235460">
        <ele>339.075442</ele>
        <time>2026-08-21T13:39:49.433Z</time>
      </trkpt>
      <trkpt lat="-7.333092" lon="108.235639">
        <ele>339.040952</ele>
        <time>2026-08-21T13:39:53.358Z</time>
      </trkpt>
      <trkpt lat="-7.333351" lon="108.235910">
        <ele>338.990254</ele>
        <time>2026-08-21T13:39:59.584Z</time>
      </trkpt>
      <trkpt lat="-7.333722" lon="108.236227">
        <ele>338.924201</ele>
        <time>2026-08-21T13:40:07.886Z</time>
      </trkpt>
      <trkpt lat="-7.333953" lon="108.236458">
        <ele>338.880010</ele>
        <time>2026-08-21T13:40:13.505Z</time>
      </trkpt>
      <trkpt lat="-7.334132" lon="108.236623">
        <ele>338.847068</ele>
        <time>2026-08-21T13:40:17.625Z</time>
      </trkpt>
      <trkpt lat="-7.334502" lon="108.236958">
        <ele>338.651825</ele>
        <time>2026-08-21T13:40:25.894Z</time>
      </trkpt>
      <trkpt lat="-7.334543" lon="108.236993">
        <ele>338.625651</ele>
        <time>2026-08-21T13:40:26.781Z</time>
      </trkpt>
      <trkpt lat="-7.335092" lon="108.237439">
        <ele>338.282137</ele>
        <time>2026-08-21T13:40:38.164Z</time>
      </trkpt>
      <trkpt lat="-7.335119" lon="108.237463">
        <ele>338.264600</ele>
        <time>2026-08-21T13:40:38.733Z</time>
      </trkpt>
      <trkpt lat="-7.335233" lon="108.237554">
        <ele>338.193755</ele>
        <time>2026-08-21T13:40:41.032Z</time>
      </trkpt>
      <trkpt lat="-7.335646" lon="108.237882">
        <ele>337.910443</ele>
        <time>2026-08-21T13:40:49.117Z</time>
      </trkpt>
      <trkpt lat="-7.335857" lon="108.238050">
        <ele>337.541164</ele>
        <time>2026-08-21T13:40:53.098Z</time>
      </trkpt>
      <trkpt lat="-7.336127" lon="108.238290">
        <ele>337.046775</ele>
        <time>2026-08-21T13:40:58.304Z</time>
      </trkpt>
      <trkpt lat="-7.336349" lon="108.238484">
        <ele>336.643267</ele>
        <time>2026-08-21T13:41:02.477Z</time>
      </trkpt>
      <trkpt lat="-7.336564" lon="108.238679">
        <ele>336.246064</ele>
        <time>2026-08-21T13:41:06.524Z</time>
      </trkpt>
      <trkpt lat="-7.336750" lon="108.238848">
        <ele>335.902162</ele>
        <time>2026-08-21T13:41:09.977Z</time>
      </trkpt>
      <trkpt lat="-7.337422" lon="108.239467">
        <ele>334.927136</ele>
        <time>2026-08-21T13:41:22.789Z</time>
      </trkpt>
      <trkpt lat="-7.337671" lon="108.239719">
        <ele>334.603187</ele>
        <time>2026-08-21T13:41:28.076Z</time>
      </trkpt>
      <trkpt lat="-7.338199" lon="108.240255">
        <ele>333.915202</ele>
        <time>2026-08-21T13:41:39.837Z</time>
      </trkpt>
      <trkpt lat="-7.338287" lon="108.240357">
        <ele>333.830655</ele>
        <time>2026-08-21T13:41:42.036Z</time>
      </trkpt>
      <trkpt lat="-7.338481" lon="108.240603">
        <ele>333.831548</ele>
        <time>2026-08-21T13:41:47.237Z</time>
      </trkpt>
      <trkpt lat="-7.338585" lon="108.240740">
        <ele>333.832038</ele>
        <time>2026-08-21T13:41:50.119Z</time>
      </trkpt>
      <trkpt lat="-7.338711" lon="108.240907">
        <ele>333.832635</ele>
        <time>2026-08-21T13:41:53.619Z</time>
      </trkpt>
      <trkpt lat="-7.338631" lon="108.240975">
        <ele>333.832934</ele>
        <time>2026-08-21T13:41:55.393Z</time>
      </trkpt>
      <trkpt lat="-7.338646" lon="108.241075">
        <ele>333.833222</ele>
        <time>2026-08-21T13:41:57.091Z</time>
      </trkpt>
      <trkpt lat="-7.338708" lon="108.241127">
        <ele>333.833453</ele>
        <time>2026-08-21T13:41:58.457Z</time>
      </trkpt>
      <trkpt lat="-7.338788" lon="108.241125">
        <ele>333.833682</ele>
        <time>2026-08-21T13:41:59.829Z</time>
      </trkpt>
      <trkpt lat="-7.338848" lon="108.241071">
        <ele>333.833913</ele>
        <time>2026-08-21T13:42:01.202Z</time>
      </trkpt>
      <trkpt lat="-7.338859" lon="108.241011">
        <ele>333.834086</ele>
        <time>2026-08-21T13:42:02.257Z</time>
      </trkpt>
      <trkpt lat="-7.338887" lon="108.240999">
        <ele>333.834173</ele>
        <time>2026-08-21T13:42:02.781Z</time>
      </trkpt>
      <trkpt lat="-7.338926" lon="108.240980">
        <ele>333.834297</ele>
        <time>2026-08-21T13:42:03.536Z</time>
      </trkpt>
      <trkpt lat="-7.339039" lon="108.240924">
        <ele>333.834658</ele>
        <time>2026-08-21T13:42:05.764Z</time>
      </trkpt>
      <trkpt lat="-7.339442" lon="108.240724">
        <ele>333.885857</ele>
        <time>2026-08-21T13:42:13.911Z</time>
      </trkpt>
      <trkpt lat="-7.340693" lon="108.240106">
        <ele>334.666319</ele>
        <time>2026-08-21T13:42:41.515Z</time>
      </trkpt>
      <trkpt lat="-7.341217" lon="108.239847">
        <ele>335.049692</ele>
        <time>2026-08-21T13:42:53.257Z</time>
      </trkpt>
      <trkpt lat="-7.341323" lon="108.239795">
        <ele>335.140595</ele>
        <time>2026-08-21T13:42:55.654Z</time>
      </trkpt>
      <trkpt lat="-7.341986" lon="108.239490">
        <ele>335.702563</ele>
        <time>2026-08-21T13:43:10.773Z</time>
      </trkpt>
      <trkpt lat="-7.343013" lon="108.238921">
        <ele>336.644092</ele>
        <time>2026-08-21T13:43:35.072Z</time>
      </trkpt>
      <trkpt lat="-7.346038" lon="108.237357">
        <ele>339.815427</ele>
        <time>2026-08-21T13:44:46.785Z</time>
      </trkpt>
      <trkpt lat="-7.346076" lon="108.237336">
        <ele>339.876888</ele>
        <time>2026-08-21T13:44:47.767Z</time>
      </trkpt>
      <trkpt lat="-7.346759" lon="108.237021">
        <ele>340.942137</ele>
        <time>2026-08-21T13:45:05.042Z</time>
      </trkpt>
      <trkpt lat="-7.347859" lon="108.236411">
        <ele>342.909310</ele>
        <time>2026-08-21T13:45:36.506Z</time>
      </trkpt>
      <trkpt lat="-7.348113" lon="108.236271">
        <ele>343.419774</ele>
        <time>2026-08-21T13:45:44.020Z</time>
      </trkpt>
      <trkpt lat="-7.348505" lon="108.236138">
        <ele>344.149120</ele>
        <time>2026-08-21T13:45:54.644Z</time>
      </trkpt>
      <trkpt lat="-7.348719" lon="108.236092">
        <ele>344.534971</ele>
        <time>2026-08-21T13:46:00.155Z</time>
      </trkpt>
      <trkpt lat="-7.349227" lon="108.236042">
        <ele>345.359606</ele>
        <time>2026-08-21T13:46:12.722Z</time>
      </trkpt>
      <trkpt lat="-7.349589" lon="108.236013">
        <ele>345.842918</ele>
        <time>2026-08-21T13:46:21.347Z</time>
      </trkpt>
      <trkpt lat="-7.349604" lon="108.236011">
        <ele>345.863056</ele>
        <time>2026-08-21T13:46:21.702Z</time>
      </trkpt>
      <trkpt lat="-7.349721" lon="108.236005">
        <ele>346.018974</ele>
        <time>2026-08-21T13:46:24.404Z</time>
      </trkpt>
      <trkpt lat="-7.350189" lon="108.235978">
        <ele>346.642864</ele>
        <time>2026-08-21T13:46:35.110Z</time>
      </trkpt>
      <trkpt lat="-7.351735" lon="108.235876">
        <ele>348.288305</ele>
        <time>2026-08-21T13:47:09.199Z</time>
      </trkpt>
      <trkpt lat="-7.351910" lon="108.235865">
        <ele>348.439534</ele>
        <time>2026-08-21T13:47:12.550Z</time>
      </trkpt>
      <trkpt lat="-7.351910" lon="108.235870">
        <ele>348.443811</ele>
        <time>2026-08-21T13:47:12.654Z</time>
      </trkpt>
      <trkpt lat="-7.351945" lon="108.235874">
        <ele>348.474192</ele>
        <time>2026-08-21T13:47:13.408Z</time>
      </trkpt>
      <trkpt lat="-7.351987" lon="108.235882">
        <ele>348.511057</ele>
        <time>2026-08-21T13:47:14.322Z</time>
      </trkpt>
      <trkpt lat="-7.352225" lon="108.235895">
        <ele>348.716631</ele>
        <time>2026-08-21T13:47:19.418Z</time>
      </trkpt>
      <trkpt lat="-7.352263" lon="108.235900">
        <ele>348.749684</ele>
        <time>2026-08-21T13:47:20.238Z</time>
      </trkpt>
      <trkpt lat="-7.352295" lon="108.235907">
        <ele>348.777925</ele>
        <time>2026-08-21T13:47:20.938Z</time>
      </trkpt>
      <trkpt lat="-7.352328" lon="108.235911">
        <ele>348.806593</ele>
        <time>2026-08-21T13:47:21.649Z</time>
      </trkpt>
      <trkpt lat="-7.352361" lon="108.235919">
        <ele>348.835866</ele>
        <time>2026-08-21T13:47:22.375Z</time>
      </trkpt>
      <trkpt lat="-7.352454" lon="108.235975">
        <ele>348.929293</ele>
        <time>2026-08-21T13:47:24.691Z</time>
      </trkpt>
      <trkpt lat="-7.352479" lon="108.235996">
        <ele>348.957357</ele>
        <time>2026-08-21T13:47:25.387Z</time>
      </trkpt>
      <trkpt lat="-7.352542" lon="108.236013">
        <ele>349.013606</ele>
        <time>2026-08-21T13:47:26.782Z</time>
      </trkpt>
      <trkpt lat="-7.352577" lon="108.236015">
        <ele>349.043842</ele>
        <time>2026-08-21T13:47:27.531Z</time>
      </trkpt>
      <trkpt lat="-7.352611" lon="108.236005">
        <ele>349.073622</ele>
        <time>2026-08-21T13:47:28.288Z</time>
      </trkpt>
      <trkpt lat="-7.352646" lon="108.235992">
        <ele>349.091793</ele>
        <time>2026-08-21T13:47:29.086Z</time>
      </trkpt>
      <trkpt lat="-7.352678" lon="108.235984">
        <ele>349.107854</ele>
        <time>2026-08-21T13:47:29.791Z</time>
      </trkpt>
      <trkpt lat="-7.352706" lon="108.235980">
        <ele>349.121631</ele>
        <time>2026-08-21T13:47:30.396Z</time>
      </trkpt>
      <trkpt lat="-7.352744" lon="108.235983">
        <ele>349.140200</ele>
        <time>2026-08-21T13:47:31.211Z</time>
      </trkpt>
      <trkpt lat="-7.352755" lon="108.235981">
        <ele>349.145645</ele>
        <time>2026-08-21T13:47:31.450Z</time>
      </trkpt>
      <trkpt lat="-7.352810" lon="108.235944">
        <ele>349.177855</ele>
        <time>2026-08-21T13:47:32.864Z</time>
      </trkpt>
      <trkpt lat="-7.352842" lon="108.235927">
        <ele>349.195475</ele>
        <time>2026-08-21T13:47:33.637Z</time>
      </trkpt>
      <trkpt lat="-7.352880" lon="108.235914">
        <ele>349.215024</ele>
        <time>2026-08-21T13:47:34.495Z</time>
      </trkpt>
      <trkpt lat="-7.352911" lon="108.235901">
        <ele>349.231380</ele>
        <time>2026-08-21T13:47:35.213Z</time>
      </trkpt>
      <trkpt lat="-7.352938" lon="108.235884">
        <ele>349.246887</ele>
        <time>2026-08-21T13:47:35.894Z</time>
      </trkpt>
      <trkpt lat="-7.352965" lon="108.235873">
        <ele>349.261073</ele>
        <time>2026-08-21T13:47:36.517Z</time>
      </trkpt>
      <trkpt lat="-7.352996" lon="108.235855">
        <ele>349.278500</ele>
        <time>2026-08-21T13:47:37.282Z</time>
      </trkpt>
      <trkpt lat="-7.353078" lon="108.235829">
        <ele>349.320376</ele>
        <time>2026-08-21T13:47:39.120Z</time>
      </trkpt>
      <trkpt lat="-7.353112" lon="108.235819">
        <ele>349.337630</ele>
        <time>2026-08-21T13:47:39.877Z</time>
      </trkpt>
      <trkpt lat="-7.353150" lon="108.235814">
        <ele>349.356299</ele>
        <time>2026-08-21T13:47:40.697Z</time>
      </trkpt>
      <trkpt lat="-7.353189" lon="108.235816">
        <ele>349.375322</ele>
        <time>2026-08-21T13:47:41.532Z</time>
      </trkpt>
      <trkpt lat="-7.353231" lon="108.235822">
        <ele>349.395987</ele>
        <time>2026-08-21T13:47:42.439Z</time>
      </trkpt>
      <trkpt lat="-7.353228" lon="108.235779">
        <ele>349.416814</ele>
        <time>2026-08-21T13:47:43.353Z</time>
      </trkpt>
      <trkpt lat="-7.354877" lon="108.235652">
        <ele>349.891330</ele>
        <time>2026-08-21T13:48:14.891Z</time>
      </trkpt>
      <trkpt lat="-7.355243" lon="108.235644">
        <ele>349.853839</ele>
        <time>2026-08-21T13:48:21.055Z</time>
      </trkpt>
      <trkpt lat="-7.355694" lon="108.235613">
        <ele>349.807544</ele>
        <time>2026-08-21T13:48:28.426Z</time>
      </trkpt>
      <trkpt lat="-7.356169" lon="108.235589">
        <ele>349.727426</ele>
        <time>2026-08-21T13:48:35.899Z</time>
      </trkpt>
      <trkpt lat="-7.356499" lon="108.235615">
        <ele>349.510354</ele>
        <time>2026-08-21T13:48:40.897Z</time>
      </trkpt>
      <trkpt lat="-7.357116" lon="108.235805">
        <ele>349.087278</ele>
        <time>2026-08-21T13:48:50.738Z</time>
      </trkpt>
      <trkpt lat="-7.357476" lon="108.235941">
        <ele>348.835166</ele>
        <time>2026-08-21T13:48:56.687Z</time>
      </trkpt>
      <trkpt lat="-7.359216" lon="108.236556">
        <ele>347.768833</ele>
        <time>2026-08-21T13:49:26.365Z</time>
      </trkpt>
      <trkpt lat="-7.359451" lon="108.236642">
        <ele>347.629300</ele>
        <time>2026-08-21T13:49:30.184Z</time>
      </trkpt>
      <trkpt lat="-7.360705" lon="108.237037">
        <ele>346.544478</ele>
        <time>2026-08-21T13:49:49.312Z</time>
      </trkpt>
      <trkpt lat="-7.361067" lon="108.237150">
        <ele>346.224450</ele>
        <time>2026-08-21T13:49:54.953Z</time>
      </trkpt>
      <trkpt lat="-7.363466" lon="108.237934">
        <ele>346.604010</ele>
        <time>2026-08-21T13:50:39.743Z</time>
      </trkpt>
      <trkpt lat="-7.364077" lon="108.238135">
        <ele>347.110889</ele>
        <time>2026-08-21T13:50:54.443Z</time>
      </trkpt>
      <trkpt lat="-7.364235" lon="108.238175">
        <ele>347.239368</ele>
        <time>2026-08-21T13:50:58.105Z</time>
      </trkpt>
      <trkpt lat="-7.364358" lon="108.238194">
        <ele>347.337507</ele>
        <time>2026-08-21T13:51:00.878Z</time>
      </trkpt>
      <trkpt lat="-7.364657" lon="108.238198">
        <ele>347.573342</ele>
        <time>2026-08-21T13:51:07.485Z</time>
      </trkpt>
      <trkpt lat="-7.364903" lon="108.238138">
        <ele>347.652416</ele>
        <time>2026-08-21T13:51:12.702Z</time>
      </trkpt>
      <trkpt lat="-7.365586" lon="108.237948">
        <ele>347.813360</ele>
        <time>2026-08-21T13:51:25.449Z</time>
      </trkpt>
      <trkpt lat="-7.367464" lon="108.237266">
        <ele>348.146726</ele>
        <time>2026-08-21T13:51:59.023Z</time>
      </trkpt>
      <trkpt lat="-7.370056" lon="108.236334">
        <ele>349.319284</ele>
        <time>2026-08-21T13:52:51.971Z</time>
      </trkpt>
      <trkpt lat="-7.370717" lon="108.236097">
        <ele>350.006462</ele>
        <time>2026-08-21T13:53:05.247Z</time>
      </trkpt>
      <trkpt lat="-7.370977" lon="108.236003">
        <ele>350.277013</ele>
        <time>2026-08-21T13:53:10.920Z</time>
      </trkpt>
      <trkpt lat="-7.371246" lon="108.235907">
        <ele>350.556520</ele>
        <time>2026-08-21T13:53:17.331Z</time>
      </trkpt>
      <trkpt lat="-7.371828" lon="108.235707">
        <ele>351.710548</ele>
        <time>2026-08-21T13:53:34.154Z</time>
      </trkpt>
      <trkpt lat="-7.372053" lon="108.235553">
        <ele>352.400122</ele>
        <time>2026-08-21T13:53:42.699Z</time>
      </trkpt>
      <trkpt lat="-7.372276" lon="108.235356">
        <ele>353.151923</ele>
        <time>2026-08-21T13:53:52.222Z</time>
      </trkpt>
      <trkpt lat="-7.372384" lon="108.235172">
        <ele>353.689618</ele>
        <time>2026-08-21T13:53:58.979Z</time>
      </trkpt>
      <trkpt lat="-7.372570" lon="108.234768">
        <ele>354.809743</ele>
        <time>2026-08-21T13:54:12.366Z</time>
      </trkpt>
      <trkpt lat="-7.372826" lon="108.234099">
        <ele>355.541283</ele>
        <time>2026-08-21T13:54:30.045Z</time>
      </trkpt>
      <trkpt lat="-7.372897" lon="108.233913">
        <ele>355.609483</ele>
        <time>2026-08-21T13:54:33.701Z</time>
      </trkpt>
      <trkpt lat="-7.372952" lon="108.233763">
        <ele>355.664209</ele>
        <time>2026-08-21T13:54:36.302Z</time>
      </trkpt>
      <trkpt lat="-7.372965" lon="108.233722">
        <ele>355.678939</ele>
        <time>2026-08-21T13:54:36.950Z</time>
      </trkpt>
      <trkpt lat="-7.373055" lon="108.233355">
        <ele>355.808308</ele>
        <time>2026-08-21T13:54:42.732Z</time>
      </trkpt>
      <trkpt lat="-7.373114" lon="108.232594">
        <ele>356.274759</ele>
        <time>2026-08-21T13:54:54.625Z</time>
      </trkpt>
      <trkpt lat="-7.373146" lon="108.232564">
        <ele>356.330330</ele>
        <time>2026-08-21T13:54:55.329Z</time>
      </trkpt>
      <trkpt lat="-7.373545" lon="108.232675">
        <ele>356.856737</ele>
        <time>2026-08-21T13:55:02.475Z</time>
      </trkpt>
      <trkpt lat="-7.373684" lon="108.232714">
        <ele>357.040234</ele>
        <time>2026-08-21T13:55:05.440Z</time>
      </trkpt>
      <trkpt lat="-7.374391" lon="108.232909">
        <ele>357.972428</ele>
        <time>2026-08-21T13:55:24.572Z</time>
      </trkpt>
      <trkpt lat="-7.375181" lon="108.233128">
        <ele>360.360986</ele>
        <time>2026-08-21T13:55:50.351Z</time>
      </trkpt>
      <trkpt lat="-7.375237" lon="108.233141">
        <ele>360.568180</ele>
        <time>2026-08-21T13:55:52.283Z</time>
      </trkpt>
      <trkpt lat="-7.376029" lon="108.233361">
        <ele>363.530161</ele>
        <time>2026-08-21T13:56:21.365Z</time>
      </trkpt>
      <trkpt lat="-7.376423" lon="108.233419">
        <ele>364.935425</ele>
        <time>2026-08-21T13:56:35.138Z</time>
      </trkpt>
      <trkpt lat="-7.376829" lon="108.233496">
        <ele>366.198711</ele>
        <time>2026-08-21T13:56:49.114Z</time>
      </trkpt>
      <trkpt lat="-7.377435" lon="108.233621">
        <ele>368.090189</ele>
        <time>2026-08-21T13:57:09.227Z</time>
      </trkpt>
      <trkpt lat="-7.379010" lon="108.233723">
        <ele>371.306221</ele>
        <time>2026-08-21T13:57:52.046Z</time>
      </trkpt>
      <trkpt lat="-7.379272" lon="108.233739">
        <ele>371.621274</ele>
        <time>2026-08-21T13:57:57.638Z</time>
      </trkpt>
      <trkpt lat="-7.380500" lon="108.233807">
        <ele>372.154251</ele>
        <time>2026-08-21T13:58:18.885Z</time>
      </trkpt>
      <trkpt lat="-7.380872" lon="108.233843">
        <ele>371.973878</ele>
        <time>2026-08-21T13:58:24.709Z</time>
      </trkpt>
      <trkpt lat="-7.381453" lon="108.233833">
        <ele>371.693415</ele>
        <time>2026-08-21T13:58:33.578Z</time>
      </trkpt>
      <trkpt lat="-7.381536" lon="108.233830">
        <ele>371.653329</ele>
        <time>2026-08-21T13:58:34.836Z</time>
      </trkpt>
      <trkpt lat="-7.381819" lon="108.233820">
        <ele>371.530991</ele>
        <time>2026-08-21T13:58:39.097Z</time>
      </trkpt>
      <trkpt lat="-7.381934" lon="108.233826">
        <ele>371.495344</ele>
        <time>2026-08-21T13:58:40.839Z</time>
      </trkpt>
      <trkpt lat="-7.382095" lon="108.233832">
        <ele>371.445470</ele>
        <time>2026-08-21T13:58:43.261Z</time>
      </trkpt>
      <trkpt lat="-7.382393" lon="108.233833">
        <ele>371.353221</ele>
        <time>2026-08-21T13:58:47.814Z</time>
      </trkpt>
      <trkpt lat="-7.382919" lon="108.233820">
        <ele>371.190343</ele>
        <time>2026-08-21T13:58:56.054Z</time>
      </trkpt>
      <trkpt lat="-7.383953" lon="108.233772">
        <ele>371.467226</ele>
        <time>2026-08-21T13:59:15.377Z</time>
      </trkpt>
      <trkpt lat="-7.384530" lon="108.233660">
        <ele>372.121579</ele>
        <time>2026-08-21T13:59:28.513Z</time>
      </trkpt>
      <trkpt lat="-7.384971" lon="108.233572">
        <ele>372.622207</ele>
        <time>2026-08-21T13:59:39.243Z</time>
      </trkpt>
      <trkpt lat="-7.385191" lon="108.233509">
        <ele>372.876890</ele>
        <time>2026-08-21T13:59:44.964Z</time>
      </trkpt>
      <trkpt lat="-7.385523" lon="108.233412">
        <ele>373.333533</ele>
        <time>2026-08-21T13:59:53.597Z</time>
      </trkpt>
      <trkpt lat="-7.386043" lon="108.233271">
        <ele>374.099236</ele>
        <time>2026-08-21T14:00:06.590Z</time>
      </trkpt>
      <trkpt lat="-7.386542" lon="108.233098">
        <ele>374.849579</ele>
        <time>2026-08-21T14:00:18.764Z</time>
      </trkpt>
      <trkpt lat="-7.386608" lon="108.233075">
        <ele>374.948877</ele>
        <time>2026-08-21T14:00:20.403Z</time>
      </trkpt>
      <trkpt lat="-7.386759" lon="108.233023">
        <ele>375.175774</ele>
        <time>2026-08-21T14:00:24.078Z</time>
      </trkpt>
      <trkpt lat="-7.387678" lon="108.232828">
        <ele>376.403351</ele>
        <time>2026-08-21T14:00:44.565Z</time>
      </trkpt>
      <trkpt lat="-7.388357" lon="108.232744">
        <ele>377.265767</ele>
        <time>2026-08-21T14:00:59.570Z</time>
      </trkpt>
      <trkpt lat="-7.388827" lon="108.232727">
        <ele>377.878260</ele>
        <time>2026-08-21T14:01:10.942Z</time>
      </trkpt>
      <trkpt lat="-7.388918" lon="108.232726">
        <ele>378.066295</ele>
        <time>2026-08-21T14:01:13.240Z</time>
      </trkpt>
      <trkpt lat="-7.389491" lon="108.232703">
        <ele>379.251167</ele>
        <time>2026-08-21T14:01:28.696Z</time>
      </trkpt>
      <trkpt lat="-7.390301" lon="108.232729">
        <ele>380.925638</ele>
        <time>2026-08-21T14:01:51.550Z</time>
      </trkpt>
      <trkpt lat="-7.390529" lon="108.232750">
        <ele>381.398694</ele>
        <time>2026-08-21T14:01:57.627Z</time>
      </trkpt>
      <trkpt lat="-7.390852" lon="108.232835">
        <ele>381.855805</ele>
        <time>2026-08-21T14:02:05.948Z</time>
      </trkpt>
      <trkpt lat="-7.391344" lon="108.233080">
        <ele>382.504816</ele>
        <time>2026-08-21T14:02:18.101Z</time>
      </trkpt>
      <trkpt lat="-7.391738" lon="108.233355">
        <ele>383.071570</ele>
        <time>2026-08-21T14:02:27.467Z</time>
      </trkpt>
      <trkpt lat="-7.392049" lon="108.233534">
        <ele>383.495113</ele>
        <time>2026-08-21T14:02:34.583Z</time>
      </trkpt>
      <trkpt lat="-7.392632" lon="108.233797">
        <ele>384.736861</ele>
        <time>2026-08-21T14:02:49.358Z</time>
      </trkpt>
      <trkpt lat="-7.392913" lon="108.233890">
        <ele>385.380590</ele>
        <time>2026-08-21T14:02:57.324Z</time>
      </trkpt>
      <trkpt lat="-7.393467" lon="108.234015">
        <ele>386.616253</ele>
        <time>2026-08-21T14:03:13.758Z</time>
      </trkpt>
      <trkpt lat="-7.393965" lon="108.234090">
        <ele>387.717628</ele>
        <time>2026-08-21T14:03:29.376Z</time>
      </trkpt>
      <trkpt lat="-7.394623" lon="108.233989">
        <ele>389.228636</ele>
        <time>2026-08-21T14:03:48.563Z</time>
      </trkpt>
      <trkpt lat="-7.394828" lon="108.234020">
        <ele>389.699233</ele>
        <time>2026-08-21T14:03:54.085Z</time>
      </trkpt>
      <trkpt lat="-7.394915" lon="108.234063">
        <ele>389.919191</ele>
        <time>2026-08-21T14:03:56.661Z</time>
      </trkpt>
      <trkpt lat="-7.395116" lon="108.234159">
        <ele>390.424099</ele>
        <time>2026-08-21T14:04:02.442Z</time>
      </trkpt>
      <trkpt lat="-7.395362" lon="108.234294">
        <ele>391.059918</ele>
        <time>2026-08-21T14:04:09.777Z</time>
      </trkpt>
      <trkpt lat="-7.395842" lon="108.234449">
        <ele>392.036995</ele>
        <time>2026-08-21T14:04:22.633Z</time>
      </trkpt>
      <trkpt lat="-7.395920" lon="108.234461">
        <ele>392.160071</ele>
        <time>2026-08-21T14:04:24.554Z</time>
      </trkpt>
      <trkpt lat="-7.396181" lon="108.234441">
        <ele>392.568364</ele>
        <time>2026-08-21T14:04:30.667Z</time>
      </trkpt>
      <trkpt lat="-7.396475" lon="108.234334">
        <ele>393.055912</ele>
        <time>2026-08-21T14:04:38.003Z</time>
      </trkpt>
      <trkpt lat="-7.397214" lon="108.233991">
        <ele>394.324881</ele>
        <time>2026-08-21T14:04:58.347Z</time>
      </trkpt>
      <trkpt lat="-7.397455" lon="108.233957">
        <ele>394.615067</ele>
        <time>2026-08-21T14:05:03.652Z</time>
      </trkpt>
      <trkpt lat="-7.397595" lon="108.233972">
        <ele>394.748892</ele>
        <time>2026-08-21T14:05:06.506Z</time>
      </trkpt>
      <trkpt lat="-7.397652" lon="108.234004">
        <ele>394.810904</ele>
        <time>2026-08-21T14:05:07.862Z</time>
      </trkpt>
      <trkpt lat="-7.398019" lon="108.234458">
        <ele>395.363028</ele>
        <time>2026-08-21T14:05:20.762Z</time>
      </trkpt>
      <trkpt lat="-7.398185" lon="108.234590">
        <ele>395.563976</ele>
        <time>2026-08-21T14:05:25.385Z</time>
      </trkpt>
      <trkpt lat="-7.398252" lon="108.234614">
        <ele>395.631561</ele>
        <time>2026-08-21T14:05:26.961Z</time>
      </trkpt>
      <trkpt lat="-7.398431" lon="108.234613">
        <ele>395.801711</ele>
        <time>2026-08-21T14:05:30.678Z</time>
      </trkpt>
      <trkpt lat="-7.398602" lon="108.234578">
        <ele>395.967568</ele>
        <time>2026-08-21T14:05:33.981Z</time>
      </trkpt>
      <trkpt lat="-7.398671" lon="108.234561">
        <ele>396.035085</ele>
        <time>2026-08-21T14:05:35.242Z</time>
      </trkpt>
      <trkpt lat="-7.398849" lon="108.234472">
        <ele>396.225918</ele>
        <time>2026-08-21T14:05:38.849Z</time>
      </trkpt>
      <trkpt lat="-7.398952" lon="108.234390">
        <ele>396.357046</ele>
        <time>2026-08-21T14:05:41.244Z</time>
      </trkpt>
      <trkpt lat="-7.398977" lon="108.234422">
        <ele>396.397413</ele>
        <time>2026-08-21T14:05:42.098Z</time>
      </trkpt>
      <trkpt lat="-7.398912" lon="108.234435">
        <ele>396.463627</ele>
        <time>2026-08-21T14:05:43.515Z</time>
      </trkpt>
      <trkpt lat="-7.398865" lon="108.234442">
        <ele>396.511100</ele>
        <time>2026-08-21T14:05:44.531Z</time>
      </trkpt>
      <trkpt lat="-7.398811" lon="108.234444">
        <ele>396.565094</ele>
        <time>2026-08-21T14:05:45.686Z</time>
      </trkpt>
      <trkpt lat="-7.398758" lon="108.234443">
        <ele>396.618062</ele>
        <time>2026-08-21T14:05:46.820Z</time>
      </trkpt>
      <trkpt lat="-7.398701" lon="108.234438">
        <ele>396.675233</ele>
        <time>2026-08-21T14:05:48.043Z</time>
      </trkpt>
      <trkpt lat="-7.398615" lon="108.234417">
        <ele>396.763649</ele>
        <time>2026-08-21T14:05:49.935Z</time>
      </trkpt>
      <trkpt lat="-7.398579" lon="108.234416">
        <ele>396.799634</ele>
        <time>2026-08-21T14:05:50.706Z</time>
      </trkpt>
      <trkpt lat="-7.398536" lon="108.234427">
        <ele>396.843962</ele>
        <time>2026-08-21T14:05:51.654Z</time>
      </trkpt>
      <trkpt lat="-7.398535" lon="108.234451">
        <ele>396.867764</ele>
        <time>2026-08-21T14:05:52.164Z</time>
      </trkpt>
      <trkpt lat="-7.398543" lon="108.234486">
        <ele>396.903355</ele>
        <time>2026-08-21T14:05:52.926Z</time>
      </trkpt>
      <trkpt lat="-7.398545" lon="108.234502">
        <ele>396.919335</ele>
        <time>2026-08-21T14:05:53.268Z</time>
      </trkpt>
      <trkpt lat="-7.398544" lon="108.234501">
        <ele>396.920742</ele>
        <time>2026-08-21T14:05:53.298Z</time>
      </trkpt>
      <trkpt lat="-7.398546" lon="108.234499">
        <ele>396.923557</ele>
        <time>2026-08-21T14:05:53.358Z</time>
      </trkpt>
      <trkpt lat="-7.398545" lon="108.234500">
        <ele>396.924964</ele>
        <time>2026-08-21T14:05:53.388Z</time>
      </trkpt>
      <trkpt lat="-7.398546" lon="108.234499">
        <ele>396.926371</ele>
        <time>2026-08-21T14:05:53.418Z</time>
      </trkpt>
      <trkpt lat="-7.398543" lon="108.234499">
        <ele>396.929369</ele>
        <time>2026-08-21T14:05:53.482Z</time>
      </trkpt>
      <trkpt lat="-7.398537" lon="108.234495">
        <ele>396.936556</ele>
        <time>2026-08-21T14:05:53.636Z</time>
      </trkpt>
      <trkpt lat="-7.398536" lon="108.234492">
        <ele>396.939692</ele>
        <time>2026-08-21T14:05:53.703Z</time>
      </trkpt>
      <trkpt lat="-7.398537" lon="108.234485">
        <ele>396.946700</ele>
        <time>2026-08-21T14:05:53.853Z</time>
      </trkpt>
      <trkpt lat="-7.398541" lon="108.234483">
        <ele>396.951161</ele>
        <time>2026-08-21T14:05:53.949Z</time>
      </trkpt>
      <trkpt lat="-7.398548" lon="108.234483">
        <ele>396.958156</ele>
        <time>2026-08-21T14:05:54.098Z</time>
      </trkpt>
      <trkpt lat="-7.398610" lon="108.234493">
        <ele>397.020895</ele>
        <time>2026-08-21T14:05:55.441Z</time>
      </trkpt>
      <trkpt lat="-7.398663" lon="108.234493">
        <ele>397.073853</ele>
        <time>2026-08-21T14:05:56.575Z</time>
      </trkpt>
      <trkpt lat="-7.398671" lon="108.234561">
        <ele>397.141707</ele>
        <time>2026-08-21T14:05:58.018Z</time>
      </trkpt>
      <trkpt lat="-7.398777" lon="108.234596">
        <ele>397.253158</ele>
        <time>2026-08-21T14:06:00.989Z</time>
      </trkpt>
      <trkpt lat="-7.398871" lon="108.234574">
        <ele>397.349581</ele>
        <time>2026-08-21T14:06:03.352Z</time>
      </trkpt>
      <trkpt lat="-7.399187" lon="108.234357">
        <ele>397.731596</ele>
        <time>2026-08-21T14:06:11.893Z</time>
      </trkpt>
      <trkpt lat="-7.399088" lon="108.234210">
        <ele>397.907673</ele>
        <time>2026-08-21T14:06:15.659Z</time>
      </trkpt>
      <trkpt lat="-7.399136" lon="108.234170">
        <ele>397.969894</ele>
        <time>2026-08-21T14:06:16.990Z</time>
      </trkpt>
      <trkpt lat="-7.399179" lon="108.234137">
        <ele>398.035057</ele>
        <time>2026-08-21T14:06:18.146Z</time>
      </trkpt>
      <trkpt lat="-7.399225" lon="108.234121">
        <ele>398.096808</ele>
        <time>2026-08-21T14:06:19.186Z</time>
      </trkpt>
      <trkpt lat="-7.399257" lon="108.234125">
        <ele>398.137728</ele>
        <time>2026-08-21T14:06:19.876Z</time>
      </trkpt>
      <trkpt lat="-7.399293" lon="108.234140">
        <ele>398.187160</ele>
        <time>2026-08-21T14:06:20.709Z</time>
      </trkpt>
      <trkpt lat="-7.399326" lon="108.234170">
        <ele>398.243544</ele>
        <time>2026-08-21T14:06:21.659Z</time>
      </trkpt>
      <trkpt lat="-7.399351" lon="108.234223">
        <ele>398.317404</ele>
        <time>2026-08-21T14:06:22.904Z</time>
      </trkpt>
      <trkpt lat="-7.399379" lon="108.234289">
        <ele>398.407745</ele>
        <time>2026-08-21T14:06:24.426Z</time>
      </trkpt>
      <trkpt lat="-7.399402" lon="108.234351">
        <ele>398.491051</ele>
        <time>2026-08-21T14:06:25.830Z</time>
      </trkpt>
      <trkpt lat="-7.399423" lon="108.234509">
        <ele>398.691668</ele>
        <time>2026-08-21T14:06:29.211Z</time>
      </trkpt>
      <trkpt lat="-7.399441" lon="108.234590">
        <ele>398.796132</ele>
        <time>2026-08-21T14:06:30.971Z</time>
      </trkpt>
      <trkpt lat="-7.399546" lon="108.234505">
        <ele>398.967007</ele>
        <time>2026-08-21T14:06:33.855Z</time>
      </trkpt>
      <trkpt lat="-7.399715" lon="108.234718">
        <ele>399.310300</ele>
        <time>2026-08-21T14:06:40.857Z</time>
      </trkpt>
      <trkpt lat="-7.399979" lon="108.234958">
        <ele>399.761373</ele>
        <time>2026-08-21T14:06:49.385Z</time>
      </trkpt>
      <trkpt lat="-7.400034" lon="108.235039">
        <ele>399.884915</ele>
        <time>2026-08-21T14:06:51.945Z</time>
      </trkpt>
      <trkpt lat="-7.399967" lon="108.235086">
        <ele>399.988491</ele>
        <time>2026-08-21T14:06:53.697Z</time>
      </trkpt>
      <trkpt lat="-7.400012" lon="108.235135">
        <ele>400.072537</ele>
        <time>2026-08-21T14:06:55.114Z</time>
      </trkpt>
      <trkpt lat="-7.400061" lon="108.235202">
        <ele>400.177305</ele>
        <time>2026-08-21T14:06:56.879Z</time>
      </trkpt>
      <trkpt lat="-7.400097" lon="108.235271">
        <ele>400.279403</ele>
        <time>2026-08-21T14:06:58.533Z</time>
      </trkpt>
      <trkpt lat="-7.400122" lon="108.235334">
        <ele>400.397653</ele>
        <time>2026-08-21T14:06:59.972Z</time>
      </trkpt>
      <trkpt lat="-7.400140" lon="108.235393">
        <ele>400.505224</ele>
        <time>2026-08-21T14:07:01.281Z</time>
      </trkpt>
      <trkpt lat="-7.400160" lon="108.235447">
        <ele>400.605675</ele>
        <time>2026-08-21T14:07:02.504Z</time>
      </trkpt>
      <trkpt lat="-7.400185" lon="108.235494">
        <ele>400.698617</ele>
        <time>2026-08-21T14:07:03.635Z</time>
      </trkpt>
      <trkpt lat="-7.400216" lon="108.235531">
        <ele>400.783026</ele>
        <time>2026-08-21T14:07:04.662Z</time>
      </trkpt>
      <trkpt lat="-7.400267" lon="108.235549">
        <ele>400.877978</ele>
        <time>2026-08-21T14:07:05.818Z</time>
      </trkpt>
      <trkpt lat="-7.400320" lon="108.235549">
        <ele>400.971113</ele>
        <time>2026-08-21T14:07:06.951Z</time>
      </trkpt>
      <trkpt lat="-7.400369" lon="108.235534">
        <ele>401.061100</ele>
        <time>2026-08-21T14:07:08.046Z</time>
      </trkpt>
      <trkpt lat="-7.400449" lon="108.235497">
        <ele>401.215763</ele>
        <time>2026-08-21T14:07:09.928Z</time>
      </trkpt>
      <trkpt lat="-7.400498" lon="108.235469">
        <ele>401.314733</ele>
        <time>2026-08-21T14:07:11.133Z</time>
      </trkpt>
      <trkpt lat="-7.400526" lon="108.235464">
        <ele>401.364702</ele>
        <time>2026-08-21T14:07:11.741Z</time>
      </trkpt>
      <trkpt lat="-7.400562" lon="108.235467">
        <ele>401.428180</ele>
        <time>2026-08-21T14:07:12.514Z</time>
      </trkpt>
      <trkpt lat="-7.400600" lon="108.235479">
        <ele>401.498154</ele>
        <time>2026-08-21T14:07:13.365Z</time>
      </trkpt>
      <trkpt lat="-7.400635" lon="108.235505">
        <ele>401.574545</ele>
        <time>2026-08-21T14:07:14.295Z</time>
      </trkpt>
      <trkpt lat="-7.400696" lon="108.235562">
        <ele>401.720685</ele>
        <time>2026-08-21T14:07:16.073Z</time>
      </trkpt>
      <trkpt lat="-7.400718" lon="108.235586">
        <ele>401.777639</ele>
        <time>2026-08-21T14:07:16.767Z</time>
      </trkpt>
      <trkpt lat="-7.400744" lon="108.235606">
        <ele>401.835104</ele>
        <time>2026-08-21T14:07:17.466Z</time>
      </trkpt>
      <trkpt lat="-7.400799" lon="108.235635">
        <ele>401.944169</ele>
        <time>2026-08-21T14:07:18.793Z</time>
      </trkpt>
      <trkpt lat="-7.400864" lon="108.235681">
        <ele>402.083713</ele>
        <time>2026-08-21T14:07:20.492Z</time>
      </trkpt>
      <trkpt lat="-7.400899" lon="108.235701">
        <ele>402.154406</ele>
        <time>2026-08-21T14:07:21.352Z</time>
      </trkpt>
      <trkpt lat="-7.400967" lon="108.235730">
        <ele>402.284148</ele>
        <time>2026-08-21T14:07:22.931Z</time>
      </trkpt>
      <trkpt lat="-7.400996" lon="108.235748">
        <ele>402.343989</ele>
        <time>2026-08-21T14:07:23.659Z</time>
      </trkpt>
      <trkpt lat="-7.401020" lon="108.235677">
        <ele>402.474706</ele>
        <time>2026-08-21T14:07:25.247Z</time>
      </trkpt>
      <trkpt lat="-7.401283" lon="108.235768">
        <ele>402.963318</ele>
        <time>2026-08-21T14:07:32.842Z</time>
      </trkpt>
      <trkpt lat="-7.401506" lon="108.235893">
        <ele>403.411662</ele>
        <time>2026-08-21T14:07:40.016Z</time>
      </trkpt>
      <trkpt lat="-7.401668" lon="108.236014">
        <ele>403.984000</ele>
        <time>2026-08-21T14:07:45.927Z</time>
      </trkpt>
      <trkpt lat="-7.401896" lon="108.236439">
        <ele>405.365906</ele>
        <time>2026-08-21T14:08:00.858Z</time>
      </trkpt>
      <trkpt lat="-7.401961" lon="108.236516">
        <ele>405.655097</ele>
        <time>2026-08-21T14:08:04.202Z</time>
      </trkpt>
      <trkpt lat="-7.402202" lon="108.236694">
        <ele>406.516605</ele>
        <time>2026-08-21T14:08:14.352Z</time>
      </trkpt>
      <trkpt lat="-7.402475" lon="108.236842">
        <ele>407.410475</ele>
        <time>2026-08-21T14:08:25.342Z</time>
      </trkpt>
      <trkpt lat="-7.402782" lon="108.237344">
        <ele>408.891362</ele>
        <time>2026-08-21T14:08:46.403Z</time>
      </trkpt>
      <trkpt lat="-7.402833" lon="108.237396">
        <ele>409.011627</ele>
        <time>2026-08-21T14:08:48.944Z</time>
      </trkpt>
      <trkpt lat="-7.402973" lon="108.237437">
        <ele>409.253370</ele>
        <time>2026-08-21T14:08:53.989Z</time>
      </trkpt>
      <trkpt lat="-7.403065" lon="108.237400">
        <ele>409.417611</ele>
        <time>2026-08-21T14:08:57.394Z</time>
      </trkpt>
      <trkpt lat="-7.403700" lon="108.237057">
        <ele>410.612130</ele>
        <time>2026-08-21T14:09:19.448Z</time>
      </trkpt>
      <trkpt lat="-7.403754" lon="108.237031">
        <ele>410.711358</ele>
        <time>2026-08-21T14:09:20.967Z</time>
      </trkpt>
      <trkpt lat="-7.403816" lon="108.237037">
        <ele>410.814640</ele>
        <time>2026-08-21T14:09:22.554Z</time>
      </trkpt>
      <trkpt lat="-7.404359" lon="108.237338">
        <ele>411.073939</ele>
        <time>2026-08-21T14:09:34.490Z</time>
      </trkpt>
      <trkpt lat="-7.404573" lon="108.237582">
        <ele>409.941452</ele>
        <time>2026-08-21T14:09:39.538Z</time>
      </trkpt>
      <trkpt lat="-7.404788" lon="108.237696">
        <ele>409.089831</ele>
        <time>2026-08-21T14:09:43.070Z</time>
      </trkpt>
      <trkpt lat="-7.404925" lon="108.237869">
        <ele>408.320117</ele>
        <time>2026-08-21T14:09:46.183Z</time>
      </trkpt>
      <trkpt lat="-7.405271" lon="108.238453">
        <ele>405.954971</ele>
        <time>2026-08-21T14:09:55.459Z</time>
      </trkpt>
      <trkpt lat="-7.405339" lon="108.238469">
        <ele>405.710165</ele>
        <time>2026-08-21T14:09:56.420Z</time>
      </trkpt>
      <trkpt lat="-7.405694" lon="108.238453">
        <ele>405.199868</ele>
        <time>2026-08-21T14:10:01.462Z</time>
      </trkpt>
      <trkpt lat="-7.405771" lon="108.238485">
        <ele>405.168130</ele>
        <time>2026-08-21T14:10:02.691Z</time>
      </trkpt>
      <trkpt lat="-7.405892" lon="108.238593">
        <ele>405.106550</ele>
        <time>2026-08-21T14:10:05.162Z</time>
      </trkpt>
      <trkpt lat="-7.405990" lon="108.238724">
        <ele>405.044538</ele>
        <time>2026-08-21T14:10:07.783Z</time>
      </trkpt>
      <trkpt lat="-7.406032" lon="108.238842">
        <ele>404.997159</ele>
        <time>2026-08-21T14:10:09.943Z</time>
      </trkpt>
      <trkpt lat="-7.406098" lon="108.239029">
        <ele>404.922148</ele>
        <time>2026-08-21T14:10:13.708Z</time>
      </trkpt>
      <trkpt lat="-7.406093" lon="108.239281">
        <ele>404.826897</ele>
        <time>2026-08-21T14:10:19.718Z</time>
      </trkpt>
      <trkpt lat="-7.405953" lon="108.239601">
        <ele>404.694720</ele>
        <time>2026-08-21T14:10:30.308Z</time>
      </trkpt>
      <trkpt lat="-7.405931" lon="108.239708">
        <ele>404.653424</ele>
        <time>2026-08-21T14:10:33.880Z</time>
      </trkpt>
      <trkpt lat="-7.406069" lon="108.240381">
        <ele>405.146272</ele>
        <time>2026-08-21T14:10:58.218Z</time>
      </trkpt>
      <trkpt lat="-7.406106" lon="108.240563">
        <ele>405.327164</ele>
        <time>2026-08-21T14:11:04.198Z</time>
      </trkpt>
      <trkpt lat="-7.406114" lon="108.240600">
        <ele>405.364036</ele>
        <time>2026-08-21T14:11:05.263Z</time>
      </trkpt>
      <trkpt lat="-7.406124" lon="108.240648">
        <ele>405.411792</ele>
        <time>2026-08-21T14:11:06.776Z</time>
      </trkpt>
      <trkpt lat="-7.406128" lon="108.240670">
        <ele>405.433569</ele>
        <time>2026-08-21T14:11:07.404Z</time>
      </trkpt>
      <trkpt lat="-7.406130" lon="108.240678">
        <ele>405.441602</ele>
        <time>2026-08-21T14:11:07.640Z</time>
      </trkpt>
      <trkpt lat="-7.406128" lon="108.240670">
        <ele>405.449635</ele>
        <time>2026-08-21T14:11:07.850Z</time>
      </trkpt>
      <trkpt lat="-7.406124" lon="108.240648">
        <ele>405.471413</ele>
        <time>2026-08-21T14:11:08.394Z</time>
      </trkpt>
      <trkpt lat="-7.406114" lon="108.240600">
        <ele>405.519169</ele>
        <time>2026-08-21T14:11:09.619Z</time>
      </trkpt>
      <trkpt lat="-7.406041" lon="108.240615">
        <ele>405.592317</ele>
        <time>2026-08-21T14:11:11.207Z</time>
      </trkpt>
      <trkpt lat="-7.406115" lon="108.240656">
        <ele>405.675219</ele>
        <time>2026-08-21T14:11:13.013Z</time>
      </trkpt>
      <trkpt lat="-7.406117" lon="108.240663">
        <ele>405.682312</ele>
        <time>2026-08-21T14:11:13.167Z</time>
      </trkpt>
      <trkpt lat="-7.406111" lon="108.240669">
        <ele>405.690608</ele>
        <time>2026-08-21T14:11:13.348Z</time>
      </trkpt>
      <trkpt lat="-7.406110" lon="108.240667">
        <ele>405.692789</ele>
        <time>2026-08-21T14:11:13.396Z</time>
      </trkpt>
      <trkpt lat="-7.406122" lon="108.240674">
        <ele>405.706401</ele>
        <time>2026-08-21T14:11:13.692Z</time>
      </trkpt>
      <trkpt lat="-7.406148" lon="108.240680">
        <ele>405.732589</ele>
        <time>2026-08-21T14:11:14.262Z</time>
      </trkpt>
      <trkpt lat="-7.406158" lon="108.240684">
        <ele>405.743152</ele>
        <time>2026-08-21T14:11:14.492Z</time>
      </trkpt>
      <trkpt lat="-7.406167" lon="108.240690">
        <ele>405.753745</ele>
        <time>2026-08-21T14:11:14.723Z</time>
      </trkpt>
      <trkpt lat="-7.406183" lon="108.240705">
        <ele>405.775195</ele>
        <time>2026-08-21T14:11:15.190Z</time>
      </trkpt>
      <trkpt lat="-7.406208" lon="108.240725">
        <ele>405.806527</ele>
        <time>2026-08-21T14:11:15.873Z</time>
      </trkpt>
      <trkpt lat="-7.406215" lon="108.240729">
        <ele>405.814427</ele>
        <time>2026-08-21T14:11:16.045Z</time>
      </trkpt>
      <trkpt lat="-7.406238" lon="108.240740">
        <ele>405.839421</ele>
        <time>2026-08-21T14:11:16.589Z</time>
      </trkpt>
      <trkpt lat="-7.406271" lon="108.240752">
        <ele>405.873864</ele>
        <time>2026-08-21T14:11:17.339Z</time>
      </trkpt>
      <trkpt lat="-7.406279" lon="108.240753">
        <ele>405.881779</ele>
        <time>2026-08-21T14:11:17.512Z</time>
      </trkpt>
      <trkpt lat="-7.406284" lon="108.240748">
        <ele>405.888693</ele>
        <time>2026-08-21T14:11:17.662Z</time>
      </trkpt>
      <trkpt lat="-7.406284" lon="108.240741">
        <ele>405.895509</ele>
        <time>2026-08-21T14:11:17.811Z</time>
      </trkpt>
      <trkpt lat="-7.406278" lon="108.240744">
        <ele>405.902084</ele>
        <time>2026-08-21T14:11:17.954Z</time>
      </trkpt>
      <trkpt lat="-7.406266" lon="108.240744">
        <ele>405.913866</ele>
        <time>2026-08-21T14:11:18.210Z</time>
      </trkpt>
      <trkpt lat="-7.406259" lon="108.240748">
        <ele>405.921766</ele>
        <time>2026-08-21T14:11:18.383Z</time>
      </trkpt>
      <trkpt lat="-7.406196" lon="108.240752">
        <ele>405.983745</ele>
        <time>2026-08-21T14:11:19.732Z</time>
      </trkpt>
      <trkpt lat="-7.406148" lon="108.240709">
        <ele>406.046785</ele>
        <time>2026-08-21T14:11:21.105Z</time>
      </trkpt>
      <trkpt lat="-7.406128" lon="108.240701">
        <ele>406.067911</ele>
        <time>2026-08-21T14:11:21.565Z</time>
      </trkpt>
      <trkpt lat="-7.406113" lon="108.240692">
        <ele>406.085048</ele>
        <time>2026-08-21T14:11:21.939Z</time>
      </trkpt>
      <trkpt lat="-7.406057" lon="108.240645">
        <ele>406.156584</ele>
        <time>2026-08-21T14:11:23.497Z</time>
      </trkpt>
      <trkpt lat="-7.406044" lon="108.240630">
        <ele>406.175981</ele>
        <time>2026-08-21T14:11:23.919Z</time>
      </trkpt>
      <trkpt lat="-7.406041" lon="108.240621">
        <ele>406.185226</ele>
        <time>2026-08-21T14:11:24.121Z</time>
      </trkpt>
      <trkpt lat="-7.406029" lon="108.240598">
        <ele>406.210530</ele>
        <time>2026-08-21T14:11:24.672Z</time>
      </trkpt>
      <trkpt lat="-7.406023" lon="108.240592">
        <ele>406.218827</ele>
        <time>2026-08-21T14:11:24.853Z</time>
      </trkpt>
      <trkpt lat="-7.406015" lon="108.240587">
        <ele>406.228068</ele>
        <time>2026-08-21T14:11:25.054Z</time>
      </trkpt>
      <trkpt lat="-7.405999" lon="108.240580">
        <ele>406.245193</ele>
        <time>2026-08-21T14:11:25.427Z</time>
      </trkpt>
      <trkpt lat="-7.406008" lon="108.240583">
        <ele>406.254500</ele>
        <time>2026-08-21T14:11:25.630Z</time>
      </trkpt>
      <trkpt lat="-7.406106" lon="108.240563">
        <ele>406.352672</ele>
        <time>2026-08-21T14:11:27.772Z</time>
      </trkpt>
      <trkpt lat="-7.406069" lon="108.240381">
        <ele>406.050831</ele>
        <time>2026-08-21T14:11:30.615Z</time>
      </trkpt>
      <trkpt lat="-7.405931" lon="108.239708">
        <ele>404.743459</ele>
        <time>2026-08-21T14:11:40.728Z</time>
      </trkpt>
      <trkpt lat="-7.405953" lon="108.239601">
        <ele>404.535578</ele>
        <time>2026-08-21T14:11:42.331Z</time>
      </trkpt>
      <trkpt lat="-7.406093" lon="108.239281">
        <ele>403.870211</ele>
        <time>2026-08-21T14:11:47.641Z</time>
      </trkpt>
      <trkpt lat="-7.406098" lon="108.239029">
        <ele>403.390721</ele>
        <time>2026-08-21T14:11:51.864Z</time>
      </trkpt>
      <trkpt lat="-7.406032" lon="108.238842">
        <ele>403.013120</ele>
        <time>2026-08-21T14:11:55.561Z</time>
      </trkpt>
      <trkpt lat="-7.406098" lon="108.239029">
        <ele>403.287761</ele>
        <time>2026-08-21T14:11:59.853Z</time>
      </trkpt>
      <trkpt lat="-7.406093" lon="108.239281">
        <ele>403.908828</ele>
        <time>2026-08-21T14:12:06.353Z</time>
      </trkpt>
      <trkpt lat="-7.405953" lon="108.239601">
        <ele>404.770655</ele>
        <time>2026-08-21T14:12:17.625Z</time>
      </trkpt>
      <trkpt lat="-7.405931" lon="108.239708">
        <ele>405.039917</ele>
        <time>2026-08-21T14:12:21.380Z</time>
      </trkpt>
      <trkpt lat="-7.406069" lon="108.240381">
        <ele>406.733311</ele>
        <time>2026-08-21T14:12:45.456Z</time>
      </trkpt>
      <trkpt lat="-7.406019" lon="108.240391">
        <ele>406.859970</ele>
        <time>2026-08-21T14:12:46.544Z</time>
      </trkpt>
      <trkpt lat="-7.406022" lon="108.240403">
        <ele>406.890464</ele>
        <time>2026-08-21T14:12:46.806Z</time>
      </trkpt>
      <trkpt lat="-7.406027" lon="108.240413">
        <ele>406.918059</ele>
        <time>2026-08-21T14:12:47.044Z</time>
      </trkpt>
      <trkpt lat="-7.406032" lon="108.240422">
        <ele>406.943479</ele>
        <time>2026-08-21T14:12:47.263Z</time>
      </trkpt>
      <trkpt lat="-7.406039" lon="108.240427">
        <ele>406.964794</ele>
        <time>2026-08-21T14:12:47.446Z</time>
      </trkpt>
      <trkpt lat="-7.406044" lon="108.240437">
        <ele>406.992389</ele>
        <time>2026-08-21T14:12:47.684Z</time>
      </trkpt>
      <trkpt lat="-7.406040" lon="108.240453">
        <ele>407.033048</ele>
        <time>2026-08-21T14:12:48.034Z</time>
      </trkpt>
      <trkpt lat="-7.406043" lon="108.240465">
        <ele>407.063542</ele>
        <time>2026-08-21T14:12:48.297Z</time>
      </trkpt>
      <trkpt lat="-7.406041" lon="108.240480">
        <ele>407.100835</ele>
        <time>2026-08-21T14:12:48.618Z</time>
      </trkpt>
      <trkpt lat="-7.406044" lon="108.240506">
        <ele>407.165333</ele>
        <time>2026-08-21T14:12:49.173Z</time>
      </trkpt>
      <trkpt lat="-7.406060" lon="108.240535">
        <ele>407.247106</ele>
        <time>2026-08-21T14:12:49.877Z</time>
      </trkpt>
      <trkpt lat="-7.406067" lon="108.240564">
        <ele>407.320650</ele>
        <time>2026-08-21T14:12:50.510Z</time>
      </trkpt>
      <trkpt lat="-7.406074" lon="108.240581">
        <ele>407.366007</ele>
        <time>2026-08-21T14:12:50.901Z</time>
      </trkpt>
      <trkpt lat="-7.406087" lon="108.240588">
        <ele>407.402619</ele>
        <time>2026-08-21T14:12:51.216Z</time>
      </trkpt>
      <trkpt lat="-7.406103" lon="108.240584">
        <ele>407.443559</ele>
        <time>2026-08-21T14:12:51.569Z</time>
      </trkpt>
      <trkpt lat="-7.406109" lon="108.240585">
        <ele>407.458662</ele>
        <time>2026-08-21T14:12:51.699Z</time>
      </trkpt>
      <trkpt lat="-7.406115" lon="108.240592">
        <ele>407.481450</ele>
        <time>2026-08-21T14:12:51.896Z</time>
      </trkpt>
      <trkpt lat="-7.406120" lon="108.240592">
        <ele>407.493867</ele>
        <time>2026-08-21T14:12:52.002Z</time>
      </trkpt>
      <trkpt lat="-7.406134" lon="108.240585">
        <ele>407.532676</ele>
        <time>2026-08-21T14:12:52.337Z</time>
      </trkpt>
      <trkpt lat="-7.406147" lon="108.240575">
        <ele>407.573284</ele>
        <time>2026-08-21T14:12:52.687Z</time>
      </trkpt>
      <trkpt lat="-7.406168" lon="108.240567">
        <ele>407.629036</ele>
        <time>2026-08-21T14:12:53.167Z</time>
      </trkpt>
      <trkpt lat="-7.406192" lon="108.240555">
        <ele>407.695566</ele>
        <time>2026-08-21T14:12:53.740Z</time>
      </trkpt>
      <trkpt lat="-7.406198" lon="108.240553">
        <ele>407.711260</ele>
        <time>2026-08-21T14:12:53.875Z</time>
      </trkpt>
      <trkpt lat="-7.406216" lon="108.240557">
        <ele>407.757037</ele>
        <time>2026-08-21T14:12:54.270Z</time>
      </trkpt>
      <trkpt lat="-7.406224" lon="108.240568">
        <ele>407.790633</ele>
        <time>2026-08-21T14:12:54.559Z</time>
      </trkpt>
      <trkpt lat="-7.406228" lon="108.240568">
        <ele>407.800567</ele>
        <time>2026-08-21T14:12:54.645Z</time>
      </trkpt>
      <trkpt lat="-7.406268" lon="108.240624">
        <ele>407.970539</ele>
        <time>2026-08-21T14:12:56.109Z</time>
      </trkpt>
      <trkpt lat="-7.406276" lon="108.240629">
        <ele>407.993914</ele>
        <time>2026-08-21T14:12:56.310Z</time>
      </trkpt>
      <trkpt lat="-7.406278" lon="108.240636">
        <ele>408.011855</ele>
        <time>2026-08-21T14:12:56.465Z</time>
      </trkpt>
      <trkpt lat="-7.406293" lon="108.240659">
        <ele>408.079653</ele>
        <time>2026-08-21T14:12:57.049Z</time>
      </trkpt>
      <trkpt lat="-7.406298" lon="108.240663">
        <ele>408.095504</ele>
        <time>2026-08-21T14:12:57.185Z</time>
      </trkpt>
      <trkpt lat="-7.406307" lon="108.240663">
        <ele>408.117856</ele>
        <time>2026-08-21T14:12:57.378Z</time>
      </trkpt>
      <trkpt lat="-7.406312" lon="108.240656">
        <ele>408.139102</ele>
        <time>2026-08-21T14:12:57.561Z</time>
      </trkpt>
      <trkpt lat="-7.406307" lon="108.240653">
        <ele>408.153552</ele>
        <time>2026-08-21T14:12:57.686Z</time>
      </trkpt>
      <trkpt lat="-7.406295" lon="108.240658">
        <ele>408.185798</ele>
        <time>2026-08-21T14:12:57.964Z</time>
      </trkpt>
      <trkpt lat="-7.406285" lon="108.240670">
        <ele>408.224402</ele>
        <time>2026-08-21T14:12:58.296Z</time>
      </trkpt>
      <trkpt lat="-7.406274" lon="108.240680">
        <ele>408.261184</ele>
        <time>2026-08-21T14:12:58.613Z</time>
      </trkpt>
      <trkpt lat="-7.406245" lon="108.240693">
        <ele>408.340003</ele>
        <time>2026-08-21T14:12:59.292Z</time>
      </trkpt>
      <trkpt lat="-7.406230" lon="108.240696">
        <ele>408.377982</ele>
        <time>2026-08-21T14:12:59.619Z</time>
      </trkpt>
      <trkpt lat="-7.406206" lon="108.240693">
        <ele>408.438043</ele>
        <time>2026-08-21T14:13:00.136Z</time>
      </trkpt>
      <trkpt lat="-7.406172" lon="108.240685">
        <ele>408.524752</ele>
        <time>2026-08-21T14:13:00.883Z</time>
      </trkpt>
      <trkpt lat="-7.406162" lon="108.240681">
        <ele>408.551470</ele>
        <time>2026-08-21T14:13:01.114Z</time>
      </trkpt>
      <trkpt lat="-7.406132" lon="108.240687">
        <ele>408.627428</ele>
        <time>2026-08-21T14:13:01.775Z</time>
      </trkpt>
      <trkpt lat="-7.406133" lon="108.240692">
        <ele>408.639990</ele>
        <time>2026-08-21T14:13:01.848Z</time>
      </trkpt>
      <trkpt lat="-7.406132" lon="108.240687">
        <ele>408.652553</ele>
        <time>2026-08-21T14:13:02.050Z</time>
      </trkpt>
      <trkpt lat="-7.406130" lon="108.240678">
        <ele>408.675268</ele>
        <time>2026-08-21T14:13:02.407Z</time>
      </trkpt>
      <trkpt lat="-7.406128" lon="108.240670">
        <ele>408.695587</ele>
        <time>2026-08-21T14:13:02.716Z</time>
      </trkpt>
      <trkpt lat="-7.406124" lon="108.240648">
        <ele>408.750673</ele>
        <time>2026-08-21T14:13:03.515Z</time>
      </trkpt>
      <trkpt lat="-7.406128" lon="108.240670">
        <ele>408.805758</ele>
        <time>2026-08-21T14:13:04.263Z</time>
      </trkpt>
      <trkpt lat="-7.406130" lon="108.240678">
        <ele>408.826077</ele>
        <time>2026-08-21T14:13:04.544Z</time>
      </trkpt>
      <trkpt lat="-7.406132" lon="108.240687">
        <ele>408.848793</ele>
        <time>2026-08-21T14:13:04.851Z</time>
      </trkpt>
      <trkpt lat="-7.406133" lon="108.240692">
        <ele>408.861355</ele>
        <time>2026-08-21T14:13:05.012Z</time>
      </trkpt>
      <trkpt lat="-7.406165" lon="108.240850">
        <ele>409.258516</ele>
        <time>2026-08-21T14:13:10.354Z</time>
      </trkpt>
      <trkpt lat="-7.406163" lon="108.240850">
        <ele>409.263483</ele>
        <time>2026-08-21T14:13:10.399Z</time>
      </trkpt>
      <trkpt lat="-7.406163" lon="108.240859">
        <ele>409.285648</ele>
        <time>2026-08-21T14:13:10.590Z</time>
      </trkpt>
      <trkpt lat="-7.406179" lon="108.240916">
        <ele>409.431546</ele>
        <time>2026-08-21T14:13:11.846Z</time>
      </trkpt>
      <trkpt lat="-7.406180" lon="108.240934">
        <ele>409.475946</ele>
        <time>2026-08-21T14:13:12.229Z</time>
      </trkpt>
      <trkpt lat="-7.406177" lon="108.241005">
        <ele>409.650966</ele>
        <time>2026-08-21T14:13:13.736Z</time>
      </trkpt>
      <trkpt lat="-7.406171" lon="108.241033">
        <ele>409.721518</ele>
        <time>2026-08-21T14:13:14.344Z</time>
      </trkpt>
      <trkpt lat="-7.406169" lon="108.241050">
        <ele>409.763679</ele>
        <time>2026-08-21T14:13:14.707Z</time>
      </trkpt>
      <trkpt lat="-7.406169" lon="108.241085">
        <ele>409.849879</ele>
        <time>2026-08-21T14:13:15.449Z</time>
      </trkpt>
      <trkpt lat="-7.406166" lon="108.241127">
        <ele>409.953586</ele>
        <time>2026-08-21T14:13:16.342Z</time>
      </trkpt>
      <trkpt lat="-7.406144" lon="108.241204">
        <ele>410.150938</ele>
        <time>2026-08-21T14:13:18.042Z</time>
      </trkpt>
      <trkpt lat="-7.406134" lon="108.241226">
        <ele>410.210542</ele>
        <time>2026-08-21T14:13:18.555Z</time>
      </trkpt>
      <trkpt lat="-7.406124" lon="108.241257">
        <ele>410.290827</ele>
        <time>2026-08-21T14:13:19.247Z</time>
      </trkpt>
      <trkpt lat="-7.406098" lon="108.241307">
        <ele>410.429873</ele>
        <time>2026-08-21T14:13:20.444Z</time>
      </trkpt>
      <trkpt lat="-7.406082" lon="108.241345">
        <ele>410.531547</ele>
        <time>2026-08-21T14:13:21.320Z</time>
      </trkpt>
      <trkpt lat="-7.406072" lon="108.241374">
        <ele>410.607164</ele>
        <time>2026-08-21T14:13:21.971Z</time>
      </trkpt>
      <trkpt lat="-7.406070" lon="108.241382">
        <ele>410.627483</ele>
        <time>2026-08-21T14:13:22.146Z</time>
      </trkpt>
      <trkpt lat="-7.406071" lon="108.241419">
        <ele>410.718642</ele>
        <time>2026-08-21T14:13:22.931Z</time>
      </trkpt>
      <trkpt lat="-7.406082" lon="108.241456">
        <ele>410.813774</ele>
        <time>2026-08-21T14:13:23.750Z</time>
      </trkpt>
      <trkpt lat="-7.406104" lon="108.241500">
        <ele>410.935134</ele>
        <time>2026-08-21T14:13:24.795Z</time>
      </trkpt>
      <trkpt lat="-7.406124" lon="108.241534">
        <ele>411.032494</ele>
        <time>2026-08-21T14:13:25.634Z</time>
      </trkpt>
      <trkpt lat="-7.406154" lon="108.241576">
        <ele>411.159974</ele>
        <time>2026-08-21T14:13:26.731Z</time>
      </trkpt>
      <trkpt lat="-7.406178" lon="108.241596">
        <ele>411.237298</ele>
        <time>2026-08-21T14:13:27.397Z</time>
      </trkpt>
      <trkpt lat="-7.406185" lon="108.241606">
        <ele>411.267444</ele>
        <time>2026-08-21T14:13:27.657Z</time>
      </trkpt>
      <trkpt lat="-7.406192" lon="108.241624">
        <ele>411.315062</ele>
        <time>2026-08-21T14:13:28.067Z</time>
      </trkpt>
      <trkpt lat="-7.406208" lon="108.241679">
        <ele>411.456226</ele>
        <time>2026-08-21T14:13:29.282Z</time>
      </trkpt>
      <trkpt lat="-7.406221" lon="108.241705">
        <ele>411.527939</ele>
        <time>2026-08-21T14:13:29.900Z</time>
      </trkpt>
      <trkpt lat="-7.406241" lon="108.241729">
        <ele>411.605146</ele>
        <time>2026-08-21T14:13:30.565Z</time>
      </trkpt>
      <trkpt lat="-7.406288" lon="108.241791">
        <ele>411.797347</ele>
        <time>2026-08-21T14:13:32.220Z</time>
      </trkpt>
      <trkpt lat="-7.406305" lon="108.241823">
        <ele>411.866282</ele>
        <time>2026-08-21T14:13:32.990Z</time>
      </trkpt>
      <trkpt lat="-7.406314" lon="108.241853">
        <ele>411.892138</ele>
        <time>2026-08-21T14:13:33.655Z</time>
      </trkpt>
      <trkpt lat="-7.406311" lon="108.241921">
        <ele>411.948290</ele>
        <time>2026-08-21T14:13:35.098Z</time>
      </trkpt>
      <trkpt lat="-7.406315" lon="108.241988">
        <ele>412.003662</ele>
        <time>2026-08-21T14:13:36.521Z</time>
      </trkpt>
      <trkpt lat="-7.406313" lon="108.242025">
        <ele>412.034231</ele>
        <time>2026-08-21T14:13:37.307Z</time>
      </trkpt>
      <trkpt lat="-7.406296" lon="108.242082">
        <ele>412.083334</ele>
        <time>2026-08-21T14:13:38.569Z</time>
      </trkpt>
      <trkpt lat="-7.406285" lon="108.242112">
        <ele>412.109720</ele>
        <time>2026-08-21T14:13:39.248Z</time>
      </trkpt>
      <trkpt lat="-7.406273" lon="108.242139">
        <ele>412.134129</ele>
        <time>2026-08-21T14:13:39.875Z</time>
      </trkpt>
      <trkpt lat="-7.406255" lon="108.242191">
        <ele>412.179565</ele>
        <time>2026-08-21T14:13:41.043Z</time>
      </trkpt>
      <trkpt lat="-7.406250" lon="108.242215">
        <ele>412.199796</ele>
        <time>2026-08-21T14:13:41.563Z</time>
      </trkpt>
      <trkpt lat="-7.406245" lon="108.242223">
        <ele>412.207597</ele>
        <time>2026-08-21T14:13:41.763Z</time>
      </trkpt>
      <trkpt lat="-7.406248" lon="108.242271">
        <ele>412.247274</ele>
        <time>2026-08-21T14:13:42.783Z</time>
      </trkpt>
      <trkpt lat="-7.406245" lon="108.242313">
        <ele>412.282012</ele>
        <time>2026-08-21T14:13:43.676Z</time>
      </trkpt>
      <trkpt lat="-7.406239" lon="108.242353">
        <ele>412.315385</ele>
        <time>2026-08-21T14:13:44.534Z</time>
      </trkpt>
      <trkpt lat="-7.406242" lon="108.242368">
        <ele>412.328009</ele>
        <time>2026-08-21T14:13:44.859Z</time>
      </trkpt>
      <trkpt lat="-7.406248" lon="108.242383">
        <ele>412.341352</ele>
        <time>2026-08-21T14:13:45.202Z</time>
      </trkpt>
      <trkpt lat="-7.406271" lon="108.242406">
        <ele>412.368298</ele>
        <time>2026-08-21T14:13:45.894Z</time>
      </trkpt>
      <trkpt lat="-7.406279" lon="108.242412">
        <ele>412.376592</ele>
        <time>2026-08-21T14:13:46.107Z</time>
      </trkpt>
      <trkpt lat="-7.406314" lon="108.242410">
        <ele>412.405755</ele>
        <time>2026-08-21T14:13:46.857Z</time>
      </trkpt>
      <trkpt lat="-7.406327" lon="108.242407">
        <ele>412.416849</ele>
        <time>2026-08-21T14:13:47.142Z</time>
      </trkpt>
      <trkpt lat="-7.406357" lon="108.242397">
        <ele>412.443134</ele>
        <time>2026-08-21T14:13:47.818Z</time>
      </trkpt>
      <trkpt lat="-7.406393" lon="108.242380">
        <ele>412.476204</ele>
        <time>2026-08-21T14:13:48.668Z</time>
      </trkpt>
      <trkpt lat="-7.406459" lon="108.242329">
        <ele>412.545375</ele>
        <time>2026-08-21T14:13:50.446Z</time>
      </trkpt>
      <trkpt lat="-7.406518" lon="108.242290">
        <ele>412.604062</ele>
        <time>2026-08-21T14:13:51.954Z</time>
      </trkpt>
      <trkpt lat="-7.406575" lon="108.242256">
        <ele>412.659154</ele>
        <time>2026-08-21T14:13:53.371Z</time>
      </trkpt>
      <trkpt lat="-7.406626" lon="108.242229">
        <ele>412.707073</ele>
        <time>2026-08-21T14:13:54.602Z</time>
      </trkpt>
      <trkpt lat="-7.406669" lon="108.242204">
        <ele>412.748364</ele>
        <time>2026-08-21T14:13:55.664Z</time>
      </trkpt>
      <trkpt lat="-7.406691" lon="108.242182">
        <ele>412.774138</ele>
        <time>2026-08-21T14:13:56.326Z</time>
      </trkpt>
      <trkpt lat="-7.406754" lon="108.242147">
        <ele>412.833975</ele>
        <time>2026-08-21T14:13:57.864Z</time>
      </trkpt>
      <trkpt lat="-7.406787" lon="108.242131">
        <ele>412.864436</ele>
        <time>2026-08-21T14:13:58.647Z</time>
      </trkpt>
      <trkpt lat="-7.406820" lon="108.242128">
        <ele>412.892000</ele>
        <time>2026-08-21T14:13:59.356Z</time>
      </trkpt>
      <trkpt lat="-7.406857" lon="108.242138">
        <ele>412.923866</ele>
        <time>2026-08-21T14:14:00.175Z</time>
      </trkpt>
      <trkpt lat="-7.406888" lon="108.242153">
        <ele>412.952470</ele>
        <time>2026-08-21T14:14:00.910Z</time>
      </trkpt>
      <trkpt lat="-7.406911" lon="108.242169">
        <ele>412.975715</ele>
        <time>2026-08-21T14:14:01.508Z</time>
      </trkpt>
      <trkpt lat="-7.406931" lon="108.242189">
        <ele>412.999146</ele>
        <time>2026-08-21T14:14:02.110Z</time>
      </trkpt>
      <trkpt lat="-7.406972" lon="108.242236">
        <ele>413.050786</ele>
        <time>2026-08-21T14:14:03.437Z</time>
      </trkpt>
      <trkpt lat="-7.407028" lon="108.242284">
        <ele>413.111927</ele>
        <time>2026-08-21T14:14:05.009Z</time>
      </trkpt>
      <trkpt lat="-7.407080" lon="108.242341">
        <ele>413.175821</ele>
        <time>2026-08-21T14:14:06.652Z</time>
      </trkpt>
      <trkpt lat="-7.407099" lon="108.242378">
        <ele>413.210194</ele>
        <time>2026-08-21T14:14:07.535Z</time>
      </trkpt>
      <trkpt lat="-7.407134" lon="108.242465">
        <ele>413.287646</ele>
        <time>2026-08-21T14:14:09.526Z</time>
      </trkpt>
      <trkpt lat="-7.407157" lon="108.242511">
        <ele>413.330145</ele>
        <time>2026-08-21T14:14:10.619Z</time>
      </trkpt>
      <trkpt lat="-7.407185" lon="108.242555">
        <ele>413.402860</ele>
        <time>2026-08-21T14:14:11.728Z</time>
      </trkpt>
      <trkpt lat="-7.407215" lon="108.242591">
        <ele>413.496253</ele>
        <time>2026-08-21T14:14:12.725Z</time>
      </trkpt>
      <trkpt lat="-7.407269" lon="108.242661">
        <ele>413.672391</ele>
        <time>2026-08-21T14:14:14.606Z</time>
      </trkpt>
      <trkpt lat="-7.407331" lon="108.242727">
        <ele>413.852948</ele>
        <time>2026-08-21T14:14:16.534Z</time>
      </trkpt>
      <trkpt lat="-7.407370" lon="108.242758">
        <ele>413.952405</ele>
        <time>2026-08-21T14:14:17.596Z</time>
      </trkpt>
      <trkpt lat="-7.407447" lon="108.242824">
        <ele>414.154802</ele>
        <time>2026-08-21T14:14:19.758Z</time>
      </trkpt>
      <trkpt lat="-7.407479" lon="108.242861">
        <ele>414.252308</ele>
        <time>2026-08-21T14:14:20.799Z</time>
      </trkpt>
      <trkpt lat="-7.407529" lon="108.242931">
        <ele>414.423643</ele>
        <time>2026-08-21T14:14:22.629Z</time>
      </trkpt>
      <trkpt lat="-7.407548" lon="108.242954">
        <ele>414.483096</ele>
        <time>2026-08-21T14:14:23.264Z</time>
      </trkpt>
      <trkpt lat="-7.407568" lon="108.242972">
        <ele>414.536785</ele>
        <time>2026-08-21T14:14:23.837Z</time>
      </trkpt>
      <trkpt lat="-7.407583" lon="108.242996">
        <ele>414.593128</ele>
        <time>2026-08-21T14:14:24.439Z</time>
      </trkpt>
      <trkpt lat="-7.407586" lon="108.243025">
        <ele>414.651037</ele>
        <time>2026-08-21T14:14:25.057Z</time>
      </trkpt>
      <trkpt lat="-7.407601" lon="108.243066">
        <ele>414.737831</ele>
        <time>2026-08-21T14:14:25.984Z</time>
      </trkpt>
      <trkpt lat="-7.407607" lon="108.243121">
        <ele>414.847724</ele>
        <time>2026-08-21T14:14:27.158Z</time>
      </trkpt>
      <trkpt lat="-7.407611" lon="108.243129">
        <ele>414.865518</ele>
        <time>2026-08-21T14:14:27.348Z</time>
      </trkpt>
      <trkpt lat="-7.407632" lon="108.243154">
        <ele>414.930589</ele>
        <time>2026-08-21T14:14:28.043Z</time>
      </trkpt>
      <trkpt lat="-7.407654" lon="108.243177">
        <ele>414.994055</ele>
        <time>2026-08-21T14:14:28.721Z</time>
      </trkpt>
      <trkpt lat="-7.407712" lon="108.243221">
        <ele>415.139417</ele>
        <time>2026-08-21T14:14:30.273Z</time>
      </trkpt>
      <trkpt lat="-7.407754" lon="108.243248">
        <ele>415.239173</ele>
        <time>2026-08-21T14:14:31.338Z</time>
      </trkpt>
      <trkpt lat="-7.407892" lon="108.243318">
        <ele>415.548554</ele>
        <time>2026-08-21T14:14:34.642Z</time>
      </trkpt>
      <trkpt lat="-7.407948" lon="108.243357">
        <ele>415.684857</ele>
        <time>2026-08-21T14:14:36.097Z</time>
      </trkpt>
      <trkpt lat="-7.407998" lon="108.243384">
        <ele>415.798450</ele>
        <time>2026-08-21T14:14:37.310Z</time>
      </trkpt>
      <trkpt lat="-7.408050" lon="108.243405">
        <ele>415.910636</ele>
        <time>2026-08-21T14:14:38.508Z</time>
      </trkpt>
      <trkpt lat="-7.408105" lon="108.243407">
        <ele>416.020861</ele>
        <time>2026-08-21T14:14:39.686Z</time>
      </trkpt>
      <trkpt lat="-7.408158" lon="108.243393">
        <ele>416.130590</ele>
        <time>2026-08-21T14:14:40.857Z</time>
      </trkpt>
      <trkpt lat="-7.408216" lon="108.243375">
        <ele>416.252129</ele>
        <time>2026-08-21T14:14:42.155Z</time>
      </trkpt>
      <trkpt lat="-7.408274" lon="108.243349">
        <ele>416.379251</ele>
        <time>2026-08-21T14:14:43.513Z</time>
      </trkpt>
      <trkpt lat="-7.408320" lon="108.243316">
        <ele>416.492313</ele>
        <time>2026-08-21T14:14:44.720Z</time>
      </trkpt>
      <trkpt lat="-7.408357" lon="108.243268">
        <ele>416.613058</ele>
        <time>2026-08-21T14:14:46.010Z</time>
      </trkpt>
      <trkpt lat="-7.408383" lon="108.243210">
        <ele>416.739473</ele>
        <time>2026-08-21T14:14:47.360Z</time>
      </trkpt>
      <trkpt lat="-7.408399" lon="108.243158">
        <ele>416.847606</ele>
        <time>2026-08-21T14:14:48.515Z</time>
      </trkpt>
      <trkpt lat="-7.408409" lon="108.243113">
        <ele>416.939196</ele>
        <time>2026-08-21T14:14:49.493Z</time>
      </trkpt>
      <trkpt lat="-7.408418" lon="108.243081">
        <ele>416.970741</ele>
        <time>2026-08-21T14:14:50.198Z</time>
      </trkpt>
      <trkpt lat="-7.408435" lon="108.243048">
        <ele>416.994320</ele>
        <time>2026-08-21T14:14:50.987Z</time>
      </trkpt>
      <trkpt lat="-7.408445" lon="108.243014">
        <ele>417.016805</ele>
        <time>2026-08-21T14:14:51.739Z</time>
      </trkpt>
      <trkpt lat="-7.408459" lon="108.242955">
        <ele>417.055270</ele>
        <time>2026-08-21T14:14:53.026Z</time>
      </trkpt>
      <trkpt lat="-7.408479" lon="108.242912">
        <ele>417.085383</ele>
        <time>2026-08-21T14:14:54.033Z</time>
      </trkpt>
      <trkpt lat="-7.408515" lon="108.242879">
        <ele>417.116490</ele>
        <time>2026-08-21T14:14:55.073Z</time>
      </trkpt>
      <trkpt lat="-7.408540" lon="108.242865">
        <ele>417.134773</ele>
        <time>2026-08-21T14:14:55.685Z</time>
      </trkpt>
      <trkpt lat="-7.408570" lon="108.242855">
        <ele>417.154976</ele>
        <time>2026-08-21T14:14:56.361Z</time>
      </trkpt>
      <trkpt lat="-7.408604" lon="108.242849">
        <ele>417.177045</ele>
        <time>2026-08-21T14:14:57.099Z</time>
      </trkpt>
      <trkpt lat="-7.408643" lon="108.242848">
        <ele>417.201989</ele>
        <time>2026-08-21T14:14:57.933Z</time>
      </trkpt>
      <trkpt lat="-7.408682" lon="108.242851">
        <ele>417.226997</ele>
        <time>2026-08-21T14:14:58.770Z</time>
      </trkpt>
      <trkpt lat="-7.408722" lon="108.242857">
        <ele>417.252853</ele>
        <time>2026-08-21T14:14:59.634Z</time>
      </trkpt>
      <trkpt lat="-7.408761" lon="108.242865">
        <ele>417.278300</ele>
        <time>2026-08-21T14:15:00.485Z</time>
      </trkpt>
      <trkpt lat="-7.408800" lon="108.242876">
        <ele>417.304193</ele>
        <time>2026-08-21T14:15:01.351Z</time>
      </trkpt>
      <trkpt lat="-7.408881" lon="108.242903">
        <ele>417.358738</ele>
        <time>2026-08-21T14:15:03.176Z</time>
      </trkpt>
      <trkpt lat="-7.408917" lon="108.242912">
        <ele>417.382453</ele>
        <time>2026-08-21T14:15:03.969Z</time>
      </trkpt>
      <trkpt lat="-7.408977" lon="108.242930">
        <ele>417.422477</ele>
        <time>2026-08-21T14:15:05.307Z</time>
      </trkpt>
      <trkpt lat="-7.409012" lon="108.242945">
        <ele>417.446793</ele>
        <time>2026-08-21T14:15:06.121Z</time>
      </trkpt>
      <trkpt lat="-7.409021" lon="108.242953">
        <ele>417.454463</ele>
        <time>2026-08-21T14:15:06.377Z</time>
      </trkpt>
      <trkpt lat="-7.409042" lon="108.242982">
        <ele>417.477231</ele>
        <time>2026-08-21T14:15:07.139Z</time>
      </trkpt>
      <trkpt lat="-7.409046" lon="108.242990">
        <ele>417.482912</ele>
        <time>2026-08-21T14:15:07.329Z</time>
      </trkpt>
      <trkpt lat="-7.409075" lon="108.243002">
        <ele>417.502954</ele>
        <time>2026-08-21T14:15:07.999Z</time>
      </trkpt>
      <trkpt lat="-7.409115" lon="108.243008">
        <ele>417.528811</ele>
        <time>2026-08-21T14:15:08.864Z</time>
      </trkpt>
      <trkpt lat="-7.409154" lon="108.243004">
        <ele>417.553875</ele>
        <time>2026-08-21T14:15:09.702Z</time>
      </trkpt>
      <trkpt lat="-7.409196" lon="108.242996">
        <ele>417.581204</ele>
        <time>2026-08-21T14:15:10.616Z</time>
      </trkpt>
      <trkpt lat="-7.409251" lon="108.242996">
        <ele>417.616370</ele>
        <time>2026-08-21T14:15:11.792Z</time>
      </trkpt>
      <trkpt lat="-7.409262" lon="108.242998">
        <ele>417.623516</ele>
        <time>2026-08-21T14:15:12.031Z</time>
      </trkpt>
      <trkpt lat="-7.409272" lon="108.242997">
        <ele>417.629941</ele>
        <time>2026-08-21T14:15:12.246Z</time>
      </trkpt>
      <trkpt lat="-7.409312" lon="108.243005">
        <ele>417.656015</ele>
        <time>2026-08-21T14:15:13.118Z</time>
      </trkpt>
      <trkpt lat="-7.409341" lon="108.243015">
        <ele>417.675611</ele>
        <time>2026-08-21T14:15:13.773Z</time>
      </trkpt>
      <trkpt lat="-7.409351" lon="108.243019">
        <ele>417.682489</ele>
        <time>2026-08-21T14:15:14.003Z</time>
      </trkpt>
      <trkpt lat="-7.409380" lon="108.243035">
        <ele>417.703625</ele>
        <time>2026-08-21T14:15:14.710Z</time>
      </trkpt>
      <trkpt lat="-7.409389" lon="108.243043">
        <ele>417.711296</ele>
        <time>2026-08-21T14:15:14.967Z</time>
      </trkpt>
      <trkpt lat="-7.409416" lon="108.243055">
        <ele>417.730161</ele>
        <time>2026-08-21T14:15:15.598Z</time>
      </trkpt>
      <trkpt lat="-7.409453" lon="108.243064">
        <ele>417.754497</ele>
        <time>2026-08-21T14:15:16.412Z</time>
      </trkpt>
      <trkpt lat="-7.409452" lon="108.243065">
        <ele>417.755397</ele>
        <time>2026-08-21T14:15:16.442Z</time>
      </trkpt>
      <trkpt lat="-7.409454" lon="108.243066">
        <ele>417.756825</ele>
        <time>2026-08-21T14:15:16.490Z</time>
      </trkpt>
      <trkpt lat="-7.409453" lon="108.243067">
        <ele>417.757725</ele>
        <time>2026-08-21T14:15:16.520Z</time>
      </trkpt>
      <trkpt lat="-7.409464" lon="108.243071">
        <ele>417.765202</ele>
        <time>2026-08-21T14:15:16.770Z</time>
      </trkpt>
      <trkpt lat="-7.409475" lon="108.243072">
        <ele>417.772263</ele>
        <time>2026-08-21T14:15:17.006Z</time>
      </trkpt>
      <trkpt lat="-7.409479" lon="108.243075">
        <ele>417.775451</ele>
        <time>2026-08-21T14:15:17.113Z</time>
      </trkpt>
      <trkpt lat="-7.409483" lon="108.243075">
        <ele>417.778008</ele>
        <time>2026-08-21T14:15:17.198Z</time>
      </trkpt>
      <trkpt lat="-7.409486" lon="108.243077">
        <ele>417.780307</ele>
        <time>2026-08-21T14:15:17.275Z</time>
      </trkpt>
      <trkpt lat="-7.409472" lon="108.243093">
        <ele>417.793837</ele>
        <time>2026-08-21T14:15:17.727Z</time>
      </trkpt>
      <trkpt lat="-7.409466" lon="108.243104">
        <ele>417.801797</ele>
        <time>2026-08-21T14:15:17.994Z</time>
      </trkpt>
      <trkpt lat="-7.409445" lon="108.243132">
        <ele>417.824055</ele>
        <time>2026-08-21T14:15:18.738Z</time>
      </trkpt>
      <trkpt lat="-7.409407" lon="108.243190">
        <ele>417.868131</ele>
        <time>2026-08-21T14:15:20.212Z</time>
      </trkpt>
      <trkpt lat="-7.409379" lon="108.243227">
        <ele>417.897641</ele>
        <time>2026-08-21T14:15:21.199Z</time>
      </trkpt>
      <trkpt lat="-7.409343" lon="108.243265">
        <ele>417.930963</ele>
        <time>2026-08-21T14:15:22.314Z</time>
      </trkpt>
      <trkpt lat="-7.409323" lon="108.243294">
        <ele>417.953359</ele>
        <time>2026-08-21T14:15:23.063Z</time>
      </trkpt>
      <trkpt lat="-7.409302" lon="108.243314">
        <ele>417.971828</ele>
        <time>2026-08-21T14:15:23.680Z</time>
      </trkpt>
      <trkpt lat="-7.409264" lon="108.243341">
        <ele>418.001549</ele>
        <time>2026-08-21T14:15:24.675Z</time>
      </trkpt>
      <trkpt lat="-7.409253" lon="108.243354">
        <ele>418.012385</ele>
        <time>2026-08-21T14:15:25.037Z</time>
      </trkpt>
      <trkpt lat="-7.409240" lon="108.243364">
        <ele>418.022839</ele>
        <time>2026-08-21T14:15:25.387Z</time>
      </trkpt>
      <trkpt lat="-7.409228" lon="108.243380">
        <ele>418.035558</ele>
        <time>2026-08-21T14:15:25.812Z</time>
      </trkpt>
      <trkpt lat="-7.409203" lon="108.243405">
        <ele>418.058070</ele>
        <time>2026-08-21T14:15:26.565Z</time>
      </trkpt>
      <trkpt lat="-7.409177" lon="108.243419">
        <ele>418.076915</ele>
        <time>2026-08-21T14:15:27.195Z</time>
      </trkpt>
      <trkpt lat="-7.409163" lon="108.243430">
        <ele>418.088263</ele>
        <time>2026-08-21T14:15:27.575Z</time>
      </trkpt>
      <trkpt lat="-7.409157" lon="108.243425">
        <ele>418.093239</ele>
        <time>2026-08-21T14:15:27.741Z</time>
      </trkpt>
      <trkpt lat="-7.409158" lon="108.243424">
        <ele>418.094140</ele>
        <time>2026-08-21T14:15:27.771Z</time>
      </trkpt>
      <trkpt lat="-7.409149" lon="108.243424">
        <ele>418.099894</ele>
        <time>2026-08-21T14:15:27.964Z</time>
      </trkpt>
      <trkpt lat="-7.409139" lon="108.243416">
        <ele>418.095804</ele>
        <time>2026-08-21T14:15:28.237Z</time>
      </trkpt>
      <trkpt lat="-7.409137" lon="108.243416">
        <ele>418.092588</ele>
        <time>2026-08-21T14:15:28.279Z</time>
      </trkpt>
      <trkpt lat="-7.409138" lon="108.243417">
        <ele>418.090323</ele>
        <time>2026-08-21T14:15:28.309Z</time>
      </trkpt>
      <trkpt lat="-7.409134" lon="108.243420">
        <ele>418.082308</ele>
        <time>2026-08-21T14:15:28.416Z</time>
      </trkpt>
      <trkpt lat="-7.409136" lon="108.243427">
        <ele>418.070692</ele>
        <time>2026-08-21T14:15:28.571Z</time>
      </trkpt>
      <trkpt lat="-7.409135" lon="108.243427">
        <ele>418.069084</ele>
        <time>2026-08-21T14:15:28.592Z</time>
      </trkpt>
      <trkpt lat="-7.409122" lon="108.243424">
        <ele>418.047640</ele>
        <time>2026-08-21T14:15:28.877Z</time>
      </trkpt>
      <trkpt lat="-7.409107" lon="108.243414">
        <ele>418.018726</ele>
        <time>2026-08-21T14:15:29.262Z</time>
      </trkpt>
      <trkpt lat="-7.409093" lon="108.243409">
        <ele>417.994845</ele>
        <time>2026-08-21T14:15:29.579Z</time>
      </trkpt>
      <trkpt lat="-7.409083" lon="108.243408">
        <ele>417.978686</ele>
        <time>2026-08-21T14:15:29.794Z</time>
      </trkpt>
      <trkpt lat="-7.409064" lon="108.243420">
        <ele>417.942638</ele>
        <time>2026-08-21T14:15:30.274Z</time>
      </trkpt>
      <trkpt lat="-7.409059" lon="108.243422">
        <ele>417.933988</ele>
        <time>2026-08-21T14:15:30.389Z</time>
      </trkpt>
      <trkpt lat="-7.409048" lon="108.243422">
        <ele>417.916301</ele>
        <time>2026-08-21T14:15:30.624Z</time>
      </trkpt>
      <trkpt lat="-7.409029" lon="108.243434">
        <ele>417.880252</ele>
        <time>2026-08-21T14:15:31.103Z</time>
      </trkpt>
      <trkpt lat="-7.409025" lon="108.243437">
        <ele>417.872236</ele>
        <time>2026-08-21T14:15:31.210Z</time>
      </trkpt>
      <trkpt lat="-7.409006" lon="108.243460">
        <ele>417.824504</ele>
        <time>2026-08-21T14:15:31.845Z</time>
      </trkpt>
      <trkpt lat="-7.408989" lon="108.243474">
        <ele>417.789211</ele>
        <time>2026-08-21T14:15:32.314Z</time>
      </trkpt>
      <trkpt lat="-7.408937" lon="108.243507">
        <ele>417.690418</ele>
        <time>2026-08-21T14:15:33.628Z</time>
      </trkpt>
      <trkpt lat="-7.408907" lon="108.243532">
        <ele>417.627839</ele>
        <time>2026-08-21T14:15:34.460Z</time>
      </trkpt>
      <trkpt lat="-7.408882" lon="108.243562">
        <ele>417.565355</ele>
        <time>2026-08-21T14:15:35.291Z</time>
      </trkpt>
      <trkpt lat="-7.408866" lon="108.243601">
        <ele>417.498057</ele>
        <time>2026-08-21T14:15:36.186Z</time>
      </trkpt>
      <trkpt lat="-7.408857" lon="108.243647">
        <ele>417.423294</ele>
        <time>2026-08-21T14:15:37.181Z</time>
      </trkpt>
      <trkpt lat="-7.408851" lon="108.243698">
        <ele>417.341402</ele>
        <time>2026-08-21T14:15:38.270Z</time>
      </trkpt>
      <trkpt lat="-7.408848" lon="108.243746">
        <ele>417.264712</ele>
        <time>2026-08-21T14:15:39.290Z</time>
      </trkpt>
      <trkpt lat="-7.408861" lon="108.243835">
        <ele>417.121267</ele>
        <time>2026-08-21T14:15:41.198Z</time>
      </trkpt>
      <trkpt lat="-7.408864" lon="108.243870">
        <ele>417.065250</ele>
        <time>2026-08-21T14:15:41.943Z</time>
      </trkpt>
      <trkpt lat="-7.408861" lon="108.243903">
        <ele>417.012410</ele>
        <time>2026-08-21T14:15:42.646Z</time>
      </trkpt>
      <trkpt lat="-7.408851" lon="108.243971">
        <ele>416.902796</ele>
        <time>2026-08-21T14:15:44.104Z</time>
      </trkpt>
      <trkpt lat="-7.408851" lon="108.244009">
        <ele>416.842203</ele>
        <time>2026-08-21T14:15:44.910Z</time>
      </trkpt>
      <trkpt lat="-7.408853" lon="108.244044">
        <ele>416.786302</ele>
        <time>2026-08-21T14:15:45.654Z</time>
      </trkpt>
      <trkpt lat="-7.408864" lon="108.244107">
        <ele>416.684301</ele>
        <time>2026-08-21T14:15:47.011Z</time>
      </trkpt>
      <trkpt lat="-7.408867" lon="108.244181">
        <ele>416.566206</ele>
        <time>2026-08-21T14:15:48.581Z</time>
      </trkpt>
      <trkpt lat="-7.408871" lon="108.244226">
        <ele>416.494164</ele>
        <time>2026-08-21T14:15:49.540Z</time>
      </trkpt>
      <trkpt lat="-7.408880" lon="108.244269">
        <ele>416.424089</ele>
        <time>2026-08-21T14:15:50.472Z</time>
      </trkpt>
      <trkpt lat="-7.408886" lon="108.244326">
        <ele>416.332690</ele>
        <time>2026-08-21T14:15:51.687Z</time>
      </trkpt>
      <trkpt lat="-7.408889" lon="108.244381">
        <ele>416.244857</ele>
        <time>2026-08-21T14:15:52.856Z</time>
      </trkpt>
      <trkpt lat="-7.408891" lon="108.244477">
        <ele>416.091748</ele>
        <time>2026-08-21T14:15:54.892Z</time>
      </trkpt>
      <trkpt lat="-7.408904" lon="108.244569">
        <ele>415.943569</ele>
        <time>2026-08-21T14:15:56.863Z</time>
      </trkpt>
      <trkpt lat="-7.408915" lon="108.244613">
        <ele>415.871214</ele>
        <time>2026-08-21T14:15:57.825Z</time>
      </trkpt>
      <trkpt lat="-7.408930" lon="108.244660">
        <ele>415.792485</ele>
        <time>2026-08-21T14:15:58.873Z</time>
      </trkpt>
      <trkpt lat="-7.408950" lon="108.244758">
        <ele>415.632945</ele>
        <time>2026-08-21T14:16:00.995Z</time>
      </trkpt>
      <trkpt lat="-7.408956" lon="108.244801">
        <ele>415.563705</ele>
        <time>2026-08-21T14:16:01.915Z</time>
      </trkpt>
      <trkpt lat="-7.408959" lon="108.244849">
        <ele>415.487015</ele>
        <time>2026-08-21T14:16:02.935Z</time>
      </trkpt>
      <trkpt lat="-7.408960" lon="108.244966">
        <ele>415.300447</ele>
        <time>2026-08-21T14:16:05.417Z</time>
      </trkpt>
      <trkpt lat="-7.408966" lon="108.245033">
        <ele>415.196587</ele>
        <time>2026-08-21T14:16:06.844Z</time>
      </trkpt>
      <trkpt lat="-7.408965" lon="108.245089">
        <ele>415.123098</ele>
        <time>2026-08-21T14:16:08.032Z</time>
      </trkpt>
      <trkpt lat="-7.408960" lon="108.245145">
        <ele>415.049323</ele>
        <time>2026-08-21T14:16:09.224Z</time>
      </trkpt>
      <trkpt lat="-7.408950" lon="108.245194">
        <ele>414.983683</ele>
        <time>2026-08-21T14:16:10.285Z</time>
      </trkpt>
      <trkpt lat="-7.408944" lon="108.245277">
        <ele>414.874490</ele>
        <time>2026-08-21T14:16:12.050Z</time>
      </trkpt>
      <trkpt lat="-7.408935" lon="108.245315">
        <ele>414.823228</ele>
        <time>2026-08-21T14:16:12.878Z</time>
      </trkpt>
      <trkpt lat="-7.408922" lon="108.245355">
        <ele>414.767997</ele>
        <time>2026-08-21T14:16:13.771Z</time>
      </trkpt>
      <trkpt lat="-7.408906" lon="108.245393">
        <ele>414.713829</ele>
        <time>2026-08-21T14:16:14.647Z</time>
      </trkpt>
      <trkpt lat="-7.408856" lon="108.245468">
        <ele>414.595251</ele>
        <time>2026-08-21T14:16:16.563Z</time>
      </trkpt>
      <trkpt lat="-7.408833" lon="108.245513">
        <ele>414.528825</ele>
        <time>2026-08-21T14:16:17.637Z</time>
      </trkpt>
      <trkpt lat="-7.408815" lon="108.245563">
        <ele>414.459031</ele>
        <time>2026-08-21T14:16:18.765Z</time>
      </trkpt>
      <trkpt lat="-7.408818" lon="108.245656">
        <ele>414.336941</ele>
        <time>2026-08-21T14:16:20.738Z</time>
      </trkpt>
      <trkpt lat="-7.408827" lon="108.245705">
        <ele>414.271555</ele>
        <time>2026-08-21T14:16:21.795Z</time>
      </trkpt>
      <trkpt lat="-7.408860" lon="108.245772">
        <ele>414.173398</ele>
        <time>2026-08-21T14:16:23.381Z</time>
      </trkpt>
      <trkpt lat="-7.408875" lon="108.245811">
        <ele>414.118512</ele>
        <time>2026-08-21T14:16:24.268Z</time>
      </trkpt>
      <trkpt lat="-7.408882" lon="108.245840">
        <ele>414.079350</ele>
        <time>2026-08-21T14:16:24.901Z</time>
      </trkpt>
      <trkpt lat="-7.408893" lon="108.245875">
        <ele>414.031176</ele>
        <time>2026-08-21T14:16:25.680Z</time>
      </trkpt>
      <trkpt lat="-7.408922" lon="108.245954">
        <ele>413.920646</ele>
        <time>2026-08-21T14:16:27.466Z</time>
      </trkpt>
      <trkpt lat="-7.408926" lon="108.245990">
        <ele>413.873115</ele>
        <time>2026-08-21T14:16:28.234Z</time>
      </trkpt>
      <trkpt lat="-7.408932" lon="108.246024">
        <ele>413.827802</ele>
        <time>2026-08-21T14:16:28.966Z</time>
      </trkpt>
      <trkpt lat="-7.408949" lon="108.246096">
        <ele>413.730691</ele>
        <time>2026-08-21T14:16:30.536Z</time>
      </trkpt>
      <trkpt lat="-7.408951" lon="108.246138">
        <ele>413.675519</ele>
        <time>2026-08-21T14:16:31.427Z</time>
      </trkpt>
      <trkpt lat="-7.408950" lon="108.246153">
        <ele>413.655793</ele>
        <time>2026-08-21T14:16:31.746Z</time>
      </trkpt>
      <trkpt lat="-7.408958" lon="108.246254">
        <ele>413.522849</ele>
        <time>2026-08-21T14:16:33.895Z</time>
      </trkpt>
      <trkpt lat="-7.408951" lon="108.246311">
        <ele>413.447488</ele>
        <time>2026-08-21T14:16:35.113Z</time>
      </trkpt>
      <trkpt lat="-7.408928" lon="108.246362">
        <ele>413.373976</ele>
        <time>2026-08-21T14:16:36.301Z</time>
      </trkpt>
      <trkpt lat="-7.408899" lon="108.246418">
        <ele>413.291083</ele>
        <time>2026-08-21T14:16:37.641Z</time>
      </trkpt>
      <trkpt lat="-7.408865" lon="108.246478">
        <ele>413.200410</ele>
        <time>2026-08-21T14:16:39.106Z</time>
      </trkpt>
      <trkpt lat="-7.408827" lon="108.246527">
        <ele>413.118792</ele>
        <time>2026-08-21T14:16:40.425Z</time>
      </trkpt>
      <trkpt lat="-7.408783" lon="108.246578">
        <ele>413.030094</ele>
        <time>2026-08-21T14:16:41.859Z</time>
      </trkpt>
      <trkpt lat="-7.408740" lon="108.246617">
        <ele>412.953572</ele>
        <time>2026-08-21T14:16:43.096Z</time>
      </trkpt>
      <trkpt lat="-7.408691" lon="108.246644">
        <ele>412.879690</ele>
        <time>2026-08-21T14:16:44.290Z</time>
      </trkpt>
      <trkpt lat="-7.408581" lon="108.246694">
        <ele>412.599121</ele>
        <time>2026-08-21T14:16:46.870Z</time>
      </trkpt>
      <trkpt lat="-7.408524" lon="108.246713">
        <ele>412.434319</ele>
        <time>2026-08-21T14:16:48.154Z</time>
      </trkpt>
      <trkpt lat="-7.408474" lon="108.246724">
        <ele>412.293832</ele>
        <time>2026-08-21T14:16:49.249Z</time>
      </trkpt>
      <trkpt lat="-7.408428" lon="108.246729">
        <ele>412.166823</ele>
        <time>2026-08-21T14:16:50.238Z</time>
      </trkpt>
      <trkpt lat="-7.408377" lon="108.246720">
        <ele>412.024692</ele>
        <time>2026-08-21T14:16:51.345Z</time>
      </trkpt>
      <trkpt lat="-7.408324" lon="108.246705">
        <ele>411.873577</ele>
        <time>2026-08-21T14:16:52.523Z</time>
      </trkpt>
      <trkpt lat="-7.408273" lon="108.246687">
        <ele>411.725246</ele>
        <time>2026-08-21T14:16:53.678Z</time>
      </trkpt>
      <trkpt lat="-7.408274" lon="108.246714">
        <ele>411.651694</ele>
        <time>2026-08-21T14:16:54.256Z</time>
      </trkpt>
      <trkpt lat="-7.407605" lon="108.246747">
        <ele>409.812981</ele>
        <time>2026-08-21T14:17:04.563Z</time>
      </trkpt>
      <trkpt lat="-7.407597" lon="108.246581">
        <ele>409.360554</ele>
        <time>2026-08-21T14:17:08.080Z</time>
      </trkpt>
      <trkpt lat="-7.407546" lon="108.246568">
        <ele>409.216147</ele>
        <time>2026-08-21T14:17:09.206Z</time>
      </trkpt>
      <trkpt lat="-7.407489" lon="108.246547">
        <ele>409.049556</ele>
        <time>2026-08-21T14:17:10.504Z</time>
      </trkpt>
      <trkpt lat="-7.407447" lon="108.246555">
        <ele>408.932220</ele>
        <time>2026-08-21T14:17:11.419Z</time>
      </trkpt>
      <trkpt lat="-7.407361" lon="108.246588">
        <ele>408.679622</ele>
        <time>2026-08-21T14:17:13.388Z</time>
      </trkpt>
      <trkpt lat="-7.407315" lon="108.246616">
        <ele>408.532122</ele>
        <time>2026-08-21T14:17:14.537Z</time>
      </trkpt>
      <trkpt lat="-7.407253" lon="108.246676">
        <ele>408.296227</ele>
        <time>2026-08-21T14:17:16.376Z</time>
      </trkpt>
      <trkpt lat="-7.407215" lon="108.246705">
        <ele>408.165405</ele>
        <time>2026-08-21T14:17:17.396Z</time>
      </trkpt>
      <trkpt lat="-7.407182" lon="108.246717">
        <ele>408.069105</ele>
        <time>2026-08-21T14:17:18.146Z</time>
      </trkpt>
      <trkpt lat="-7.407172" lon="108.246719">
        <ele>408.041119</ele>
        <time>2026-08-21T14:17:18.364Z</time>
      </trkpt>
      <trkpt lat="-7.407142" lon="108.246690">
        <ele>407.927036</ele>
        <time>2026-08-21T14:17:19.254Z</time>
      </trkpt>
      <trkpt lat="-7.407096" lon="108.246638">
        <ele>407.796393</ele>
        <time>2026-08-21T14:17:20.732Z</time>
      </trkpt>
      <trkpt lat="-7.407097" lon="108.246608">
        <ele>407.745290</ele>
        <time>2026-08-21T14:17:21.369Z</time>
      </trkpt>
      <trkpt lat="-7.407029" lon="108.246565">
        <ele>407.607493</ele>
        <time>2026-08-21T14:17:23.086Z</time>
      </trkpt>
      <trkpt lat="-7.407026" lon="108.246572">
        <ele>407.594510</ele>
        <time>2026-08-21T14:17:23.245Z</time>
      </trkpt>
      <trkpt lat="-7.406554" lon="108.246378">
        <ele>406.719453</ele>
        <time>2026-08-21T14:17:30.983Z</time>
      </trkpt>
      <trkpt lat="-7.406357" lon="108.246346">
        <ele>406.376882</ele>
        <time>2026-08-21T14:17:34.199Z</time>
      </trkpt>
      <trkpt lat="-7.406299" lon="108.246363">
        <ele>406.273187</ele>
        <time>2026-08-21T14:17:35.190Z</time>
      </trkpt>
      <trkpt lat="-7.406349" lon="108.246532">
        <ele>405.972935</ele>
        <time>2026-08-21T14:17:38.929Z</time>
      </trkpt>
      <trkpt lat="-7.406316" lon="108.246552">
        <ele>405.906836</ele>
        <time>2026-08-21T14:17:39.752Z</time>
      </trkpt>
      <trkpt lat="-7.406258" lon="108.246581">
        <ele>405.795693</ele>
        <time>2026-08-21T14:17:41.137Z</time>
      </trkpt>
      <trkpt lat="-7.406220" lon="108.246587">
        <ele>405.729659</ele>
        <time>2026-08-21T14:17:41.959Z</time>
      </trkpt>
      <trkpt lat="-7.406208" lon="108.246587">
        <ele>405.709058</ele>
        <time>2026-08-21T14:17:42.216Z</time>
      </trkpt>
      <trkpt lat="-7.406157" lon="108.246593">
        <ele>405.620907</ele>
        <time>2026-08-21T14:17:43.314Z</time>
      </trkpt>
      <trkpt lat="-7.406107" lon="108.246601">
        <ele>405.533993</ele>
        <time>2026-08-21T14:17:44.396Z</time>
      </trkpt>
      <trkpt lat="-7.406068" lon="108.246604">
        <ele>405.466843</ele>
        <time>2026-08-21T14:17:45.233Z</time>
      </trkpt>
      <trkpt lat="-7.406018" lon="108.246605">
        <ele>405.380985</ele>
        <time>2026-08-21T14:17:46.302Z</time>
      </trkpt>
      <trkpt lat="-7.405936" lon="108.246610">
        <ele>405.239950</ele>
        <time>2026-08-21T14:17:48.059Z</time>
      </trkpt>
      <trkpt lat="-7.405851" lon="108.246609">
        <ele>405.094012</ele>
        <time>2026-08-21T14:17:49.876Z</time>
      </trkpt>
      <trkpt lat="-7.405836" lon="108.246611">
        <ele>405.068035</ele>
        <time>2026-08-21T14:17:50.200Z</time>
      </trkpt>
      <trkpt lat="-7.405823" lon="108.246615">
        <ele>405.044701</ele>
        <time>2026-08-21T14:17:50.491Z</time>
      </trkpt>
      <trkpt lat="-7.405811" lon="108.246623">
        <ele>405.020004</ele>
        <time>2026-08-21T14:17:50.798Z</time>
      </trkpt>
      <trkpt lat="-7.405804" lon="108.246635">
        <ele>404.996302</ele>
        <time>2026-08-21T14:17:51.093Z</time>
      </trkpt>
      <trkpt lat="-7.405805" lon="108.246637">
        <ele>404.992489</ele>
        <time>2026-08-21T14:17:51.141Z</time>
      </trkpt>
      <trkpt lat="-7.405799" lon="108.246648">
        <ele>404.971115</ele>
        <time>2026-08-21T14:17:51.407Z</time>
      </trkpt>
      <trkpt lat="-7.405793" lon="108.246669">
        <ele>404.933909</ele>
        <time>2026-08-21T14:17:51.871Z</time>
      </trkpt>
      <trkpt lat="-7.405793" lon="108.246699">
        <ele>404.882834</ele>
        <time>2026-08-21T14:17:52.507Z</time>
      </trkpt>
      <trkpt lat="-7.405796" lon="108.246708">
        <ele>404.866669</ele>
        <time>2026-08-21T14:17:52.708Z</time>
      </trkpt>
      <trkpt lat="-7.405815" lon="108.246746">
        <ele>404.801888</ele>
        <time>2026-08-21T14:17:53.611Z</time>
      </trkpt>
      <trkpt lat="-7.405818" lon="108.246781">
        <ele>404.777811</ele>
        <time>2026-08-21T14:17:54.355Z</time>
      </trkpt>
      <trkpt lat="-7.405814" lon="108.246798">
        <ele>404.765837</ele>
        <time>2026-08-21T14:17:54.726Z</time>
      </trkpt>
      <trkpt lat="-7.405802" lon="108.246831">
        <ele>404.741747</ele>
        <time>2026-08-21T14:17:55.471Z</time>
      </trkpt>
      <trkpt lat="-7.405793" lon="108.246847">
        <ele>404.729140</ele>
        <time>2026-08-21T14:17:55.861Z</time>
      </trkpt>
      <trkpt lat="-7.405774" lon="108.246869">
        <ele>404.709146</ele>
        <time>2026-08-21T14:17:56.480Z</time>
      </trkpt>
      <trkpt lat="-7.405744" lon="108.246897">
        <ele>404.680894</ele>
        <time>2026-08-21T14:17:57.354Z</time>
      </trkpt>
      <trkpt lat="-7.405722" lon="108.246916">
        <ele>404.660876</ele>
        <time>2026-08-21T14:17:57.974Z</time>
      </trkpt>
      <trkpt lat="-7.405705" lon="108.246920">
        <ele>404.648811</ele>
        <time>2026-08-21T14:17:58.347Z</time>
      </trkpt>
      <trkpt lat="-7.405695" lon="108.246925">
        <ele>404.641097</ele>
        <time>2026-08-21T14:17:58.586Z</time>
      </trkpt>
      <trkpt lat="-7.405686" lon="108.246934">
        <ele>404.632337</ele>
        <time>2026-08-21T14:17:58.857Z</time>
      </trkpt>
      <trkpt lat="-7.405675" lon="108.246952">
        <ele>404.617846</ele>
        <time>2026-08-21T14:17:59.305Z</time>
      </trkpt>
      <trkpt lat="-7.405660" lon="108.246984">
        <ele>404.593588</ele>
        <time>2026-08-21T14:18:00.055Z</time>
      </trkpt>
      <trkpt lat="-7.405660" lon="108.246993">
        <ele>404.587419</ele>
        <time>2026-08-21T14:18:00.246Z</time>
      </trkpt>
      <trkpt lat="-7.405665" lon="108.247014">
        <ele>404.572618</ele>
        <time>2026-08-21T14:18:00.704Z</time>
      </trkpt>
      <trkpt lat="-7.405682" lon="108.247042">
        <ele>404.550117</ele>
        <time>2026-08-21T14:18:01.400Z</time>
      </trkpt>
      <trkpt lat="-7.405686" lon="108.247053">
        <ele>404.542087</ele>
        <time>2026-08-21T14:18:01.649Z</time>
      </trkpt>
      <trkpt lat="-7.405686" lon="108.247094">
        <ele>404.513987</ele>
        <time>2026-08-21T14:18:02.518Z</time>
      </trkpt>
      <trkpt lat="-7.405687" lon="108.247104">
        <ele>404.507099</ele>
        <time>2026-08-21T14:18:02.731Z</time>
      </trkpt>
      <trkpt lat="-7.405690" lon="108.247113">
        <ele>404.500591</ele>
        <time>2026-08-21T14:18:02.933Z</time>
      </trkpt>
      <trkpt lat="-7.405691" lon="108.247111">
        <ele>404.499056</ele>
        <time>2026-08-21T14:18:02.980Z</time>
      </trkpt>
      <trkpt lat="-7.405691" lon="108.247106">
        <ele>404.495630</ele>
        <time>2026-08-21T14:18:03.086Z</time>
      </trkpt>
      <trkpt lat="-7.405686" lon="108.247096">
        <ele>404.487954</ele>
        <time>2026-08-21T14:18:03.324Z</time>
      </trkpt>
      <trkpt lat="-7.405686" lon="108.247088">
        <ele>404.482471</ele>
        <time>2026-08-21T14:18:03.493Z</time>
      </trkpt>
      <trkpt lat="-7.405689" lon="108.247121">
        <ele>404.459760</ele>
        <time>2026-08-21T14:18:04.196Z</time>
      </trkpt>
      <trkpt lat="-7.405683" lon="108.247133">
        <ele>404.450549</ele>
        <time>2026-08-21T14:18:04.481Z</time>
      </trkpt>
      <trkpt lat="-7.405668" lon="108.247176">
        <ele>404.419308</ele>
        <time>2026-08-21T14:18:05.448Z</time>
      </trkpt>
      <trkpt lat="-7.405661" lon="108.247189">
        <ele>404.409170</ele>
        <time>2026-08-21T14:18:05.761Z</time>
      </trkpt>
      <trkpt lat="-7.405649" lon="108.247235">
        <ele>404.376571</ele>
        <time>2026-08-21T14:18:06.770Z</time>
      </trkpt>
      <trkpt lat="-7.405636" lon="108.247275">
        <ele>404.347722</ele>
        <time>2026-08-21T14:18:07.663Z</time>
      </trkpt>
      <trkpt lat="-7.405634" lon="108.247285">
        <ele>404.340730</ele>
        <time>2026-08-21T14:18:07.879Z</time>
      </trkpt>
      <trkpt lat="-7.405628" lon="108.247359">
        <ele>404.289844</ele>
        <time>2026-08-21T14:18:09.453Z</time>
      </trkpt>
      <trkpt lat="-7.405621" lon="108.247369">
        <ele>404.281455</ele>
        <time>2026-08-21T14:18:09.713Z</time>
      </trkpt>
      <trkpt lat="-7.405606" lon="108.247379">
        <ele>404.269028</ele>
        <time>2026-08-21T14:18:10.098Z</time>
      </trkpt>
      <trkpt lat="-7.405591" lon="108.247382">
        <ele>404.258459</ele>
        <time>2026-08-21T14:18:10.425Z</time>
      </trkpt>
      <trkpt lat="-7.405577" lon="108.247382">
        <ele>404.248783</ele>
        <time>2026-08-21T14:18:10.724Z</time>
      </trkpt>
      <trkpt lat="-7.405547" lon="108.247378">
        <ele>404.227869</ele>
        <time>2026-08-21T14:18:11.371Z</time>
      </trkpt>
      <trkpt lat="-7.405518" lon="108.247380">
        <ele>404.207780</ele>
        <time>2026-08-21T14:18:11.993Z</time>
      </trkpt>
      <trkpt lat="-7.405505" lon="108.247385">
        <ele>404.198164</ele>
        <time>2026-08-21T14:18:12.290Z</time>
      </trkpt>
      <trkpt lat="-7.405491" lon="108.247393">
        <ele>404.187042</ele>
        <time>2026-08-21T14:18:12.634Z</time>
      </trkpt>
      <trkpt lat="-7.405481" lon="108.247403">
        <ele>404.177309</ele>
        <time>2026-08-21T14:18:12.935Z</time>
      </trkpt>
      <trkpt lat="-7.405457" lon="108.247419">
        <ele>404.157425</ele>
        <time>2026-08-21T14:18:13.551Z</time>
      </trkpt>
      <trkpt lat="-7.405441" lon="108.247425">
        <ele>404.145627</ele>
        <time>2026-08-21T14:18:13.916Z</time>
      </trkpt>
      <trkpt lat="-7.405408" lon="108.247433">
        <ele>404.122170</ele>
        <time>2026-08-21T14:18:14.641Z</time>
      </trkpt>
      <trkpt lat="-7.405383" lon="108.247446">
        <ele>404.102730</ele>
        <time>2026-08-21T14:18:15.243Z</time>
      </trkpt>
      <trkpt lat="-7.405323" lon="108.247471">
        <ele>404.057862</ele>
        <time>2026-08-21T14:18:16.631Z</time>
      </trkpt>
      <trkpt lat="-7.405302" lon="108.247484">
        <ele>404.040832</ele>
        <time>2026-08-21T14:18:17.158Z</time>
      </trkpt>
      <trkpt lat="-7.405275" lon="108.247497">
        <ele>404.020154</ele>
        <time>2026-08-21T14:18:17.798Z</time>
      </trkpt>
      <trkpt lat="-7.405257" lon="108.247509">
        <ele>404.005241</ele>
        <time>2026-08-21T14:18:18.259Z</time>
      </trkpt>
      <trkpt lat="-7.405244" lon="108.247520">
        <ele>403.993512</ele>
        <time>2026-08-21T14:18:18.622Z</time>
      </trkpt>
      <trkpt lat="-7.405213" lon="108.247558">
        <ele>403.959789</ele>
        <time>2026-08-21T14:18:19.666Z</time>
      </trkpt>
      <trkpt lat="-7.405187" lon="108.247573">
        <ele>403.939086</ele>
        <time>2026-08-21T14:18:20.306Z</time>
      </trkpt>
      <trkpt lat="-7.405141" lon="108.247593">
        <ele>403.904466</ele>
        <time>2026-08-21T14:18:21.377Z</time>
      </trkpt>
      <trkpt lat="-7.405037" lon="108.247642">
        <ele>403.825130</ele>
        <time>2026-08-21T14:18:23.832Z</time>
      </trkpt>
      <trkpt lat="-7.405022" lon="108.247651">
        <ele>403.813067</ele>
        <time>2026-08-21T14:18:24.206Z</time>
      </trkpt>
      <trkpt lat="-7.405000" lon="108.247675">
        <ele>403.790668</ele>
        <time>2026-08-21T14:18:24.899Z</time>
      </trkpt>
      <trkpt lat="-7.404964" lon="108.247696">
        <ele>403.761924</ele>
        <time>2026-08-21T14:18:25.788Z</time>
      </trkpt>
      <trkpt lat="-7.404947" lon="108.247709">
        <ele>403.747179</ele>
        <time>2026-08-21T14:18:26.244Z</time>
      </trkpt>
      <trkpt lat="-7.404912" lon="108.247744">
        <ele>403.713112</ele>
        <time>2026-08-21T14:18:27.298Z</time>
      </trkpt>
      <trkpt lat="-7.404889" lon="108.247770">
        <ele>403.689233</ele>
        <time>2026-08-21T14:18:28.037Z</time>
      </trkpt>
      <trkpt lat="-7.404841" lon="108.247846">
        <ele>403.627479</ele>
        <time>2026-08-21T14:18:29.948Z</time>
      </trkpt>
      <trkpt lat="-7.404831" lon="108.247826">
        <ele>403.612128</ele>
        <time>2026-08-21T14:18:30.423Z</time>
      </trkpt>
      <trkpt lat="-7.404825" lon="108.247818">
        <ele>403.605253</ele>
        <time>2026-08-21T14:18:30.636Z</time>
      </trkpt>
      <trkpt lat="-7.404822" lon="108.247817">
        <ele>403.603070</ele>
        <time>2026-08-21T14:18:30.704Z</time>
      </trkpt>
      <trkpt lat="-7.404825" lon="108.247819">
        <ele>403.600584</ele>
        <time>2026-08-21T14:18:30.781Z</time>
      </trkpt>
      <trkpt lat="-7.404827" lon="108.247824">
        <ele>403.596889</ele>
        <time>2026-08-21T14:18:30.895Z</time>
      </trkpt>
      <trkpt lat="-7.404830" lon="108.247839">
        <ele>403.586402</ele>
        <time>2026-08-21T14:18:31.219Z</time>
      </trkpt>
      <trkpt lat="-7.404828" lon="108.247851">
        <ele>403.578062</ele>
        <time>2026-08-21T14:18:31.478Z</time>
      </trkpt>
      <trkpt lat="-7.404816" lon="108.247877">
        <ele>403.549669</ele>
        <time>2026-08-21T14:18:32.086Z</time>
      </trkpt>
      <trkpt lat="-7.404803" lon="108.247900">
        <ele>403.503031</ele>
        <time>2026-08-21T14:18:32.647Z</time>
      </trkpt>
      <trkpt lat="-7.404804" lon="108.247900">
        <ele>403.501255</ele>
        <time>2026-08-21T14:18:32.669Z</time>
      </trkpt>
      <trkpt lat="-7.404801" lon="108.247892">
        <ele>403.486187</ele>
        <time>2026-08-21T14:18:32.850Z</time>
      </trkpt>
      <trkpt lat="-7.404794" lon="108.247893">
        <ele>403.473628</ele>
        <time>2026-08-21T14:18:33.001Z</time>
      </trkpt>
      <trkpt lat="-7.404785" lon="108.247890">
        <ele>403.456789</ele>
        <time>2026-08-21T14:18:33.204Z</time>
      </trkpt>
      <trkpt lat="-7.404778" lon="108.247893">
        <ele>403.443277</ele>
        <time>2026-08-21T14:18:33.367Z</time>
      </trkpt>
      <trkpt lat="-7.404725" lon="108.247979">
        <ele>403.264901</ele>
        <time>2026-08-21T14:18:35.514Z</time>
      </trkpt>
      <trkpt lat="-7.404673" lon="108.248052">
        <ele>403.106560</ele>
        <time>2026-08-21T14:18:37.420Z</time>
      </trkpt>
      <trkpt lat="-7.404652" lon="108.248091">
        <ele>403.028380</ele>
        <time>2026-08-21T14:18:38.362Z</time>
      </trkpt>
      <trkpt lat="-7.404642" lon="108.248122">
        <ele>402.970952</ele>
        <time>2026-08-21T14:18:39.053Z</time>
      </trkpt>
      <trkpt lat="-7.404641" lon="108.248134">
        <ele>402.949737</ele>
        <time>2026-08-21T14:18:39.309Z</time>
      </trkpt>
      <trkpt lat="-7.404643" lon="108.248213">
        <ele>402.810520</ele>
        <time>2026-08-21T14:18:40.985Z</time>
      </trkpt>
      <trkpt lat="-7.404642" lon="108.248243">
        <ele>402.757640</ele>
        <time>2026-08-21T14:18:41.621Z</time>
      </trkpt>
      <trkpt lat="-7.404613" lon="108.248338">
        <ele>402.582532</ele>
        <time>2026-08-21T14:18:43.729Z</time>
      </trkpt>
      <trkpt lat="-7.404598" lon="108.248379">
        <ele>402.505545</ele>
        <time>2026-08-21T14:18:44.656Z</time>
      </trkpt>
      <trkpt lat="-7.404571" lon="108.248422">
        <ele>402.415885</ele>
        <time>2026-08-21T14:18:45.735Z</time>
      </trkpt>
      <trkpt lat="-7.404514" lon="108.248507">
        <ele>402.235120</ele>
        <time>2026-08-21T14:18:47.912Z</time>
      </trkpt>
      <trkpt lat="-7.404470" lon="108.248549">
        <ele>402.127490</ele>
        <time>2026-08-21T14:18:49.207Z</time>
      </trkpt>
      <trkpt lat="-7.404462" lon="108.248560">
        <ele>402.103459</ele>
        <time>2026-08-21T14:18:49.497Z</time>
      </trkpt>
      <trkpt lat="-7.404430" lon="108.248615">
        <ele>401.991122</ele>
        <time>2026-08-21T14:18:50.849Z</time>
      </trkpt>
      <trkpt lat="-7.404425" lon="108.248630">
        <ele>401.963244</ele>
        <time>2026-08-21T14:18:51.185Z</time>
      </trkpt>
      <trkpt lat="-7.404422" lon="108.248667">
        <ele>401.897845</ele>
        <time>2026-08-21T14:18:51.972Z</time>
      </trkpt>
      <trkpt lat="-7.404418" lon="108.248687">
        <ele>401.861902</ele>
        <time>2026-08-21T14:18:52.405Z</time>
      </trkpt>
      <trkpt lat="-7.404407" lon="108.248736">
        <ele>401.773396</ele>
        <time>2026-08-21T14:18:53.470Z</time>
      </trkpt>
      <trkpt lat="-7.404402" lon="108.248745">
        <ele>401.755223</ele>
        <time>2026-08-21T14:18:53.689Z</time>
      </trkpt>
      <trkpt lat="-7.404397" lon="108.248771">
        <ele>401.708566</ele>
        <time>2026-08-21T14:18:54.251Z</time>
      </trkpt>
      <trkpt lat="-7.404398" lon="108.248799">
        <ele>401.659208</ele>
        <time>2026-08-21T14:18:54.845Z</time>
      </trkpt>
      <trkpt lat="-7.404402" lon="108.248813">
        <ele>401.633541</ele>
        <time>2026-08-21T14:18:55.154Z</time>
      </trkpt>
      <trkpt lat="-7.404413" lon="108.248917">
        <ele>401.449289</ele>
        <time>2026-08-21T14:18:57.372Z</time>
      </trkpt>
      <trkpt lat="-7.404425" lon="108.248946">
        <ele>401.393931</ele>
        <time>2026-08-21T14:18:58.038Z</time>
      </trkpt>
      <trkpt lat="-7.404445" lon="108.248981">
        <ele>401.322769</ele>
        <time>2026-08-21T14:18:58.895Z</time>
      </trkpt>
      <trkpt lat="-7.404449" lon="108.248992">
        <ele>401.302129</ele>
        <time>2026-08-21T14:18:59.144Z</time>
      </trkpt>
      <trkpt lat="-7.404470" lon="108.249082">
        <ele>401.139249</ele>
        <time>2026-08-21T14:19:01.104Z</time>
      </trkpt>
      <trkpt lat="-7.404490" lon="108.249123">
        <ele>401.058755</ele>
        <time>2026-08-21T14:19:02.073Z</time>
      </trkpt>
      <trkpt lat="-7.404561" lon="108.249210">
        <ele>400.860263</ele>
        <time>2026-08-21T14:19:04.463Z</time>
      </trkpt>
      <trkpt lat="-7.404630" lon="108.249266">
        <ele>400.702918</ele>
        <time>2026-08-21T14:19:06.357Z</time>
      </trkpt>
      <trkpt lat="-7.404647" lon="108.249286">
        <ele>400.656513</ele>
        <time>2026-08-21T14:19:06.916Z</time>
      </trkpt>
      <trkpt lat="-7.404656" lon="108.249300">
        <ele>400.627121</ele>
        <time>2026-08-21T14:19:07.269Z</time>
      </trkpt>
      <trkpt lat="-7.404651" lon="108.249312">
        <ele>400.604190</ele>
        <time>2026-08-21T14:19:07.546Z</time>
      </trkpt>
      <trkpt lat="-7.404653" lon="108.249313">
        <ele>400.600225</ele>
        <time>2026-08-21T14:19:07.593Z</time>
      </trkpt>
      <trkpt lat="-7.404657" lon="108.249322">
        <ele>400.582850</ele>
        <time>2026-08-21T14:19:07.802Z</time>
      </trkpt>
      <trkpt lat="-7.404664" lon="108.249330">
        <ele>400.564055</ele>
        <time>2026-08-21T14:19:08.029Z</time>
      </trkpt>
      <trkpt lat="-7.404662" lon="108.249330">
        <ele>400.560502</ele>
        <time>2026-08-21T14:19:08.071Z</time>
      </trkpt>
      <trkpt lat="-7.404663" lon="108.249331">
        <ele>400.558000</ele>
        <time>2026-08-21T14:19:08.102Z</time>
      </trkpt>
      <trkpt lat="-7.404658" lon="108.249378">
        <ele>400.474727</ele>
        <time>2026-08-21T14:19:09.104Z</time>
      </trkpt>
      <trkpt lat="-7.404644" lon="108.249395">
        <ele>400.435798</ele>
        <time>2026-08-21T14:19:09.573Z</time>
      </trkpt>
      <trkpt lat="-7.404643" lon="108.249412">
        <ele>400.405797</ele>
        <time>2026-08-21T14:19:09.934Z</time>
      </trkpt>
      <trkpt lat="-7.404668" lon="108.249423">
        <ele>400.366906</ele>
        <time>2026-08-21T14:19:10.517Z</time>
      </trkpt>
      <trkpt lat="-7.404700" lon="108.249434">
        <ele>400.357332</ele>
        <time>2026-08-21T14:19:11.240Z</time>
      </trkpt>
      <trkpt lat="-7.404731" lon="108.249451">
        <ele>400.347339</ele>
        <time>2026-08-21T14:19:11.995Z</time>
      </trkpt>
      <trkpt lat="-7.404765" lon="108.249479">
        <ele>400.334908</ele>
        <time>2026-08-21T14:19:12.934Z</time>
      </trkpt>
      <trkpt lat="-7.404790" lon="108.249506">
        <ele>400.324534</ele>
        <time>2026-08-21T14:19:13.717Z</time>
      </trkpt>
      <trkpt lat="-7.404847" lon="108.249582">
        <ele>400.297774</ele>
        <time>2026-08-21T14:19:15.738Z</time>
      </trkpt>
      <trkpt lat="-7.404873" lon="108.249620">
        <ele>400.284809</ele>
        <time>2026-08-21T14:19:16.717Z</time>
      </trkpt>
      <trkpt lat="-7.404886" lon="108.249647">
        <ele>400.276381</ele>
        <time>2026-08-21T14:19:17.354Z</time>
      </trkpt>
      <trkpt lat="-7.404884" lon="108.249648">
        <ele>400.275748</ele>
        <time>2026-08-21T14:19:17.402Z</time>
      </trkpt>
      <trkpt lat="-7.404885" lon="108.249647">
        <ele>400.275350</ele>
        <time>2026-08-21T14:19:17.432Z</time>
      </trkpt>
      <trkpt lat="-7.404925" lon="108.249701">
        <ele>400.256421</ele>
        <time>2026-08-21T14:19:18.861Z</time>
      </trkpt>
      <trkpt lat="-7.404940" lon="108.249728">
        <ele>400.247730</ele>
        <time>2026-08-21T14:19:19.518Z</time>
      </trkpt>
      <trkpt lat="-7.404955" lon="108.249760">
        <ele>400.237790</ele>
        <time>2026-08-21T14:19:20.269Z</time>
      </trkpt>
      <trkpt lat="-7.404960" lon="108.249809">
        <ele>400.223957</ele>
        <time>2026-08-21T14:19:21.313Z</time>
      </trkpt>
      <trkpt lat="-7.404948" lon="108.249856">
        <ele>400.210328</ele>
        <time>2026-08-21T14:19:22.343Z</time>
      </trkpt>
      <trkpt lat="-7.404931" lon="108.249898">
        <ele>400.197588</ele>
        <time>2026-08-21T14:19:23.305Z</time>
      </trkpt>
      <trkpt lat="-7.404920" lon="108.249947">
        <ele>400.183480</ele>
        <time>2026-08-21T14:19:24.370Z</time>
      </trkpt>
      <trkpt lat="-7.404916" lon="108.249998">
        <ele>400.169113</ele>
        <time>2026-08-21T14:19:25.455Z</time>
      </trkpt>
      <trkpt lat="-7.404916" lon="108.250037">
        <ele>400.158161</ele>
        <time>2026-08-21T14:19:26.282Z</time>
      </trkpt>
      <trkpt lat="-7.404921" lon="108.250079">
        <ele>400.146281</ele>
        <time>2026-08-21T14:19:27.179Z</time>
      </trkpt>
      <trkpt lat="-7.404944" lon="108.250105">
        <ele>400.136497</ele>
        <time>2026-08-21T14:19:27.918Z</time>
      </trkpt>
      <trkpt lat="-7.404977" lon="108.250130">
        <ele>400.124808</ele>
        <time>2026-08-21T14:19:28.801Z</time>
      </trkpt>
      <trkpt lat="-7.405011" lon="108.250138">
        <ele>400.114921</ele>
        <time>2026-08-21T14:19:29.548Z</time>
      </trkpt>
      <trkpt lat="-7.405032" lon="108.250128">
        <ele>400.108344</ele>
        <time>2026-08-21T14:19:30.044Z</time>
      </trkpt>
      <trkpt lat="-7.405047" lon="108.250118">
        <ele>400.103252</ele>
        <time>2026-08-21T14:19:30.429Z</time>
      </trkpt>
      <trkpt lat="-7.405043" lon="108.250117">
        <ele>400.102085</ele>
        <time>2026-08-21T14:19:30.517Z</time>
      </trkpt>
      <trkpt lat="-7.405037" lon="108.250111">
        <ele>400.099692</ele>
        <time>2026-08-21T14:19:30.698Z</time>
      </trkpt>
      <trkpt lat="-7.405063" lon="108.250104">
        <ele>400.092071</ele>
        <time>2026-08-21T14:19:31.273Z</time>
      </trkpt>
      <trkpt lat="-7.405135" lon="108.250107">
        <ele>400.071664</ele>
        <time>2026-08-21T14:19:32.814Z</time>
      </trkpt>
      <trkpt lat="-7.405194" lon="108.250107">
        <ele>400.054956</ele>
        <time>2026-08-21T14:19:34.076Z</time>
      </trkpt>
      <trkpt lat="-7.405247" lon="108.250102">
        <ele>400.039882</ele>
        <time>2026-08-21T14:19:35.214Z</time>
      </trkpt>
      <trkpt lat="-7.405275" lon="108.250092">
        <ele>400.031470</ele>
        <time>2026-08-21T14:19:35.849Z</time>
      </trkpt>
      <trkpt lat="-7.405309" lon="108.250076">
        <ele>400.020844</ele>
        <time>2026-08-21T14:19:36.651Z</time>
      </trkpt>
      <trkpt lat="-7.405307" lon="108.250074">
        <ele>400.020047</ele>
        <time>2026-08-21T14:19:36.712Z</time>
      </trkpt>
      <trkpt lat="-7.405304" lon="108.250074">
        <ele>400.019197</ele>
        <time>2026-08-21T14:19:36.776Z</time>
      </trkpt>
      <trkpt lat="-7.405309" lon="108.250062">
        <ele>400.015542</ele>
        <time>2026-08-21T14:19:37.052Z</time>
      </trkpt>
      <trkpt lat="-7.405313" lon="108.250026">
        <ele>400.005369</ele>
        <time>2026-08-21T14:19:37.820Z</time>
      </trkpt>
      <trkpt lat="-7.405329" lon="108.249995">
        <ele>399.995555</ele>
        <time>2026-08-21T14:19:38.561Z</time>
      </trkpt>
      <trkpt lat="-7.405346" lon="108.249989">
        <ele>399.990454</ele>
        <time>2026-08-21T14:19:38.946Z</time>
      </trkpt>
      <trkpt lat="-7.405380" lon="108.249995">
        <ele>399.980679</ele>
        <time>2026-08-21T14:19:39.684Z</time>
      </trkpt>
      <trkpt lat="-7.405485" lon="108.249974">
        <ele>399.950365</ele>
        <time>2026-08-21T14:19:41.974Z</time>
      </trkpt>
      <trkpt lat="-7.405498" lon="108.249969">
        <ele>399.946425</ele>
        <time>2026-08-21T14:19:42.271Z</time>
      </trkpt>
      <trkpt lat="-7.405506" lon="108.249964">
        <ele>399.943760</ele>
        <time>2026-08-21T14:19:42.472Z</time>
      </trkpt>
      <trkpt lat="-7.405519" lon="108.249950">
        <ele>399.938374</ele>
        <time>2026-08-21T14:19:42.879Z</time>
      </trkpt>
      <trkpt lat="-7.405522" lon="108.249944">
        <ele>399.936487</ele>
        <time>2026-08-21T14:19:43.022Z</time>
      </trkpt>
      <trkpt lat="-7.405523" lon="108.249935">
        <ele>399.933943</ele>
        <time>2026-08-21T14:19:43.214Z</time>
      </trkpt>
      <trkpt lat="-7.405528" lon="108.249927">
        <ele>399.931288</ele>
        <time>2026-08-21T14:19:43.414Z</time>
      </trkpt>
      <trkpt lat="-7.405535" lon="108.249920">
        <ele>399.928496</ele>
        <time>2026-08-21T14:19:43.625Z</time>
      </trkpt>
      <trkpt lat="-7.405554" lon="108.249914">
        <ele>399.922858</ele>
        <time>2026-08-21T14:19:44.051Z</time>
      </trkpt>
      <trkpt lat="-7.405615" lon="108.249916">
        <ele>399.905574</ele>
        <time>2026-08-21T14:19:45.356Z</time>
      </trkpt>
      <trkpt lat="-7.405614" lon="108.249917">
        <ele>399.905175</ele>
        <time>2026-08-21T14:19:45.387Z</time>
      </trkpt>
      <trkpt lat="-7.405631" lon="108.249921">
        <ele>399.900232</ele>
        <time>2026-08-21T14:19:45.760Z</time>
      </trkpt>
      <trkpt lat="-7.405634" lon="108.249921">
        <ele>399.899382</ele>
        <time>2026-08-21T14:19:45.824Z</time>
      </trkpt>
      <trkpt lat="-7.405635" lon="108.249919">
        <ele>399.898753</ele>
        <time>2026-08-21T14:19:45.872Z</time>
      </trkpt>
      <trkpt lat="-7.405634" lon="108.249919">
        <ele>399.898470</ele>
        <time>2026-08-21T14:19:45.893Z</time>
      </trkpt>
      <trkpt lat="-7.405650" lon="108.249940">
        <ele>399.891033</ele>
        <time>2026-08-21T14:19:46.455Z</time>
      </trkpt>
      <trkpt lat="-7.405643" lon="108.249940">
        <ele>399.889051</ele>
        <time>2026-08-21T14:19:46.604Z</time>
      </trkpt>
      <trkpt lat="-7.405646" lon="108.249939">
        <ele>399.888156</ele>
        <time>2026-08-21T14:19:46.672Z</time>
      </trkpt>
      <trkpt lat="-7.405680" lon="108.249947">
        <ele>399.878269</ele>
        <time>2026-08-21T14:19:47.419Z</time>
      </trkpt>
      <trkpt lat="-7.405683" lon="108.249946">
        <ele>399.877374</ele>
        <time>2026-08-21T14:19:47.486Z</time>
      </trkpt>
      <trkpt lat="-7.405684" lon="108.249948">
        <ele>399.876745</ele>
        <time>2026-08-21T14:19:47.534Z</time>
      </trkpt>
      <trkpt lat="-7.405683" lon="108.249947">
        <ele>399.876346</ele>
        <time>2026-08-21T14:19:47.564Z</time>
      </trkpt>
      <trkpt lat="-7.405690" lon="108.249947">
        <ele>399.874364</ele>
        <time>2026-08-21T14:19:47.714Z</time>
      </trkpt>
      <trkpt lat="-7.405693" lon="108.249949">
        <ele>399.873346</ele>
        <time>2026-08-21T14:19:47.791Z</time>
      </trkpt>
      <trkpt lat="-7.405695" lon="108.249948">
        <ele>399.872713</ele>
        <time>2026-08-21T14:19:47.839Z</time>
      </trkpt>
      <trkpt lat="-7.405734" lon="108.249973">
        <ele>399.859626</ele>
        <time>2026-08-21T14:19:48.827Z</time>
      </trkpt>
      <trkpt lat="-7.405742" lon="108.249981">
        <ele>399.863080</ele>
        <time>2026-08-21T14:19:49.068Z</time>
      </trkpt>
      <trkpt lat="-7.405746" lon="108.249982">
        <ele>399.864561</ele>
        <time>2026-08-21T14:19:49.156Z</time>
      </trkpt>
      <trkpt lat="-7.405749" lon="108.249985">
        <ele>399.866080</ele>
        <time>2026-08-21T14:19:49.246Z</time>
      </trkpt>
      <trkpt lat="-7.405751" lon="108.249983">
        <ele>399.867092</ele>
        <time>2026-08-21T14:19:49.307Z</time>
      </trkpt>
      <trkpt lat="-7.405753" lon="108.249991">
        <ele>399.870032</ele>
        <time>2026-08-21T14:19:49.482Z</time>
      </trkpt>
      <trkpt lat="-7.405779" lon="108.250022">
        <ele>399.884502</ele>
        <time>2026-08-21T14:19:50.343Z</time>
      </trkpt>
      <trkpt lat="-7.405788" lon="108.250038">
        <ele>399.891058</ele>
        <time>2026-08-21T14:19:50.733Z</time>
      </trkpt>
      <trkpt lat="-7.405800" lon="108.250054">
        <ele>399.898208</ele>
        <time>2026-08-21T14:19:51.159Z</time>
      </trkpt>
      <trkpt lat="-7.405805" lon="108.250067">
        <ele>399.903177</ele>
        <time>2026-08-21T14:19:51.455Z</time>
      </trkpt>
      <trkpt lat="-7.405812" lon="108.250073">
        <ele>399.906479</ele>
        <time>2026-08-21T14:19:51.651Z</time>
      </trkpt>
      <trkpt lat="-7.405821" lon="108.250074">
        <ele>399.909733</ele>
        <time>2026-08-21T14:19:51.845Z</time>
      </trkpt>
      <trkpt lat="-7.405849" lon="108.250071">
        <ele>399.919852</ele>
        <time>2026-08-21T14:19:52.447Z</time>
      </trkpt>
      <trkpt lat="-7.405852" lon="108.250075">
        <ele>399.921640</ele>
        <time>2026-08-21T14:19:52.553Z</time>
      </trkpt>
      <trkpt lat="-7.405854" lon="108.250075">
        <ele>399.922359</ele>
        <time>2026-08-21T14:19:52.596Z</time>
      </trkpt>
      <trkpt lat="-7.405878" lon="108.250070">
        <ele>399.931166</ele>
        <time>2026-08-21T14:19:53.120Z</time>
      </trkpt>
      <trkpt lat="-7.405912" lon="108.250059">
        <ele>399.943999</ele>
        <time>2026-08-21T14:19:53.884Z</time>
      </trkpt>
      <trkpt lat="-7.406010" lon="108.250022">
        <ele>399.981607</ele>
        <time>2026-08-21T14:19:56.123Z</time>
      </trkpt>
      <trkpt lat="-7.406043" lon="108.250014">
        <ele>399.993805</ele>
        <time>2026-08-21T14:19:56.849Z</time>
      </trkpt>
      <trkpt lat="-7.406072" lon="108.250003">
        <ele>400.004940</ele>
        <time>2026-08-21T14:19:57.512Z</time>
      </trkpt>
      <trkpt lat="-7.406091" lon="108.249998">
        <ele>400.011997</ele>
        <time>2026-08-21T14:19:57.932Z</time>
      </trkpt>
      <trkpt lat="-7.406084" lon="108.250000">
        <ele>400.014612</ele>
        <time>2026-08-21T14:19:58.087Z</time>
      </trkpt>
      <trkpt lat="-7.406082" lon="108.250002">
        <ele>400.015624</ele>
        <time>2026-08-21T14:19:58.148Z</time>
      </trkpt>
      <trkpt lat="-7.406113" lon="108.250018">
        <ele>400.028140</ele>
        <time>2026-08-21T14:19:58.893Z</time>
      </trkpt>
      <trkpt lat="-7.406118" lon="108.250018">
        <ele>400.029937</ele>
        <time>2026-08-21T14:19:59.000Z</time>
      </trkpt>
      <trkpt lat="-7.406131" lon="108.250025">
        <ele>400.035233</ele>
        <time>2026-08-21T14:19:59.315Z</time>
      </trkpt>
      <trkpt lat="-7.406146" lon="108.250036">
        <ele>400.041899</ele>
        <time>2026-08-21T14:19:59.712Z</time>
      </trkpt>
      <trkpt lat="-7.406175" lon="108.250051">
        <ele>400.053612</ele>
        <time>2026-08-21T14:20:00.409Z</time>
      </trkpt>
      <trkpt lat="-7.406237" lon="108.250092">
        <ele>400.080259</ele>
        <time>2026-08-21T14:20:01.995Z</time>
      </trkpt>
      <trkpt lat="-7.406238" lon="108.250100">
        <ele>400.083132</ele>
        <time>2026-08-21T14:20:02.166Z</time>
      </trkpt>
      <trkpt lat="-7.406245" lon="108.250111">
        <ele>400.087790</ele>
        <time>2026-08-21T14:20:02.443Z</time>
      </trkpt>
      <trkpt lat="-7.406239" lon="108.250117">
        <ele>400.090827</ele>
        <time>2026-08-21T14:20:02.624Z</time>
      </trkpt>
      <trkpt lat="-7.406246" lon="108.250116">
        <ele>400.093368</ele>
        <time>2026-08-21T14:20:02.775Z</time>
      </trkpt>
      <trkpt lat="-7.406271" lon="108.250119">
        <ele>400.102416</ele>
        <time>2026-08-21T14:20:03.313Z</time>
      </trkpt>
      <trkpt lat="-7.406315" lon="108.250120">
        <ele>400.118234</ele>
        <time>2026-08-21T14:20:04.255Z</time>
      </trkpt>
      <trkpt lat="-7.406399" lon="108.250131">
        <ele>400.148676</ele>
        <time>2026-08-21T14:20:06.066Z</time>
      </trkpt>
      <trkpt lat="-7.406470" lon="108.250146">
        <ele>400.174747</ele>
        <time>2026-08-21T14:20:07.618Z</time>
      </trkpt>
      <trkpt lat="-7.406518" lon="108.250164">
        <ele>400.193152</ele>
        <time>2026-08-21T14:20:08.713Z</time>
      </trkpt>
      <trkpt lat="-7.406572" lon="108.250190">
        <ele>400.214658</ele>
        <time>2026-08-21T14:20:09.992Z</time>
      </trkpt>
      <trkpt lat="-7.406665" lon="108.250246">
        <ele>400.253586</ele>
        <time>2026-08-21T14:20:12.309Z</time>
      </trkpt>
      <trkpt lat="-7.406704" lon="108.250276">
        <ele>400.271215</ele>
        <time>2026-08-21T14:20:13.358Z</time>
      </trkpt>
      <trkpt lat="-7.406729" lon="108.250311">
        <ele>400.286588</ele>
        <time>2026-08-21T14:20:14.272Z</time>
      </trkpt>
      <trkpt lat="-7.406738" lon="108.250346">
        <ele>400.299474</ele>
        <time>2026-08-21T14:20:15.039Z</time>
      </trkpt>
      <trkpt lat="-7.406736" lon="108.250364">
        <ele>400.305929</ele>
        <time>2026-08-21T14:20:15.423Z</time>
      </trkpt>
      <trkpt lat="-7.406733" lon="108.250369">
        <ele>400.308012</ele>
        <time>2026-08-21T14:20:15.547Z</time>
      </trkpt>
      <trkpt lat="-7.406730" lon="108.250368">
        <ele>400.309148</ele>
        <time>2026-08-21T14:20:15.615Z</time>
      </trkpt>
      <trkpt lat="-7.406728" lon="108.250365">
        <ele>400.310436</ele>
        <time>2026-08-21T14:20:15.691Z</time>
      </trkpt>
      <trkpt lat="-7.406727" lon="108.250359">
        <ele>400.312604</ele>
        <time>2026-08-21T14:20:15.820Z</time>
      </trkpt>
      <trkpt lat="-7.406724" lon="108.250374">
        <ele>400.318058</ele>
        <time>2026-08-21T14:20:16.145Z</time>
      </trkpt>
      <trkpt lat="-7.406726" lon="108.250378">
        <ele>400.319654</ele>
        <time>2026-08-21T14:20:16.240Z</time>
      </trkpt>
      <trkpt lat="-7.406738" lon="108.250372">
        <ele>400.324468</ele>
        <time>2026-08-21T14:20:16.526Z</time>
      </trkpt>
      <trkpt lat="-7.406750" lon="108.250362">
        <ele>400.330063</ele>
        <time>2026-08-21T14:20:16.859Z</time>
      </trkpt>
      <trkpt lat="-7.406770" lon="108.250339">
        <ele>400.340965</ele>
        <time>2026-08-21T14:20:17.508Z</time>
      </trkpt>
      <trkpt lat="-7.406789" lon="108.250314">
        <ele>400.352191</ele>
        <time>2026-08-21T14:20:18.176Z</time>
      </trkpt>
      <trkpt lat="-7.406800" lon="108.250304">
        <ele>400.357513</ele>
        <time>2026-08-21T14:20:18.493Z</time>
      </trkpt>
      <trkpt lat="-7.406809" lon="108.250302">
        <ele>400.360825</ele>
        <time>2026-08-21T14:20:18.690Z</time>
      </trkpt>
      <trkpt lat="-7.406791" lon="108.250340">
        <ele>400.375834</ele>
        <time>2026-08-21T14:20:19.583Z</time>
      </trkpt>
      <trkpt lat="-7.406791" lon="108.250343">
        <ele>400.376903</ele>
        <time>2026-08-21T14:20:19.646Z</time>
      </trkpt>
      <trkpt lat="-7.406776" lon="108.250374">
        <ele>400.389196</ele>
        <time>2026-08-21T14:20:20.378Z</time>
      </trkpt>
      <trkpt lat="-7.406765" lon="108.250401">
        <ele>400.399600</ele>
        <time>2026-08-21T14:20:20.997Z</time>
      </trkpt>
      <trkpt lat="-7.406745" lon="108.250439">
        <ele>400.414932</ele>
        <time>2026-08-21T14:20:21.909Z</time>
      </trkpt>
      <trkpt lat="-7.406705" lon="108.250482">
        <ele>400.435944</ele>
        <time>2026-08-21T14:20:23.160Z</time>
      </trkpt>
      <trkpt lat="-7.406688" lon="108.250493">
        <ele>400.443203</ele>
        <time>2026-08-21T14:20:23.592Z</time>
      </trkpt>
      <trkpt lat="-7.406682" lon="108.250501">
        <ele>400.446778</ele>
        <time>2026-08-21T14:20:23.804Z</time>
      </trkpt>
      <trkpt lat="-7.406679" lon="108.250495">
        <ele>400.449173</ele>
        <time>2026-08-21T14:20:23.947Z</time>
      </trkpt>
      <trkpt lat="-7.406675" lon="108.250495">
        <ele>400.450610</ele>
        <time>2026-08-21T14:20:24.032Z</time>
      </trkpt>
      <trkpt lat="-7.406651" lon="108.250514">
        <ele>400.461576</ele>
        <time>2026-08-21T14:20:24.685Z</time>
      </trkpt>
      <trkpt lat="-7.406611" lon="108.250560">
        <ele>400.483381</ele>
        <time>2026-08-21T14:20:25.983Z</time>
      </trkpt>
      <trkpt lat="-7.406558" lon="108.250643">
        <ele>400.325725</ele>
        <time>2026-08-21T14:20:28.077Z</time>
      </trkpt>
      <trkpt lat="-7.406532" lon="108.250687">
        <ele>400.068566</ele>
        <time>2026-08-21T14:20:29.164Z</time>
      </trkpt>
      <trkpt lat="-7.406451" lon="108.250840">
        <ele>399.197775</ele>
        <time>2026-08-21T14:20:32.845Z</time>
      </trkpt>
      <trkpt lat="-7.406418" lon="108.250906">
        <ele>398.826667</ele>
        <time>2026-08-21T14:20:34.414Z</time>
      </trkpt>
      <trkpt lat="-7.406337" lon="108.251023">
        <ele>398.110248</ele>
        <time>2026-08-21T14:20:37.445Z</time>
      </trkpt>
      <trkpt lat="-7.406317" lon="108.251075">
        <ele>397.830220</ele>
        <time>2026-08-21T14:20:38.629Z</time>
      </trkpt>
      <trkpt lat="-7.406304" lon="108.251125">
        <ele>397.570697</ele>
        <time>2026-08-21T14:20:39.728Z</time>
      </trkpt>
      <trkpt lat="-7.406300" lon="108.251169">
        <ele>397.348858</ele>
        <time>2026-08-21T14:20:40.666Z</time>
      </trkpt>
      <trkpt lat="-7.406298" lon="108.251221">
        <ele>397.087582</ele>
        <time>2026-08-21T14:20:41.771Z</time>
      </trkpt>
      <trkpt lat="-7.406322" lon="108.251265">
        <ele>396.835456</ele>
        <time>2026-08-21T14:20:42.839Z</time>
      </trkpt>
      <trkpt lat="-7.406362" lon="108.251307">
        <ele>396.543084</ele>
        <time>2026-08-21T14:20:44.076Z</time>
      </trkpt>
      <trkpt lat="-7.406395" lon="108.251363">
        <ele>396.216026</ele>
        <time>2026-08-21T14:20:45.460Z</time>
      </trkpt>
      <trkpt lat="-7.406422" lon="108.251425">
        <ele>395.876045</ele>
        <time>2026-08-21T14:20:46.898Z</time>
      </trkpt>
      <trkpt lat="-7.406442" lon="108.251483">
        <ele>395.567739</ele>
        <time>2026-08-21T14:20:48.202Z</time>
      </trkpt>
      <trkpt lat="-7.406475" lon="108.251596">
        <ele>394.976304</ele>
        <time>2026-08-21T14:20:50.703Z</time>
      </trkpt>
      <trkpt lat="-7.406504" lon="108.251703">
        <ele>394.419380</ele>
        <time>2026-08-21T14:20:53.058Z</time>
      </trkpt>
      <trkpt lat="-7.406526" lon="108.251758">
        <ele>394.121620</ele>
        <time>2026-08-21T14:20:54.317Z</time>
      </trkpt>
      <trkpt lat="-7.406558" lon="108.251811">
        <ele>393.810079</ele>
        <time>2026-08-21T14:20:55.635Z</time>
      </trkpt>
      <trkpt lat="-7.406590" lon="108.251856">
        <ele>393.532059</ele>
        <time>2026-08-21T14:20:56.811Z</time>
      </trkpt>
      <trkpt lat="-7.406660" lon="108.251930">
        <ele>393.018595</ele>
        <time>2026-08-21T14:20:58.982Z</time>
      </trkpt>
      <trkpt lat="-7.406696" lon="108.251952">
        <ele>392.805470</ele>
        <time>2026-08-21T14:20:59.883Z</time>
      </trkpt>
      <trkpt lat="-7.406732" lon="108.251946">
        <ele>392.620730</ele>
        <time>2026-08-21T14:21:00.664Z</time>
      </trkpt>
      <trkpt lat="-7.406767" lon="108.251945">
        <ele>392.443454</ele>
        <time>2026-08-21T14:21:01.414Z</time>
      </trkpt>
      <trkpt lat="-7.406800" lon="108.251948">
        <ele>392.275698</ele>
        <time>2026-08-21T14:21:02.123Z</time>
      </trkpt>
      <trkpt lat="-7.406831" lon="108.251954">
        <ele>392.115880</ele>
        <time>2026-08-21T14:21:02.799Z</time>
      </trkpt>
      <trkpt lat="-7.406864" lon="108.251970">
        <ele>391.930493</ele>
        <time>2026-08-21T14:21:03.582Z</time>
      </trkpt>
      <trkpt lat="-7.406906" lon="108.252001">
        <ele>391.666972</ele>
        <time>2026-08-21T14:21:04.697Z</time>
      </trkpt>
      <trkpt lat="-7.406939" lon="108.252021">
        <ele>391.472040</ele>
        <time>2026-08-21T14:21:05.521Z</time>
      </trkpt>
      <trkpt lat="-7.406972" lon="108.252023">
        <ele>391.333955</ele>
        <time>2026-08-21T14:21:06.228Z</time>
      </trkpt>
      <trkpt lat="-7.406989" lon="108.252017">
        <ele>391.271003</ele>
        <time>2026-08-21T14:21:06.614Z</time>
      </trkpt>
      <trkpt lat="-7.407014" lon="108.252003">
        <ele>391.171054</ele>
        <time>2026-08-21T14:21:07.226Z</time>
      </trkpt>
      <trkpt lat="-7.407053" lon="108.251997">
        <ele>391.033164</ele>
        <time>2026-08-21T14:21:08.070Z</time>
      </trkpt>
      <trkpt lat="-7.407082" lon="108.251981">
        <ele>390.917625</ele>
        <time>2026-08-21T14:21:08.777Z</time>
      </trkpt>
      <trkpt lat="-7.407092" lon="108.251972">
        <ele>390.870777</ele>
        <time>2026-08-21T14:21:09.064Z</time>
      </trkpt>
      <trkpt lat="-7.407101" lon="108.251957">
        <ele>390.810011</ele>
        <time>2026-08-21T14:21:09.437Z</time>
      </trkpt>
      <trkpt lat="-7.407111" lon="108.251948">
        <ele>390.763163</ele>
        <time>2026-08-21T14:21:09.723Z</time>
      </trkpt>
      <trkpt lat="-7.407149" lon="108.251927">
        <ele>390.611710</ele>
        <time>2026-08-21T14:21:10.651Z</time>
      </trkpt>
      <trkpt lat="-7.407182" lon="108.251919">
        <ele>390.493083</ele>
        <time>2026-08-21T14:21:11.377Z</time>
      </trkpt>
      <trkpt lat="-7.407228" lon="108.251915">
        <ele>390.331707</ele>
        <time>2026-08-21T14:21:12.365Z</time>
      </trkpt>
      <trkpt lat="-7.407239" lon="108.251913">
        <ele>390.292640</ele>
        <time>2026-08-21T14:21:12.605Z</time>
      </trkpt>
      <trkpt lat="-7.407237" lon="108.251912">
        <ele>390.284838</ele>
        <time>2026-08-21T14:21:12.652Z</time>
      </trkpt>
      <trkpt lat="-7.407272" lon="108.251909">
        <ele>390.162065</ele>
        <time>2026-08-21T14:21:13.404Z</time>
      </trkpt>
      <trkpt lat="-7.407274" lon="108.251913">
        <ele>390.146539</ele>
        <time>2026-08-21T14:21:13.499Z</time>
      </trkpt>
      <trkpt lat="-7.407273" lon="108.251916">
        <ele>390.135569</ele>
        <time>2026-08-21T14:21:13.566Z</time>
      </trkpt>
      <trkpt lat="-7.407277" lon="108.251936">
        <ele>390.064853</ele>
        <time>2026-08-21T14:21:13.999Z</time>
      </trkpt>
      <trkpt lat="-7.407318" lon="108.252124">
        <ele>389.397670</ele>
        <time>2026-08-21T14:21:18.084Z</time>
      </trkpt>
      <trkpt lat="-7.407325" lon="108.252162">
        <ele>389.263708</ele>
        <time>2026-08-21T14:21:18.905Z</time>
      </trkpt>
      <trkpt lat="-7.407333" lon="108.252191">
        <ele>389.159377</ele>
        <time>2026-08-21T14:21:19.543Z</time>
      </trkpt>
      <trkpt lat="-7.407375" lon="108.252208">
        <ele>389.001195</ele>
        <time>2026-08-21T14:21:20.512Z</time>
      </trkpt>
      <trkpt lat="-7.407397" lon="108.252205">
        <ele>388.923601</ele>
        <time>2026-08-21T14:21:20.987Z</time>
      </trkpt>
      <trkpt lat="-7.407442" lon="108.252202">
        <ele>388.765975</ele>
        <time>2026-08-21T14:21:21.952Z</time>
      </trkpt>
      <trkpt lat="-7.407487" lon="108.252202">
        <ele>388.608691</ele>
        <time>2026-08-21T14:21:22.914Z</time>
      </trkpt>
      <trkpt lat="-7.407565" lon="108.252198">
        <ele>388.335715</ele>
        <time>2026-08-21T14:21:24.585Z</time>
      </trkpt>
      <trkpt lat="-7.407641" lon="108.252213">
        <ele>388.065041</ele>
        <time>2026-08-21T14:21:26.242Z</time>
      </trkpt>
      <trkpt lat="-7.407671" lon="108.252232">
        <ele>387.941220</ele>
        <time>2026-08-21T14:21:27.000Z</time>
      </trkpt>
      <trkpt lat="-7.407698" lon="108.252277">
        <ele>387.758922</ele>
        <time>2026-08-21T14:21:28.116Z</time>
      </trkpt>
      <trkpt lat="-7.407725" lon="108.252299">
        <ele>387.637596</ele>
        <time>2026-08-21T14:21:28.859Z</time>
      </trkpt>
      <trkpt lat="-7.407759" lon="108.252308">
        <ele>387.514734</ele>
        <time>2026-08-21T14:21:29.611Z</time>
      </trkpt>
      <trkpt lat="-7.407826" lon="108.252312">
        <ele>387.280146</ele>
        <time>2026-08-21T14:21:31.046Z</time>
      </trkpt>
      <trkpt lat="-7.407848" lon="108.252334">
        <ele>387.171854</ele>
        <time>2026-08-21T14:21:31.709Z</time>
      </trkpt>
      <trkpt lat="-7.407862" lon="108.252364">
        <ele>387.056936</ele>
        <time>2026-08-21T14:21:32.412Z</time>
      </trkpt>
      <trkpt lat="-7.407866" lon="108.252396">
        <ele>386.945146</ele>
        <time>2026-08-21T14:21:33.097Z</time>
      </trkpt>
      <trkpt lat="-7.407862" lon="108.252426">
        <ele>386.840230</ele>
        <time>2026-08-21T14:21:33.739Z</time>
      </trkpt>
      <trkpt lat="-7.407855" lon="108.252458">
        <ele>386.726651</ele>
        <time>2026-08-21T14:21:34.434Z</time>
      </trkpt>
      <trkpt lat="-7.407834" lon="108.252546">
        <ele>386.412934</ele>
        <time>2026-08-21T14:21:36.354Z</time>
      </trkpt>
      <trkpt lat="-7.407824" lon="108.252580">
        <ele>386.290016</ele>
        <time>2026-08-21T14:21:37.107Z</time>
      </trkpt>
      <trkpt lat="-7.407832" lon="108.252612">
        <ele>386.175633</ele>
        <time>2026-08-21T14:21:37.807Z</time>
      </trkpt>
      <trkpt lat="-7.407848" lon="108.252694">
        <ele>385.885970</ele>
        <time>2026-08-21T14:21:39.580Z</time>
      </trkpt>
      <trkpt lat="-7.407858" lon="108.252731">
        <ele>385.753050</ele>
        <time>2026-08-21T14:21:40.393Z</time>
      </trkpt>
      <trkpt lat="-7.407859" lon="108.252762">
        <ele>385.645547</ele>
        <time>2026-08-21T14:21:41.051Z</time>
      </trkpt>
      <trkpt lat="-7.407857" lon="108.252791">
        <ele>385.544790</ele>
        <time>2026-08-21T14:21:41.668Z</time>
      </trkpt>
      <trkpt lat="-7.407840" lon="108.252821">
        <ele>385.425030</ele>
        <time>2026-08-21T14:21:42.401Z</time>
      </trkpt>
      <trkpt lat="-7.407829" lon="108.252830">
        <ele>385.375520</ele>
        <time>2026-08-21T14:21:42.704Z</time>
      </trkpt>
      <trkpt lat="-7.407797" lon="108.252836">
        <ele>385.261757</ele>
        <time>2026-08-21T14:21:43.400Z</time>
      </trkpt>
      <trkpt lat="-7.407785" lon="108.252832">
        <ele>385.217583</ele>
        <time>2026-08-21T14:21:43.670Z</time>
      </trkpt>
      <trkpt lat="-7.407759" lon="108.252818">
        <ele>385.114564</ele>
        <time>2026-08-21T14:21:44.300Z</time>
      </trkpt>
      <trkpt lat="-7.407736" lon="108.252835">
        <ele>385.142071</ele>
        <time>2026-08-21T14:21:44.910Z</time>
      </trkpt>
      <trkpt lat="-7.407720" lon="108.252860">
        <ele>385.173079</ele>
        <time>2026-08-21T14:21:45.541Z</time>
      </trkpt>
      <trkpt lat="-7.407706" lon="108.252888">
        <ele>385.205758</ele>
        <time>2026-08-21T14:21:46.206Z</time>
      </trkpt>
      <trkpt lat="-7.407674" lon="108.252943">
        <ele>385.272211</ele>
        <time>2026-08-21T14:21:47.558Z</time>
      </trkpt>
      <trkpt lat="-7.407655" lon="108.252973">
        <ele>385.309307</ele>
        <time>2026-08-21T14:21:48.313Z</time>
      </trkpt>
      <trkpt lat="-7.407608" lon="108.253037">
        <ele>385.392301</ele>
        <time>2026-08-21T14:21:50.002Z</time>
      </trkpt>
      <trkpt lat="-7.407615" lon="108.253034">
        <ele>385.400294</ele>
        <time>2026-08-21T14:21:50.165Z</time>
      </trkpt>
      <trkpt lat="-7.407614" lon="108.253033">
        <ele>385.401774</ele>
        <time>2026-08-21T14:21:50.195Z</time>
      </trkpt>
      <trkpt lat="-7.407633" lon="108.253061">
        <ele>385.437131</ele>
        <time>2026-08-21T14:21:50.914Z</time>
      </trkpt>
      <trkpt lat="-7.407670" lon="108.253089">
        <ele>385.485745</ele>
        <time>2026-08-21T14:21:51.904Z</time>
      </trkpt>
      <trkpt lat="-7.407706" lon="108.253103">
        <ele>385.526293</ele>
        <time>2026-08-21T14:21:52.729Z</time>
      </trkpt>
      <trkpt lat="-7.407768" lon="108.253133">
        <ele>385.598561</ele>
        <time>2026-08-21T14:21:54.199Z</time>
      </trkpt>
      <trkpt lat="-7.407764" lon="108.253130">
        <ele>385.603799</ele>
        <time>2026-08-21T14:21:54.306Z</time>
      </trkpt>
      <trkpt lat="-7.407765" lon="108.253131">
        <ele>385.605279</ele>
        <time>2026-08-21T14:21:54.336Z</time>
      </trkpt>
      <trkpt lat="-7.407734" lon="108.253136">
        <ele>385.638271</ele>
        <time>2026-08-21T14:21:55.007Z</time>
      </trkpt>
      <trkpt lat="-7.407718" lon="108.253144">
        <ele>385.657039</ele>
        <time>2026-08-21T14:21:55.389Z</time>
      </trkpt>
      <trkpt lat="-7.407726" lon="108.253118">
        <ele>385.685408</ele>
        <time>2026-08-21T14:21:55.966Z</time>
      </trkpt>
      <trkpt lat="-7.407741" lon="108.253100">
        <ele>385.709910</ele>
        <time>2026-08-21T14:21:56.465Z</time>
      </trkpt>
      <trkpt lat="-7.407746" lon="108.253098">
        <ele>385.715563</ele>
        <time>2026-08-21T14:21:56.580Z</time>
      </trkpt>
      <trkpt lat="-7.407748" lon="108.253099">
        <ele>385.717909</ele>
        <time>2026-08-21T14:21:56.628Z</time>
      </trkpt>
      <trkpt lat="-7.407746" lon="108.253102">
        <ele>385.721676</ele>
        <time>2026-08-21T14:21:56.704Z</time>
      </trkpt>
      <trkpt lat="-7.407742" lon="108.253102">
        <ele>385.725880</ele>
        <time>2026-08-21T14:21:56.790Z</time>
      </trkpt>
      <trkpt lat="-7.407737" lon="108.253099">
        <ele>385.731994</ele>
        <time>2026-08-21T14:21:56.914Z</time>
      </trkpt>
      <trkpt lat="-7.407734" lon="108.253102">
        <ele>385.736434</ele>
        <time>2026-08-21T14:21:57.005Z</time>
      </trkpt>
      <trkpt lat="-7.407734" lon="108.253113">
        <ele>385.747897</ele>
        <time>2026-08-21T14:21:57.238Z</time>
      </trkpt>
      <trkpt lat="-7.407730" lon="108.253134">
        <ele>385.770182</ele>
        <time>2026-08-21T14:21:57.691Z</time>
      </trkpt>
      <trkpt lat="-7.407724" lon="108.253144">
        <ele>385.782362</ele>
        <time>2026-08-21T14:21:57.939Z</time>
      </trkpt>
      <trkpt lat="-7.407724" lon="108.253152">
        <ele>385.790699</ele>
        <time>2026-08-21T14:21:58.109Z</time>
      </trkpt>
      <trkpt lat="-7.407738" lon="108.253150">
        <ele>385.805559</ele>
        <time>2026-08-21T14:21:58.411Z</time>
      </trkpt>
      <trkpt lat="-7.407748" lon="108.253146">
        <ele>385.816864</ele>
        <time>2026-08-21T14:21:58.641Z</time>
      </trkpt>
      <trkpt lat="-7.407755" lon="108.253149">
        <ele>385.824857</ele>
        <time>2026-08-21T14:21:58.804Z</time>
      </trkpt>
      <trkpt lat="-7.407757" lon="108.253147">
        <ele>385.827817</ele>
        <time>2026-08-21T14:21:58.864Z</time>
      </trkpt>
      <trkpt lat="-7.407754" lon="108.253144">
        <ele>385.832257</ele>
        <time>2026-08-21T14:21:58.954Z</time>
      </trkpt>
      <trkpt lat="-7.407749" lon="108.253140">
        <ele>385.838964</ele>
        <time>2026-08-21T14:21:59.091Z</time>
      </trkpt>
      <trkpt lat="-7.407745" lon="108.253139">
        <ele>385.843295</ele>
        <time>2026-08-21T14:21:59.179Z</time>
      </trkpt>
      <trkpt lat="-7.407742" lon="108.253135">
        <ele>385.848522</ele>
        <time>2026-08-21T14:21:59.285Z</time>
      </trkpt>
      <trkpt lat="-7.407733" lon="108.253131">
        <ele>385.858857</ele>
        <time>2026-08-21T14:21:59.496Z</time>
      </trkpt>
      <trkpt lat="-7.407721" lon="108.253143">
        <ele>385.876617</ele>
        <time>2026-08-21T14:21:59.857Z</time>
      </trkpt>
      <trkpt lat="-7.407718" lon="108.253142">
        <ele>385.879938</ele>
        <time>2026-08-21T14:21:59.925Z</time>
      </trkpt>
      <trkpt lat="-7.407717" lon="108.253139">
        <ele>385.883236</ele>
        <time>2026-08-21T14:21:59.992Z</time>
      </trkpt>
      <trkpt lat="-7.407718" lon="108.253134">
        <ele>385.888552</ele>
        <time>2026-08-21T14:22:00.100Z</time>
      </trkpt>
      <trkpt lat="-7.407721" lon="108.253128">
        <ele>385.895554</ele>
        <time>2026-08-21T14:22:00.242Z</time>
      </trkpt>
      <trkpt lat="-7.407732" lon="108.253117">
        <ele>385.911834</ele>
        <time>2026-08-21T14:22:00.574Z</time>
      </trkpt>
      <trkpt lat="-7.407739" lon="108.253116">
        <ele>385.919264</ele>
        <time>2026-08-21T14:22:00.725Z</time>
      </trkpt>
      <trkpt lat="-7.407743" lon="108.253120">
        <ele>385.925184</ele>
        <time>2026-08-21T14:22:00.845Z</time>
      </trkpt>
      <trkpt lat="-7.407740" lon="108.253127">
        <ele>385.933131</ele>
        <time>2026-08-21T14:22:01.007Z</time>
      </trkpt>
      <trkpt lat="-7.407723" lon="108.253128">
        <ele>385.951026</ele>
        <time>2026-08-21T14:22:01.371Z</time>
      </trkpt>
      <trkpt lat="-7.407719" lon="108.253126">
        <ele>385.955718</ele>
        <time>2026-08-21T14:22:01.467Z</time>
      </trkpt>
      <trkpt lat="-7.407716" lon="108.253127">
        <ele>385.959039</ele>
        <time>2026-08-21T14:22:01.534Z</time>
      </trkpt>
      <trkpt lat="-7.407706" lon="108.253149">
        <ele>385.984259</ele>
        <time>2026-08-21T14:22:02.048Z</time>
      </trkpt>
      <trkpt lat="-7.407703" lon="108.253150">
        <ele>385.987580</ele>
        <time>2026-08-21T14:22:02.115Z</time>
      </trkpt>
      <trkpt lat="-7.407706" lon="108.253149">
        <ele>385.990900</ele>
        <time>2026-08-21T14:22:02.183Z</time>
      </trkpt>
      <trkpt lat="-7.407705" lon="108.253148">
        <ele>385.992380</ele>
        <time>2026-08-21T14:22:02.213Z</time>
      </trkpt>
      <trkpt lat="-7.407706" lon="108.253117">
        <ele>386.024703</ele>
        <time>2026-08-21T14:22:02.871Z</time>
      </trkpt>
      <trkpt lat="-7.407704" lon="108.253110">
        <ele>386.032295</ele>
        <time>2026-08-21T14:22:03.025Z</time>
      </trkpt>
      <trkpt lat="-7.407705" lon="108.253094">
        <ele>386.049002</ele>
        <time>2026-08-21T14:22:03.365Z</time>
      </trkpt>
      <trkpt lat="-7.407711" lon="108.253128">
        <ele>386.084991</ele>
        <time>2026-08-21T14:22:04.091Z</time>
      </trkpt>
      <trkpt lat="-7.408700" lon="108.252953">
        <ele>387.340070</ele>
        <time>2026-08-21T14:22:36.492Z</time>
      </trkpt>
      <trkpt lat="-7.408784" lon="108.252973">
        <ele>387.562761</ele>
        <time>2026-08-21T14:22:39.583Z</time>
      </trkpt>
      <trkpt lat="-7.408863" lon="108.253110">
        <ele>387.968243</ele>
        <time>2026-08-21T14:22:45.193Z</time>
      </trkpt>
      <trkpt lat="-7.409247" lon="108.253555">
        <ele>389.477540</ele>
        <time>2026-08-21T14:23:04.724Z</time>
      </trkpt>
      <trkpt lat="-7.409293" lon="108.253584">
        <ele>389.617511</ele>
        <time>2026-08-21T14:23:06.385Z</time>
      </trkpt>
      <trkpt lat="-7.409360" lon="108.253595">
        <ele>389.792656</ele>
        <time>2026-08-21T14:23:08.498Z</time>
      </trkpt>
      <trkpt lat="-7.409972" lon="108.253550">
        <ele>391.375890</ele>
        <time>2026-08-21T14:23:26.421Z</time>
      </trkpt>
      <trkpt lat="-7.410055" lon="108.253580">
        <ele>391.603382</ele>
        <time>2026-08-21T14:23:28.930Z</time>
      </trkpt>
      <trkpt lat="-7.410105" lon="108.253650">
        <ele>391.838562</ele>
        <time>2026-08-21T14:23:31.359Z</time>
      </trkpt>
      <trkpt lat="-7.410166" lon="108.253904">
        <ele>392.560771</ele>
        <time>2026-08-21T14:23:38.699Z</time>
      </trkpt>
      <trkpt lat="-7.410182" lon="108.254089">
        <ele>393.073951</ele>
        <time>2026-08-21T14:23:43.891Z</time>
      </trkpt>
      <trkpt lat="-7.410271" lon="108.254303">
        <ele>393.715233</ele>
        <time>2026-08-21T14:23:50.676Z</time>
      </trkpt>
      <trkpt lat="-7.410335" lon="108.254375">
        <ele>393.982436</ele>
        <time>2026-08-21T14:23:53.631Z</time>
      </trkpt>
      <trkpt lat="-7.410950" lon="108.254832">
        <ele>396.111322</ele>
        <time>2026-08-21T14:24:20.377Z</time>
      </trkpt>
      <trkpt lat="-7.411128" lon="108.254913">
        <ele>396.655526</ele>
        <time>2026-08-21T14:24:27.787Z</time>
      </trkpt>
      <trkpt lat="-7.411234" lon="108.254921">
        <ele>396.798661</ele>
        <time>2026-08-21T14:24:31.738Z</time>
      </trkpt>
      <trkpt lat="-7.411631" lon="108.254869">
        <ele>397.336958</ele>
        <time>2026-08-21T14:24:45.929Z</time>
      </trkpt>
      <trkpt lat="-7.411724" lon="108.254876">
        <ele>397.462355</ele>
        <time>2026-08-21T14:24:49.014Z</time>
      </trkpt>
      <trkpt lat="-7.411753" lon="108.254909">
        <ele>397.521148</ele>
        <time>2026-08-21T14:24:50.443Z</time>
      </trkpt>
      <trkpt lat="-7.411721" lon="108.255033">
        <ele>397.691995</ele>
        <time>2026-08-21T14:24:54.435Z</time>
      </trkpt>
      <trkpt lat="-7.411671" lon="108.255373">
        <ele>398.150302</ele>
        <time>2026-08-21T14:25:03.617Z</time>
      </trkpt>
      <trkpt lat="-7.411671" lon="108.255719">
        <ele>398.611652</ele>
        <time>2026-08-21T14:25:10.595Z</time>
      </trkpt>
      <trkpt lat="-7.411613" lon="108.255719">
        <ele>398.689640</ele>
        <time>2026-08-21T14:25:11.846Z</time>
      </trkpt>
      <trkpt lat="-7.411619" lon="108.255755">
        <ele>398.738315</ele>
        <time>2026-08-21T14:25:12.620Z</time>
      </trkpt>
      <trkpt lat="-7.411622" lon="108.255814">
        <ele>398.817087</ele>
        <time>2026-08-21T14:25:13.873Z</time>
      </trkpt>
      <trkpt lat="-7.411639" lon="108.255846">
        <ele>398.865493</ele>
        <time>2026-08-21T14:25:14.643Z</time>
      </trkpt>
      <trkpt lat="-7.411647" lon="108.255857">
        <ele>398.883682</ele>
        <time>2026-08-21T14:25:14.932Z</time>
      </trkpt>
      <trkpt lat="-7.411653" lon="108.255862">
        <ele>398.894148</ele>
        <time>2026-08-21T14:25:15.098Z</time>
      </trkpt>
      <trkpt lat="-7.411655" lon="108.255862">
        <ele>398.896837</ele>
        <time>2026-08-21T14:25:15.141Z</time>
      </trkpt>
      <trkpt lat="-7.411652" lon="108.255861">
        <ele>398.901086</ele>
        <time>2026-08-21T14:25:15.209Z</time>
      </trkpt>
      <trkpt lat="-7.411652" lon="108.255865">
        <ele>398.906419</ele>
        <time>2026-08-21T14:25:15.294Z</time>
      </trkpt>
      <trkpt lat="-7.411655" lon="108.255871">
        <ele>398.915379</ele>
        <time>2026-08-21T14:25:15.436Z</time>
      </trkpt>
      <trkpt lat="-7.411657" lon="108.255862">
        <ele>398.927677</ele>
        <time>2026-08-21T14:25:15.632Z</time>
      </trkpt>
      <trkpt lat="-7.411658" lon="108.255877">
        <ele>398.947723</ele>
        <time>2026-08-21T14:25:15.950Z</time>
      </trkpt>
      <trkpt lat="-7.411656" lon="108.255875">
        <ele>398.951510</ele>
        <time>2026-08-21T14:25:16.011Z</time>
      </trkpt>
      <trkpt lat="-7.411657" lon="108.255875">
        <ele>398.952855</ele>
        <time>2026-08-21T14:25:16.032Z</time>
      </trkpt>
      <trkpt lat="-7.411655" lon="108.255875">
        <ele>398.955544</ele>
        <time>2026-08-21T14:25:16.075Z</time>
      </trkpt>
      <trkpt lat="-7.411656" lon="108.255874">
        <ele>398.957437</ele>
        <time>2026-08-21T14:25:16.105Z</time>
      </trkpt>
      <trkpt lat="-7.411659" lon="108.255908">
        <ele>399.002952</ele>
        <time>2026-08-21T14:25:16.829Z</time>
      </trkpt>
      <trkpt lat="-7.411656" lon="108.255907">
        <ele>399.007200</ele>
        <time>2026-08-21T14:25:16.896Z</time>
      </trkpt>
      <trkpt lat="-7.411585" lon="108.255844">
        <ele>398.983731</ele>
        <time>2026-08-21T14:25:18.919Z</time>
      </trkpt>
      <trkpt lat="-7.411531" lon="108.255806">
        <ele>398.849812</ele>
        <time>2026-08-21T14:25:20.327Z</time>
      </trkpt>
      <trkpt lat="-7.411497" lon="108.255790">
        <ele>398.773505</ele>
        <time>2026-08-21T14:25:21.130Z</time>
      </trkpt>
      <trkpt lat="-7.411456" lon="108.255775">
        <ele>398.684803</ele>
        <time>2026-08-21T14:25:22.063Z</time>
      </trkpt>
      <trkpt lat="-7.411368" lon="108.255749">
        <ele>398.498309</ele>
        <time>2026-08-21T14:25:24.024Z</time>
      </trkpt>
      <trkpt lat="-7.411311" lon="108.255729">
        <ele>398.375568</ele>
        <time>2026-08-21T14:25:25.315Z</time>
      </trkpt>
      <trkpt lat="-7.411128" lon="108.255685">
        <ele>397.992957</ele>
        <time>2026-08-21T14:25:29.338Z</time>
      </trkpt>
      <trkpt lat="-7.410946" lon="108.255648">
        <ele>397.615365</ele>
        <time>2026-08-21T14:25:33.309Z</time>
      </trkpt>
      <trkpt lat="-7.410914" lon="108.255651">
        <ele>397.550004</ele>
        <time>2026-08-21T14:25:33.997Z</time>
      </trkpt>
      <trkpt lat="-7.410881" lon="108.255652">
        <ele>397.482860</ele>
        <time>2026-08-21T14:25:34.703Z</time>
      </trkpt>
      <trkpt lat="-7.410851" lon="108.255649">
        <ele>397.421548</ele>
        <time>2026-08-21T14:25:35.348Z</time>
      </trkpt>
      <trkpt lat="-7.410821" lon="108.255639">
        <ele>397.357288</ele>
        <time>2026-08-21T14:25:36.024Z</time>
      </trkpt>
      <trkpt lat="-7.410793" lon="108.255626">
        <ele>397.294597</ele>
        <time>2026-08-21T14:25:36.683Z</time>
      </trkpt>
      <trkpt lat="-7.410746" lon="108.255613">
        <ele>397.195480</ele>
        <time>2026-08-21T14:25:37.725Z</time>
      </trkpt>
      <trkpt lat="-7.410719" lon="108.255617">
        <ele>397.139979</ele>
        <time>2026-08-21T14:25:38.309Z</time>
      </trkpt>
      <trkpt lat="-7.410720" lon="108.255621">
        <ele>397.131660</ele>
        <time>2026-08-21T14:25:38.396Z</time>
      </trkpt>
      <trkpt lat="-7.410662" lon="108.255614">
        <ele>397.012860</ele>
        <time>2026-08-21T14:25:39.646Z</time>
      </trkpt>
      <trkpt lat="-7.410615" lon="108.255603">
        <ele>396.914732</ele>
        <time>2026-08-21T14:25:40.678Z</time>
      </trkpt>
      <trkpt lat="-7.410602" lon="108.255602">
        <ele>396.888217</ele>
        <time>2026-08-21T14:25:40.957Z</time>
      </trkpt>
      <trkpt lat="-7.410572" lon="108.255607">
        <ele>396.826376</ele>
        <time>2026-08-21T14:25:41.607Z</time>
      </trkpt>
      <trkpt lat="-7.410544" lon="108.255620">
        <ele>396.763685</ele>
        <time>2026-08-21T14:25:42.266Z</time>
      </trkpt>
      <trkpt lat="-7.410489" lon="108.255667">
        <ele>396.617067</ele>
        <time>2026-08-21T14:25:43.808Z</time>
      </trkpt>
      <trkpt lat="-7.410455" lon="108.255692">
        <ele>396.531490</ele>
        <time>2026-08-21T14:25:44.709Z</time>
      </trkpt>
      <trkpt lat="-7.410444" lon="108.255698">
        <ele>396.506055</ele>
        <time>2026-08-21T14:25:44.976Z</time>
      </trkpt>
      <trkpt lat="-7.410441" lon="108.255698">
        <ele>396.499954</ele>
        <time>2026-08-21T14:25:45.040Z</time>
      </trkpt>
      <trkpt lat="-7.410447" lon="108.255696">
        <ele>396.487102</ele>
        <time>2026-08-21T14:25:45.175Z</time>
      </trkpt>
      <trkpt lat="-7.410443" lon="108.255697">
        <ele>396.478721</ele>
        <time>2026-08-21T14:25:45.263Z</time>
      </trkpt>
      <trkpt lat="-7.410442" lon="108.255695">
        <ele>396.474204</ele>
        <time>2026-08-21T14:25:45.311Z</time>
      </trkpt>
      <trkpt lat="-7.410443" lon="108.255697">
        <ele>396.469686</ele>
        <time>2026-08-21T14:25:45.358Z</time>
      </trkpt>
      <trkpt lat="-7.410441" lon="108.255697">
        <ele>396.465619</ele>
        <time>2026-08-21T14:25:45.401Z</time>
      </trkpt>
      <trkpt lat="-7.410453" lon="108.255699">
        <ele>396.440883</ele>
        <time>2026-08-21T14:25:45.661Z</time>
      </trkpt>
      <trkpt lat="-7.410477" lon="108.255709">
        <ele>396.388070</ele>
        <time>2026-08-21T14:25:46.217Z</time>
      </trkpt>
      <trkpt lat="-7.410498" lon="108.255697">
        <ele>396.338981</ele>
        <time>2026-08-21T14:25:46.733Z</time>
      </trkpt>
      <trkpt lat="-7.410520" lon="108.255679">
        <ele>396.281363</ele>
        <time>2026-08-21T14:25:47.339Z</time>
      </trkpt>
      <trkpt lat="-7.410522" lon="108.255667">
        <ele>396.256823</ele>
        <time>2026-08-21T14:25:47.597Z</time>
      </trkpt>
      <trkpt lat="-7.410509" lon="108.255620">
        <ele>396.158416</ele>
        <time>2026-08-21T14:25:48.632Z</time>
      </trkpt>
      <trkpt lat="-7.410505" lon="108.255564">
        <ele>396.045184</ele>
        <time>2026-08-21T14:25:49.823Z</time>
      </trkpt>
      <trkpt lat="-7.410519" lon="108.255603">
        <ele>395.961535</ele>
        <time>2026-08-21T14:25:50.703Z</time>
      </trkpt>
      <trkpt lat="-7.410515" lon="108.255613">
        <ele>395.939788</ele>
        <time>2026-08-21T14:25:50.931Z</time>
      </trkpt>
      <trkpt lat="-7.410506" lon="108.255619">
        <ele>395.917846</ele>
        <time>2026-08-21T14:25:51.162Z</time>
      </trkpt>
      <trkpt lat="-7.410485" lon="108.255641">
        <ele>395.856262</ele>
        <time>2026-08-21T14:25:51.810Z</time>
      </trkpt>
      <trkpt lat="-7.410486" lon="108.255646">
        <ele>395.845975</ele>
        <time>2026-08-21T14:25:51.918Z</time>
      </trkpt>
      <trkpt lat="-7.410507" lon="108.255647">
        <ele>395.803218</ele>
        <time>2026-08-21T14:25:52.367Z</time>
      </trkpt>
      <trkpt lat="-7.410523" lon="108.255643">
        <ele>395.769693</ele>
        <time>2026-08-21T14:25:52.720Z</time>
      </trkpt>
      <trkpt lat="-7.410523" lon="108.255645">
        <ele>395.765659</ele>
        <time>2026-08-21T14:25:52.762Z</time>
      </trkpt>
      <trkpt lat="-7.410445" lon="108.255682">
        <ele>395.590352</ele>
        <time>2026-08-21T14:25:54.606Z</time>
      </trkpt>
      <trkpt lat="-7.410429" lon="108.255701">
        <ele>395.540081</ele>
        <time>2026-08-21T14:25:55.135Z</time>
      </trkpt>
      <trkpt lat="-7.410418" lon="108.255724">
        <ele>395.488582</ele>
        <time>2026-08-21T14:25:55.676Z</time>
      </trkpt>
      <trkpt lat="-7.410421" lon="108.255730">
        <ele>395.475030</ele>
        <time>2026-08-21T14:25:55.819Z</time>
      </trkpt>
      <trkpt lat="-7.410421" lon="108.255735">
        <ele>395.464946</ele>
        <time>2026-08-21T14:25:55.925Z</time>
      </trkpt>
      <trkpt lat="-7.410431" lon="108.255727">
        <ele>395.438986</ele>
        <time>2026-08-21T14:25:56.198Z</time>
      </trkpt>
      <trkpt lat="-7.410426" lon="108.255743">
        <ele>395.407088</ele>
        <time>2026-08-21T14:25:56.554Z</time>
      </trkpt>
      <trkpt lat="-7.410421" lon="108.255776">
        <ele>395.351346</ele>
        <time>2026-08-21T14:25:57.262Z</time>
      </trkpt>
      <trkpt lat="-7.410400" lon="108.255849">
        <ele>395.224425</ele>
        <time>2026-08-21T14:25:58.874Z</time>
      </trkpt>
      <trkpt lat="-7.410398" lon="108.255869">
        <ele>395.190860</ele>
        <time>2026-08-21T14:25:59.300Z</time>
      </trkpt>
      <trkpt lat="-7.410399" lon="108.255881">
        <ele>395.170752</ele>
        <time>2026-08-21T14:25:59.555Z</time>
      </trkpt>
      <trkpt lat="-7.410397" lon="108.255936">
        <ele>395.078852</ele>
        <time>2026-08-21T14:26:00.722Z</time>
      </trkpt>
      <trkpt lat="-7.410398" lon="108.255982">
        <ele>395.002023</ele>
        <time>2026-08-21T14:26:01.698Z</time>
      </trkpt>
      <trkpt lat="-7.410395" lon="108.256022">
        <ele>394.935040</ele>
        <time>2026-08-21T14:26:02.549Z</time>
      </trkpt>
      <trkpt lat="-7.410400" lon="108.256084">
        <ele>394.831171</ele>
        <time>2026-08-21T14:26:03.868Z</time>
      </trkpt>
      <trkpt lat="-7.410388" lon="108.256126">
        <ele>394.758187</ele>
        <time>2026-08-21T14:26:04.795Z</time>
      </trkpt>
      <trkpt lat="-7.410390" lon="108.256158">
        <ele>394.704647</ele>
        <time>2026-08-21T14:26:05.475Z</time>
      </trkpt>
      <trkpt lat="-7.410394" lon="108.256168">
        <ele>394.686642</ele>
        <time>2026-08-21T14:26:05.704Z</time>
      </trkpt>
      <trkpt lat="-7.410400" lon="108.256176">
        <ele>394.669894</ele>
        <time>2026-08-21T14:26:05.916Z</time>
      </trkpt>
      <trkpt lat="-7.410403" lon="108.256175">
        <ele>394.664573</ele>
        <time>2026-08-21T14:26:05.984Z</time>
      </trkpt>
      <trkpt lat="-7.410396" lon="108.256181">
        <ele>394.649104</ele>
        <time>2026-08-21T14:26:06.180Z</time>
      </trkpt>
      <trkpt lat="-7.410359" lon="108.256252">
        <ele>394.515174</ele>
        <time>2026-08-21T14:26:07.881Z</time>
      </trkpt>
      <trkpt lat="-7.410331" lon="108.256343">
        <ele>394.356077</ele>
        <time>2026-08-21T14:26:09.902Z</time>
      </trkpt>
      <trkpt lat="-7.410316" lon="108.256367">
        <ele>394.308706</ele>
        <time>2026-08-21T14:26:10.504Z</time>
      </trkpt>
      <trkpt lat="-7.410284" lon="108.256408">
        <ele>394.221583</ele>
        <time>2026-08-21T14:26:11.610Z</time>
      </trkpt>
      <trkpt lat="-7.410254" lon="108.256433">
        <ele>394.156051</ele>
        <time>2026-08-21T14:26:12.442Z</time>
      </trkpt>
      <trkpt lat="-7.410220" lon="108.256456">
        <ele>394.087111</ele>
        <time>2026-08-21T14:26:13.318Z</time>
      </trkpt>
      <trkpt lat="-7.410170" lon="108.256487">
        <ele>393.988279</ele>
        <time>2026-08-21T14:26:14.573Z</time>
      </trkpt>
      <trkpt lat="-7.410146" lon="108.256499">
        <ele>393.943171</ele>
        <time>2026-08-21T14:26:15.146Z</time>
      </trkpt>
      <trkpt lat="-7.410103" lon="108.256525">
        <ele>393.858747</ele>
        <time>2026-08-21T14:26:16.218Z</time>
      </trkpt>
      <trkpt lat="-7.410080" lon="108.256545">
        <ele>393.807608</ele>
        <time>2026-08-21T14:26:16.868Z</time>
      </trkpt>
      <trkpt lat="-7.410049" lon="108.256567">
        <ele>393.743778</ele>
        <time>2026-08-21T14:26:17.679Z</time>
      </trkpt>
      <trkpt lat="-7.410048" lon="108.256567">
        <ele>393.742094</ele>
        <time>2026-08-21T14:26:17.700Z</time>
      </trkpt>
      <trkpt lat="-7.410050" lon="108.256566">
        <ele>393.738335</ele>
        <time>2026-08-21T14:26:17.748Z</time>
      </trkpt>
      <trkpt lat="-7.410039" lon="108.256571">
        <ele>393.718018</ele>
        <time>2026-08-21T14:26:18.006Z</time>
      </trkpt>
      <trkpt lat="-7.410032" lon="108.256578">
        <ele>393.701418</ele>
        <time>2026-08-21T14:26:18.217Z</time>
      </trkpt>
      <trkpt lat="-7.410028" lon="108.256590">
        <ele>393.680279</ele>
        <time>2026-08-21T14:26:18.485Z</time>
      </trkpt>
      <trkpt lat="-7.410002" lon="108.256595">
        <ele>393.635710</ele>
        <time>2026-08-21T14:26:19.051Z</time>
      </trkpt>
      <trkpt lat="-7.409936" lon="108.256625">
        <ele>393.513807</ele>
        <time>2026-08-21T14:26:20.599Z</time>
      </trkpt>
      <trkpt lat="-7.409896" lon="108.256641">
        <ele>393.441347</ele>
        <time>2026-08-21T14:26:21.520Z</time>
      </trkpt>
      <trkpt lat="-7.409871" lon="108.256656">
        <ele>393.392363</ele>
        <time>2026-08-21T14:26:22.142Z</time>
      </trkpt>
      <trkpt lat="-7.409826" lon="108.256687">
        <ele>393.300596</ele>
        <time>2026-08-21T14:26:23.307Z</time>
      </trkpt>
      <trkpt lat="-7.409813" lon="108.256699">
        <ele>393.270920</ele>
        <time>2026-08-21T14:26:23.684Z</time>
      </trkpt>
      <trkpt lat="-7.409801" lon="108.256701">
        <ele>393.250440</ele>
        <time>2026-08-21T14:26:23.945Z</time>
      </trkpt>
      <trkpt lat="-7.409795" lon="108.256706">
        <ele>393.237333</ele>
        <time>2026-08-21T14:26:24.111Z</time>
      </trkpt>
      <trkpt lat="-7.409763" lon="108.256715">
        <ele>393.181393</ele>
        <time>2026-08-21T14:26:24.821Z</time>
      </trkpt>
      <trkpt lat="-7.409755" lon="108.256714">
        <ele>393.167819</ele>
        <time>2026-08-21T14:26:24.994Z</time>
      </trkpt>
      <trkpt lat="-7.409704" lon="108.256691">
        <ele>393.073746</ele>
        <time>2026-08-21T14:26:26.189Z</time>
      </trkpt>
      <trkpt lat="-7.409679" lon="108.256674">
        <ele>393.022973</ele>
        <time>2026-08-21T14:26:26.834Z</time>
      </trkpt>
      <trkpt lat="-7.409677" lon="108.256672">
        <ele>393.018230</ele>
        <time>2026-08-21T14:26:26.894Z</time>
      </trkpt>
      <trkpt lat="-7.409678" lon="108.256670">
        <ele>393.014490</ele>
        <time>2026-08-21T14:26:26.941Z</time>
      </trkpt>
      <trkpt lat="-7.409676" lon="108.256675">
        <ele>393.005488</ele>
        <time>2026-08-21T14:26:27.056Z</time>
      </trkpt>
      <trkpt lat="-7.409655" lon="108.256681">
        <ele>392.968735</ele>
        <time>2026-08-21T14:26:27.522Z</time>
      </trkpt>
      <trkpt lat="-7.409644" lon="108.256688">
        <ele>392.946832</ele>
        <time>2026-08-21T14:26:27.801Z</time>
      </trkpt>
      <trkpt lat="-7.409609" lon="108.256729">
        <ele>392.856498</ele>
        <time>2026-08-21T14:26:28.948Z</time>
      </trkpt>
      <trkpt lat="-7.409550" lon="108.256777">
        <ele>392.728850</ele>
        <time>2026-08-21T14:26:30.569Z</time>
      </trkpt>
      <trkpt lat="-7.409468" lon="108.256824">
        <ele>392.570029</ele>
        <time>2026-08-21T14:26:32.586Z</time>
      </trkpt>
      <trkpt lat="-7.409380" lon="108.256881">
        <ele>392.393915</ele>
        <time>2026-08-21T14:26:34.823Z</time>
      </trkpt>
      <trkpt lat="-7.409334" lon="108.256913">
        <ele>392.370754</ele>
        <time>2026-08-21T14:26:36.018Z</time>
      </trkpt>
      <trkpt lat="-7.409295" lon="108.256949">
        <ele>392.353553</ele>
        <time>2026-08-21T14:26:37.149Z</time>
      </trkpt>
      <trkpt lat="-7.409253" lon="108.256979">
        <ele>392.336809</ele>
        <time>2026-08-21T14:26:38.249Z</time>
      </trkpt>
      <trkpt lat="-7.409220" lon="108.256997">
        <ele>392.324603</ele>
        <time>2026-08-21T14:26:39.052Z</time>
      </trkpt>
      <trkpt lat="-7.409213" lon="108.257003">
        <ele>392.321614</ele>
        <time>2026-08-21T14:26:39.248Z</time>
      </trkpt>
      <trkpt lat="-7.409168" lon="108.257077">
        <ele>392.293609</ele>
        <time>2026-08-21T14:26:41.089Z</time>
      </trkpt>
      <trkpt lat="-7.409155" lon="108.257109">
        <ele>392.282453</ele>
        <time>2026-08-21T14:26:41.822Z</time>
      </trkpt>
      <trkpt lat="-7.409130" lon="108.257156">
        <ele>392.265246</ele>
        <time>2026-08-21T14:26:42.953Z</time>
      </trkpt>
      <trkpt lat="-7.409115" lon="108.257209">
        <ele>392.247465</ele>
        <time>2026-08-21T14:26:44.122Z</time>
      </trkpt>
      <trkpt lat="-7.409111" lon="108.257257">
        <ele>392.231925</ele>
        <time>2026-08-21T14:26:45.144Z</time>
      </trkpt>
      <trkpt lat="-7.409111" lon="108.257293">
        <ele>392.220311</ele>
        <time>2026-08-21T14:26:45.907Z</time>
      </trkpt>
      <trkpt lat="-7.409113" lon="108.257327">
        <ele>392.209323</ele>
        <time>2026-08-21T14:26:46.629Z</time>
      </trkpt>
      <trkpt lat="-7.409107" lon="108.257367">
        <ele>392.196271</ele>
        <time>2026-08-21T14:26:47.487Z</time>
      </trkpt>
      <trkpt lat="-7.409100" lon="108.257400">
        <ele>392.185384</ele>
        <time>2026-08-21T14:26:48.203Z</time>
      </trkpt>
      <trkpt lat="-7.409100" lon="108.257425">
        <ele>392.177319</ele>
        <time>2026-08-21T14:26:48.733Z</time>
      </trkpt>
      <trkpt lat="-7.409105" lon="108.257425">
        <ele>392.175692</ele>
        <time>2026-08-21T14:26:48.840Z</time>
      </trkpt>
      <trkpt lat="-7.409116" lon="108.257417">
        <ele>392.171280</ele>
        <time>2026-08-21T14:26:49.130Z</time>
      </trkpt>
      <trkpt lat="-7.409133" lon="108.257414">
        <ele>392.165665</ele>
        <time>2026-08-21T14:26:49.499Z</time>
      </trkpt>
      <trkpt lat="-7.409156" lon="108.257416">
        <ele>392.158155</ele>
        <time>2026-08-21T14:26:49.993Z</time>
      </trkpt>
      <trkpt lat="-7.409160" lon="108.257414">
        <ele>392.156703</ele>
        <time>2026-08-21T14:26:50.088Z</time>
      </trkpt>
      <trkpt lat="-7.409168" lon="108.257417">
        <ele>392.153926</ele>
        <time>2026-08-21T14:26:50.271Z</time>
      </trkpt>
      <trkpt lat="-7.409176" lon="108.257417">
        <ele>392.151323</ele>
        <time>2026-08-21T14:26:50.442Z</time>
      </trkpt>
      <trkpt lat="-7.409180" lon="108.257413">
        <ele>392.149490</ele>
        <time>2026-08-21T14:26:50.562Z</time>
      </trkpt>
      <trkpt lat="-7.409177" lon="108.257410">
        <ele>392.148116</ele>
        <time>2026-08-21T14:26:50.652Z</time>
      </trkpt>
      <trkpt lat="-7.409173" lon="108.257417">
        <ele>392.145509</ele>
        <time>2026-08-21T14:26:50.824Z</time>
      </trkpt>
      <trkpt lat="-7.409178" lon="108.257432">
        <ele>392.140404</ele>
        <time>2026-08-21T14:26:51.159Z</time>
      </trkpt>
      <trkpt lat="-7.409179" lon="108.257441">
        <ele>392.137483</ele>
        <time>2026-08-21T14:26:51.351Z</time>
      </trkpt>
      <trkpt lat="-7.409179" lon="108.257439">
        <ele>392.136837</ele>
        <time>2026-08-21T14:26:51.394Z</time>
      </trkpt>
      <trkpt lat="-7.409170" lon="108.257472">
        <ele>392.125796</ele>
        <time>2026-08-21T14:26:52.120Z</time>
      </trkpt>
      <trkpt lat="-7.409168" lon="108.257485">
        <ele>392.121552</ele>
        <time>2026-08-21T14:26:52.399Z</time>
      </trkpt>
      <trkpt lat="-7.409176" lon="108.257489">
        <ele>392.118647</ele>
        <time>2026-08-21T14:26:52.589Z</time>
      </trkpt>
      <trkpt lat="-7.409184" lon="108.257488">
        <ele>392.116024</ele>
        <time>2026-08-21T14:26:52.762Z</time>
      </trkpt>
      <trkpt lat="-7.409187" lon="108.257485">
        <ele>392.114649</ele>
        <time>2026-08-21T14:26:52.852Z</time>
      </trkpt>
      <trkpt lat="-7.409151" lon="108.257607">
        <ele>392.073585</ele>
        <time>2026-08-21T14:26:55.551Z</time>
      </trkpt>
      <trkpt lat="-7.409152" lon="108.257606">
        <ele>392.073127</ele>
        <time>2026-08-21T14:26:55.581Z</time>
      </trkpt>
      <trkpt lat="-7.409145" lon="108.257630">
        <ele>392.065056</ele>
        <time>2026-08-21T14:26:56.112Z</time>
      </trkpt>
      <trkpt lat="-7.409146" lon="108.257631">
        <ele>392.064598</ele>
        <time>2026-08-21T14:26:56.142Z</time>
      </trkpt>
      <trkpt lat="-7.409147" lon="108.257626">
        <ele>392.062952</ele>
        <time>2026-08-21T14:26:56.250Z</time>
      </trkpt>
      <trkpt lat="-7.409140" lon="108.257655">
        <ele>392.053323</ele>
        <time>2026-08-21T14:26:56.883Z</time>
      </trkpt>
      <trkpt lat="-7.409130" lon="108.257688">
        <ele>392.042191</ele>
        <time>2026-08-21T14:26:57.615Z</time>
      </trkpt>
      <trkpt lat="-7.409128" lon="108.257697">
        <ele>392.039216</ele>
        <time>2026-08-21T14:26:57.810Z</time>
      </trkpt>
      <trkpt lat="-7.409133" lon="108.257690">
        <ele>392.036432</ele>
        <time>2026-08-21T14:26:57.993Z</time>
      </trkpt>
      <trkpt lat="-7.409129" lon="108.257706">
        <ele>392.031109</ele>
        <time>2026-08-21T14:26:58.343Z</time>
      </trkpt>
      <trkpt lat="-7.409134" lon="108.257698">
        <ele>392.028058</ele>
        <time>2026-08-21T14:26:58.544Z</time>
      </trkpt>
      <trkpt lat="-7.409133" lon="108.257704">
        <ele>392.026096</ele>
        <time>2026-08-21T14:26:58.673Z</time>
      </trkpt>
      <trkpt lat="-7.409134" lon="108.257705">
        <ele>392.025637</ele>
        <time>2026-08-21T14:26:58.703Z</time>
      </trkpt>
      <trkpt lat="-7.409132" lon="108.257709">
        <ele>392.024192</ele>
        <time>2026-08-21T14:26:58.798Z</time>
      </trkpt>
      <trkpt lat="-7.409130" lon="108.257706">
        <ele>392.023026</ele>
        <time>2026-08-21T14:26:58.875Z</time>
      </trkpt>
      <trkpt lat="-7.409128" lon="108.257707">
        <ele>392.022300</ele>
        <time>2026-08-21T14:26:58.922Z</time>
      </trkpt>
      <trkpt lat="-7.409122" lon="108.257719">
        <ele>392.017964</ele>
        <time>2026-08-21T14:26:59.207Z</time>
      </trkpt>
      <trkpt lat="-7.409093" lon="108.257821">
        <ele>391.983732</ele>
        <time>2026-08-21T14:27:01.457Z</time>
      </trkpt>
      <trkpt lat="-7.409103" lon="108.257814">
        <ele>391.979771</ele>
        <time>2026-08-21T14:27:01.718Z</time>
      </trkpt>
      <trkpt lat="-7.409120" lon="108.257806">
        <ele>391.973668</ele>
        <time>2026-08-21T14:27:02.119Z</time>
      </trkpt>
      <trkpt lat="-7.409151" lon="108.257782">
        <ele>391.960954</ele>
        <time>2026-08-21T14:27:02.955Z</time>
      </trkpt>
      <trkpt lat="-7.409188" lon="108.257748">
        <ele>391.944668</ele>
        <time>2026-08-21T14:27:04.025Z</time>
      </trkpt>
      <trkpt lat="-7.409212" lon="108.257719">
        <ele>391.932482</ele>
        <time>2026-08-21T14:27:04.826Z</time>
      </trkpt>
      <trkpt lat="-7.409234" lon="108.257689">
        <ele>391.920445</ele>
        <time>2026-08-21T14:27:05.617Z</time>
      </trkpt>
      <trkpt lat="-7.409272" lon="108.257618">
        <ele>391.894416</ele>
        <time>2026-08-21T14:27:07.328Z</time>
      </trkpt>
      <trkpt lat="-7.409304" lon="108.257536">
        <ele>391.865987</ele>
        <time>2026-08-21T14:27:09.197Z</time>
      </trkpt>
      <trkpt lat="-7.409324" lon="108.257468">
        <ele>391.843105</ele>
        <time>2026-08-21T14:27:10.701Z</time>
      </trkpt>
      <trkpt lat="-7.409347" lon="108.257403">
        <ele>391.820840</ele>
        <time>2026-08-21T14:27:12.164Z</time>
      </trkpt>
      <trkpt lat="-7.409393" lon="108.257257">
        <ele>391.965686</ele>
        <time>2026-08-21T14:27:15.413Z</time>
      </trkpt>
      <trkpt lat="-7.409414" lon="108.257203">
        <ele>392.063601</ele>
        <time>2026-08-21T14:27:16.643Z</time>
      </trkpt>
      <trkpt lat="-7.409439" lon="108.257131">
        <ele>392.192376</ele>
        <time>2026-08-21T14:27:18.260Z</time>
      </trkpt>
      <trkpt lat="-7.409464" lon="108.257068">
        <ele>392.306923</ele>
        <time>2026-08-21T14:27:19.699Z</time>
      </trkpt>
      <trkpt lat="-7.409492" lon="108.256985">
        <ele>392.454918</ele>
        <time>2026-08-21T14:27:21.559Z</time>
      </trkpt>
      <trkpt lat="-7.409513" lon="108.256930">
        <ele>392.554406</ele>
        <time>2026-08-21T14:27:22.809Z</time>
      </trkpt>
      <trkpt lat="-7.409543" lon="108.256882">
        <ele>392.650183</ele>
        <time>2026-08-21T14:27:24.012Z</time>
      </trkpt>
      <trkpt lat="-7.409575" lon="108.256843">
        <ele>392.735632</ele>
        <time>2026-08-21T14:27:25.085Z</time>
      </trkpt>
      <trkpt lat="-7.409614" lon="108.256812">
        <ele>392.820165</ele>
        <time>2026-08-21T14:27:26.148Z</time>
      </trkpt>
      <trkpt lat="-7.409655" lon="108.256774">
        <ele>392.914959</ele>
        <time>2026-08-21T14:27:27.338Z</time>
      </trkpt>
      <trkpt lat="-7.409695" lon="108.256742">
        <ele>393.001875</ele>
        <time>2026-08-21T14:27:28.431Z</time>
      </trkpt>
      <trkpt lat="-7.409787" lon="108.256682">
        <ele>393.188382</ele>
        <time>2026-08-21T14:27:30.774Z</time>
      </trkpt>
      <trkpt lat="-7.409832" lon="108.256661">
        <ele>393.272789</ele>
        <time>2026-08-21T14:27:31.834Z</time>
      </trkpt>
      <trkpt lat="-7.410017" lon="108.256566">
        <ele>393.626191</ele>
        <time>2026-08-21T14:27:36.275Z</time>
      </trkpt>
      <trkpt lat="-7.410060" lon="108.256536">
        <ele>393.715199</ele>
        <time>2026-08-21T14:27:37.393Z</time>
      </trkpt>
      <trkpt lat="-7.410118" lon="108.256507">
        <ele>393.825401</ele>
        <time>2026-08-21T14:27:38.777Z</time>
      </trkpt>
      <trkpt lat="-7.410153" lon="108.256481">
        <ele>393.899402</ele>
        <time>2026-08-21T14:27:39.707Z</time>
      </trkpt>
      <trkpt lat="-7.410175" lon="108.256450">
        <ele>393.963752</ele>
        <time>2026-08-21T14:27:40.516Z</time>
      </trkpt>
      <trkpt lat="-7.410195" lon="108.256400">
        <ele>394.054762</ele>
        <time>2026-08-21T14:27:41.659Z</time>
      </trkpt>
      <trkpt lat="-7.410200" lon="108.256382">
        <ele>394.086317</ele>
        <time>2026-08-21T14:27:42.055Z</time>
      </trkpt>
      <trkpt lat="-7.410203" lon="108.256363">
        <ele>394.118794</ele>
        <time>2026-08-21T14:27:42.463Z</time>
      </trkpt>
      <trkpt lat="-7.410199" lon="108.256358">
        <ele>394.129639</ele>
        <time>2026-08-21T14:27:42.600Z</time>
      </trkpt>
      <trkpt lat="-7.410194" lon="108.256355">
        <ele>394.139543</ele>
        <time>2026-08-21T14:27:42.724Z</time>
      </trkpt>
      <trkpt lat="-7.410163" lon="108.256356">
        <ele>394.192340</ele>
        <time>2026-08-21T14:27:43.387Z</time>
      </trkpt>
      <trkpt lat="-7.410149" lon="108.256353">
        <ele>394.216704</ele>
        <time>2026-08-21T14:27:43.694Z</time>
      </trkpt>
      <trkpt lat="-7.410139" lon="108.256347">
        <ele>394.236512</ele>
        <time>2026-08-21T14:27:43.942Z</time>
      </trkpt>
      <trkpt lat="-7.410130" lon="108.256339">
        <ele>394.256935</ele>
        <time>2026-08-21T14:27:44.199Z</time>
      </trkpt>
      <trkpt lat="-7.410123" lon="108.256331">
        <ele>394.274945</ele>
        <time>2026-08-21T14:27:44.425Z</time>
      </trkpt>
      <trkpt lat="-7.410117" lon="108.256320">
        <ele>394.296138</ele>
        <time>2026-08-21T14:27:44.692Z</time>
      </trkpt>
      <trkpt lat="-7.410098" lon="108.256266">
        <ele>394.392861</ele>
        <time>2026-08-21T14:27:45.907Z</time>
      </trkpt>
      <trkpt lat="-7.410090" lon="108.256225">
        <ele>394.463398</ele>
        <time>2026-08-21T14:27:46.793Z</time>
      </trkpt>
      <trkpt lat="-7.410088" lon="108.256145">
        <ele>394.598486</ele>
        <time>2026-08-21T14:27:48.490Z</time>
      </trkpt>
      <trkpt lat="-7.410093" lon="108.256101">
        <ele>394.673247</ele>
        <time>2026-08-21T14:27:49.429Z</time>
      </trkpt>
      <trkpt lat="-7.410119" lon="108.256055">
        <ele>394.762625</ele>
        <time>2026-08-21T14:27:50.552Z</time>
      </trkpt>
      <trkpt lat="-7.410155" lon="108.256013">
        <ele>394.856338</ele>
        <time>2026-08-21T14:27:51.730Z</time>
      </trkpt>
      <trkpt lat="-7.410202" lon="108.255971">
        <ele>394.918616</ele>
        <time>2026-08-21T14:27:53.073Z</time>
      </trkpt>
      <trkpt lat="-7.410227" lon="108.255954">
        <ele>394.946777</ele>
        <time>2026-08-21T14:27:53.718Z</time>
      </trkpt>
      <trkpt lat="-7.410260" lon="108.255927">
        <ele>394.986465</ele>
        <time>2026-08-21T14:27:54.626Z</time>
      </trkpt>
      <trkpt lat="-7.410334" lon="108.255889">
        <ele>395.064021</ele>
        <time>2026-08-21T14:27:56.403Z</time>
      </trkpt>
      <trkpt lat="-7.410406" lon="108.255879">
        <ele>395.131898</ele>
        <time>2026-08-21T14:27:57.957Z</time>
      </trkpt>
      <trkpt lat="-7.410429" lon="108.255857">
        <ele>395.161505</ele>
        <time>2026-08-21T14:27:58.635Z</time>
      </trkpt>
      <trkpt lat="-7.410441" lon="108.255841">
        <ele>395.180084</ele>
        <time>2026-08-21T14:27:59.061Z</time>
      </trkpt>
      <trkpt lat="-7.410448" lon="108.255817">
        <ele>395.203252</ele>
        <time>2026-08-21T14:27:59.591Z</time>
      </trkpt>
      <trkpt lat="-7.410455" lon="108.255804">
        <ele>395.216953</ele>
        <time>2026-08-21T14:27:59.905Z</time>
      </trkpt>
      <trkpt lat="-7.410463" lon="108.255874">
        <ele>395.282211</ele>
        <time>2026-08-21T14:28:01.399Z</time>
      </trkpt>
      <trkpt lat="-7.410476" lon="108.255873">
        <ele>395.294387</ele>
        <time>2026-08-21T14:28:01.678Z</time>
      </trkpt>
      <trkpt lat="-7.410502" lon="108.255829">
        <ele>395.341823</ele>
        <time>2026-08-21T14:28:02.765Z</time>
      </trkpt>
      <trkpt lat="-7.410525" lon="108.255799">
        <ele>395.376942</ele>
        <time>2026-08-21T14:28:03.569Z</time>
      </trkpt>
      <trkpt lat="-7.410529" lon="108.255788">
        <ele>395.387793</ele>
        <time>2026-08-21T14:28:03.817Z</time>
      </trkpt>
      <trkpt lat="-7.410533" lon="108.255750">
        <ele>395.423184</ele>
        <time>2026-08-21T14:28:04.628Z</time>
      </trkpt>
      <trkpt lat="-7.410545" lon="108.255721">
        <ele>395.452286</ele>
        <time>2026-08-21T14:28:05.294Z</time>
      </trkpt>
      <trkpt lat="-7.410569" lon="108.255683">
        <ele>395.494011</ele>
        <time>2026-08-21T14:28:06.250Z</time>
      </trkpt>
      <trkpt lat="-7.410578" lon="108.255674">
        <ele>395.505848</ele>
        <time>2026-08-21T14:28:06.521Z</time>
      </trkpt>
      <trkpt lat="-7.410620" lon="108.255659">
        <ele>395.547461</ele>
        <time>2026-08-21T14:28:07.474Z</time>
      </trkpt>
      <trkpt lat="-7.410650" lon="108.255643">
        <ele>395.579156</ele>
        <time>2026-08-21T14:28:08.200Z</time>
      </trkpt>
      <trkpt lat="-7.410670" lon="108.255638">
        <ele>395.598400</ele>
        <time>2026-08-21T14:28:08.640Z</time>
      </trkpt>
      <trkpt lat="-7.410725" lon="108.255629">
        <ele>395.650438</ele>
        <time>2026-08-21T14:28:09.832Z</time>
      </trkpt>
      <trkpt lat="-7.410747" lon="108.255630">
        <ele>395.671005</ele>
        <time>2026-08-21T14:28:10.303Z</time>
      </trkpt>
      <trkpt lat="-7.410756" lon="108.255633">
        <ele>395.679858</ele>
        <time>2026-08-21T14:28:10.505Z</time>
      </trkpt>
      <trkpt lat="-7.410766" lon="108.255634">
        <ele>395.689243</ele>
        <time>2026-08-21T14:28:10.720Z</time>
      </trkpt>
      <trkpt lat="-7.410774" lon="108.255629">
        <ele>395.698033</ele>
        <time>2026-08-21T14:28:10.922Z</time>
      </trkpt>
      <trkpt lat="-7.410781" lon="108.255629">
        <ele>395.704571</ele>
        <time>2026-08-21T14:28:11.071Z</time>
      </trkpt>
      <trkpt lat="-7.410789" lon="108.255635">
        <ele>395.713882</ele>
        <time>2026-08-21T14:28:11.284Z</time>
      </trkpt>
      <trkpt lat="-7.410841" lon="108.255653">
        <ele>395.765228</ele>
        <time>2026-08-21T14:28:12.460Z</time>
      </trkpt>
      <trkpt lat="-7.410853" lon="108.255659">
        <ele>395.777737</ele>
        <time>2026-08-21T14:28:12.747Z</time>
      </trkpt>
      <trkpt lat="-7.410886" lon="108.255668">
        <ele>395.809664</ele>
        <time>2026-08-21T14:28:13.478Z</time>
      </trkpt>
      <trkpt lat="-7.410927" lon="108.255689">
        <ele>395.852611</ele>
        <time>2026-08-21T14:28:14.461Z</time>
      </trkpt>
      <trkpt lat="-7.410962" lon="108.255702">
        <ele>395.887445</ele>
        <time>2026-08-21T14:28:15.259Z</time>
      </trkpt>
      <trkpt lat="-7.411011" lon="108.255715">
        <ele>395.934765</ele>
        <time>2026-08-21T14:28:16.342Z</time>
      </trkpt>
      <trkpt lat="-7.411041" lon="108.255730">
        <ele>395.966038</ele>
        <time>2026-08-21T14:28:17.058Z</time>
      </trkpt>
      <trkpt lat="-7.411049" lon="108.255736">
        <ele>395.975350</ele>
        <time>2026-08-21T14:28:17.271Z</time>
      </trkpt>
      <trkpt lat="-7.411073" lon="108.255762">
        <ele>396.008247</ele>
        <time>2026-08-21T14:28:18.024Z</time>
      </trkpt>
      <trkpt lat="-7.411118" lon="108.255794">
        <ele>396.059672</ele>
        <time>2026-08-21T14:28:19.202Z</time>
      </trkpt>
      <trkpt lat="-7.411134" lon="108.255800">
        <ele>396.075615</ele>
        <time>2026-08-21T14:28:19.567Z</time>
      </trkpt>
      <trkpt lat="-7.411167" lon="108.255799">
        <ele>396.106448</ele>
        <time>2026-08-21T14:28:20.273Z</time>
      </trkpt>
      <trkpt lat="-7.411179" lon="108.255796">
        <ele>396.117995</ele>
        <time>2026-08-21T14:28:20.537Z</time>
      </trkpt>
      <trkpt lat="-7.411222" lon="108.255794">
        <ele>396.158196</ele>
        <time>2026-08-21T14:28:21.458Z</time>
      </trkpt>
      <trkpt lat="-7.411260" lon="108.255800">
        <ele>396.194118</ele>
        <time>2026-08-21T14:28:22.280Z</time>
      </trkpt>
      <trkpt lat="-7.411276" lon="108.255801">
        <ele>396.209090</ele>
        <time>2026-08-21T14:28:22.623Z</time>
      </trkpt>
      <trkpt lat="-7.411289" lon="108.255798">
        <ele>396.221545</ele>
        <time>2026-08-21T14:28:22.908Z</time>
      </trkpt>
      <trkpt lat="-7.411303" lon="108.255792">
        <ele>396.235752</ele>
        <time>2026-08-21T14:28:23.234Z</time>
      </trkpt>
      <trkpt lat="-7.411331" lon="108.255772">
        <ele>396.267797</ele>
        <time>2026-08-21T14:28:23.967Z</time>
      </trkpt>
      <trkpt lat="-7.411348" lon="108.255766">
        <ele>396.284618</ele>
        <time>2026-08-21T14:28:24.352Z</time>
      </trkpt>
      <trkpt lat="-7.411385" lon="108.255769">
        <ele>396.319285</ele>
        <time>2026-08-21T14:28:25.146Z</time>
      </trkpt>
      <trkpt lat="-7.411399" lon="108.255773">
        <ele>396.332875</ele>
        <time>2026-08-21T14:28:25.457Z</time>
      </trkpt>
      <trkpt lat="-7.411353" lon="108.255777">
        <ele>396.375995</ele>
        <time>2026-08-21T14:28:26.445Z</time>
      </trkpt>
      <trkpt lat="-7.411294" lon="108.255774">
        <ele>396.431167</ele>
        <time>2026-08-21T14:28:27.708Z</time>
      </trkpt>
      <trkpt lat="-7.411265" lon="108.255771">
        <ele>396.458393</ele>
        <time>2026-08-21T14:28:28.331Z</time>
      </trkpt>
      <trkpt lat="-7.411203" lon="108.255761">
        <ele>396.517033</ele>
        <time>2026-08-21T14:28:29.674Z</time>
      </trkpt>
      <trkpt lat="-7.411144" lon="108.255756">
        <ele>396.493528</ele>
        <time>2026-08-21T14:28:30.940Z</time>
      </trkpt>
      <trkpt lat="-7.411110" lon="108.255750">
        <ele>396.435500</ele>
        <time>2026-08-21T14:28:31.678Z</time>
      </trkpt>
      <trkpt lat="-7.410987" lon="108.255706">
        <ele>396.216091</ele>
        <time>2026-08-21T14:28:34.469Z</time>
      </trkpt>
      <trkpt lat="-7.410943" lon="108.255697">
        <ele>396.140614</ele>
        <time>2026-08-21T14:28:35.429Z</time>
      </trkpt>
      <trkpt lat="-7.410862" lon="108.255671">
        <ele>395.997707</ele>
        <time>2026-08-21T14:28:37.247Z</time>
      </trkpt>
      <trkpt lat="-7.410825" lon="108.255661">
        <ele>395.933309</ele>
        <time>2026-08-21T14:28:38.066Z</time>
      </trkpt>
      <trkpt lat="-7.410795" lon="108.255655">
        <ele>395.881892</ele>
        <time>2026-08-21T14:28:38.720Z</time>
      </trkpt>
      <trkpt lat="-7.410788" lon="108.255655">
        <ele>395.870124</ele>
        <time>2026-08-21T14:28:38.870Z</time>
      </trkpt>
      <trkpt lat="-7.410789" lon="108.255653">
        <ele>395.866389</ele>
        <time>2026-08-21T14:28:38.917Z</time>
      </trkpt>
      <trkpt lat="-7.410791" lon="108.255655">
        <ele>395.861654</ele>
        <time>2026-08-21T14:28:38.977Z</time>
      </trkpt>
      <trkpt lat="-7.410766" lon="108.255649">
        <ele>395.818451</ele>
        <time>2026-08-21T14:28:39.527Z</time>
      </trkpt>
      <trkpt lat="-7.410718" lon="108.255643">
        <ele>395.737138</ele>
        <time>2026-08-21T14:28:40.561Z</time>
      </trkpt>
      <trkpt lat="-7.410686" lon="108.255658">
        <ele>395.677812</ele>
        <time>2026-08-21T14:28:41.316Z</time>
      </trkpt>
      <trkpt lat="-7.410637" lon="108.255685">
        <ele>395.583940</ele>
        <time>2026-08-21T14:28:42.510Z</time>
      </trkpt>
      <trkpt lat="-7.410605" lon="108.255705">
        <ele>395.520648</ele>
        <time>2026-08-21T14:28:43.315Z</time>
      </trkpt>
      <trkpt lat="-7.410552" lon="108.255729">
        <ele>395.422975</ele>
        <time>2026-08-21T14:28:44.558Z</time>
      </trkpt>
      <trkpt lat="-7.410506" lon="108.255752">
        <ele>395.336657</ele>
        <time>2026-08-21T14:28:45.656Z</time>
      </trkpt>
      <trkpt lat="-7.410496" lon="108.255764">
        <ele>395.310526</ele>
        <time>2026-08-21T14:28:45.988Z</time>
      </trkpt>
      <trkpt lat="-7.410498" lon="108.255771">
        <ele>395.298381</ele>
        <time>2026-08-21T14:28:46.143Z</time>
      </trkpt>
      <trkpt lat="-7.410492" lon="108.255783">
        <ele>395.275977</ele>
        <time>2026-08-21T14:28:46.428Z</time>
      </trkpt>
      <trkpt lat="-7.410478" lon="108.255798">
        <ele>395.241636</ele>
        <time>2026-08-21T14:28:46.865Z</time>
      </trkpt>
      <trkpt lat="-7.410465" lon="108.255808">
        <ele>395.214148</ele>
        <time>2026-08-21T14:28:47.215Z</time>
      </trkpt>
      <trkpt lat="-7.410444" lon="108.255829">
        <ele>395.164428</ele>
        <time>2026-08-21T14:28:47.847Z</time>
      </trkpt>
      <trkpt lat="-7.410434" lon="108.255841">
        <ele>395.138297</ele>
        <time>2026-08-21T14:28:48.180Z</time>
      </trkpt>
      <trkpt lat="-7.410435" lon="108.255844">
        <ele>395.133020</ele>
        <time>2026-08-21T14:28:48.247Z</time>
      </trkpt>
      <trkpt lat="-7.410430" lon="108.255848">
        <ele>395.122291</ele>
        <time>2026-08-21T14:28:48.383Z</time>
      </trkpt>
      <trkpt lat="-7.410420" lon="108.255854">
        <ele>395.102728</ele>
        <time>2026-08-21T14:28:48.632Z</time>
      </trkpt>
      <trkpt lat="-7.410392" lon="108.255864">
        <ele>395.052791</ele>
        <time>2026-08-21T14:28:49.268Z</time>
      </trkpt>
      <trkpt lat="-7.410358" lon="108.255878">
        <ele>394.991050</ele>
        <time>2026-08-21T14:28:50.053Z</time>
      </trkpt>
      <trkpt lat="-7.410354" lon="108.255881">
        <ele>394.982669</ele>
        <time>2026-08-21T14:28:50.160Z</time>
      </trkpt>
      <trkpt lat="-7.410343" lon="108.255881">
        <ele>394.964176</ele>
        <time>2026-08-21T14:28:50.395Z</time>
      </trkpt>
      <trkpt lat="-7.410334" lon="108.255889">
        <ele>394.944007</ele>
        <time>2026-08-21T14:28:50.652Z</time>
      </trkpt>
      <trkpt lat="-7.410302" lon="108.255907">
        <ele>394.882406</ele>
        <time>2026-08-21T14:28:51.435Z</time>
      </trkpt>
      <trkpt lat="-7.410274" lon="108.255926">
        <ele>394.825668</ele>
        <time>2026-08-21T14:28:52.157Z</time>
      </trkpt>
      <trkpt lat="-7.410267" lon="108.255933">
        <ele>394.809095</ele>
        <time>2026-08-21T14:28:52.368Z</time>
      </trkpt>
      <trkpt lat="-7.410237" lon="108.256001">
        <ele>394.685018</ele>
        <time>2026-08-21T14:28:53.947Z</time>
      </trkpt>
      <trkpt lat="-7.410212" lon="108.256046">
        <ele>394.599026</ele>
        <time>2026-08-21T14:28:55.041Z</time>
      </trkpt>
      <trkpt lat="-7.410208" lon="108.256059">
        <ele>394.576334</ele>
        <time>2026-08-21T14:28:55.329Z</time>
      </trkpt>
      <trkpt lat="-7.410208" lon="108.256086">
        <ele>394.531322</ele>
        <time>2026-08-21T14:28:55.902Z</time>
      </trkpt>
      <trkpt lat="-7.410229" lon="108.256223">
        <ele>394.300214</ele>
        <time>2026-08-21T14:28:58.842Z</time>
      </trkpt>
      <trkpt lat="-7.410228" lon="108.256260">
        <ele>394.238507</ele>
        <time>2026-08-21T14:28:59.627Z</time>
      </trkpt>
      <trkpt lat="-7.410220" lon="108.256301">
        <ele>394.168844</ele>
        <time>2026-08-21T14:29:00.513Z</time>
      </trkpt>
      <trkpt lat="-7.410207" lon="108.256342">
        <ele>394.097083</ele>
        <time>2026-08-21T14:29:01.426Z</time>
      </trkpt>
      <trkpt lat="-7.410199" lon="108.256386">
        <ele>394.022507</ele>
        <time>2026-08-21T14:29:02.375Z</time>
      </trkpt>
      <trkpt lat="-7.410186" lon="108.256426">
        <ele>393.952332</ele>
        <time>2026-08-21T14:29:03.268Z</time>
      </trkpt>
      <trkpt lat="-7.410168" lon="108.256462">
        <ele>393.885118</ele>
        <time>2026-08-21T14:29:04.123Z</time>
      </trkpt>
      <trkpt lat="-7.410145" lon="108.256496">
        <ele>393.816504</ele>
        <time>2026-08-21T14:29:04.996Z</time>
      </trkpt>
      <trkpt lat="-7.410119" lon="108.256527">
        <ele>393.748817</ele>
        <time>2026-08-21T14:29:05.857Z</time>
      </trkpt>
      <trkpt lat="-7.410089" lon="108.256549">
        <ele>393.686456</ele>
        <time>2026-08-21T14:29:06.650Z</time>
      </trkpt>
      <trkpt lat="-7.410063" lon="108.256562">
        <ele>393.637668</ele>
        <time>2026-08-21T14:29:07.271Z</time>
      </trkpt>
      <trkpt lat="-7.410030" lon="108.256574">
        <ele>393.578693</ele>
        <time>2026-08-21T14:29:08.021Z</time>
      </trkpt>
      <trkpt lat="-7.409963" lon="108.256586">
        <ele>393.461947</ele>
        <time>2026-08-21T14:29:09.476Z</time>
      </trkpt>
      <trkpt lat="-7.409897" lon="108.256609">
        <ele>393.339644</ele>
        <time>2026-08-21T14:29:10.970Z</time>
      </trkpt>
      <trkpt lat="-7.409871" lon="108.256616">
        <ele>393.292512</ele>
        <time>2026-08-21T14:29:11.545Z</time>
      </trkpt>
      <trkpt lat="-7.409840" lon="108.256631">
        <ele>393.232290</ele>
        <time>2026-08-21T14:29:12.281Z</time>
      </trkpt>
      <trkpt lat="-7.409831" lon="108.256637">
        <ele>393.213394</ele>
        <time>2026-08-21T14:29:12.511Z</time>
      </trkpt>
      <trkpt lat="-7.409814" lon="108.256662">
        <ele>393.160745</ele>
        <time>2026-08-21T14:29:13.154Z</time>
      </trkpt>
      <trkpt lat="-7.409808" lon="108.256694">
        <ele>393.104182</ele>
        <time>2026-08-21T14:29:13.845Z</time>
      </trkpt>
      <trkpt lat="-7.409806" lon="108.256730">
        <ele>393.041559</ele>
        <time>2026-08-21T14:29:14.610Z</time>
      </trkpt>
      <trkpt lat="-7.409799" lon="108.256760">
        <ele>392.988031</ele>
        <time>2026-08-21T14:29:15.263Z</time>
      </trkpt>
      <trkpt lat="-7.409764" lon="108.256794">
        <ele>392.902915</ele>
        <time>2026-08-21T14:29:16.303Z</time>
      </trkpt>
      <trkpt lat="-7.409707" lon="108.256840">
        <ele>392.775049</ele>
        <time>2026-08-21T14:29:17.864Z</time>
      </trkpt>
      <trkpt lat="-7.409671" lon="108.256858">
        <ele>392.704673</ele>
        <time>2026-08-21T14:29:18.724Z</time>
      </trkpt>
      <trkpt lat="-7.409602" lon="108.256903">
        <ele>392.560752</ele>
        <time>2026-08-21T14:29:20.481Z</time>
      </trkpt>
      <trkpt lat="-7.409561" lon="108.256919">
        <ele>392.483753</ele>
        <time>2026-08-21T14:29:21.421Z</time>
      </trkpt>
      <trkpt lat="-7.409523" lon="108.256930">
        <ele>392.414510</ele>
        <time>2026-08-21T14:29:22.267Z</time>
      </trkpt>
      <trkpt lat="-7.409463" lon="108.256938">
        <ele>392.308509</ele>
        <time>2026-08-21T14:29:23.561Z</time>
      </trkpt>
      <trkpt lat="-7.409413" lon="108.256953">
        <ele>392.217144</ele>
        <time>2026-08-21T14:29:24.677Z</time>
      </trkpt>
      <trkpt lat="-7.409386" lon="108.256979">
        <ele>392.151757</ele>
        <time>2026-08-21T14:29:25.475Z</time>
      </trkpt>
      <trkpt lat="-7.409323" lon="108.257026">
        <ele>392.014503</ele>
        <time>2026-08-21T14:29:27.151Z</time>
      </trkpt>
      <trkpt lat="-7.409301" lon="108.257053">
        <ele>391.953809</ele>
        <time>2026-08-21T14:29:27.892Z</time>
      </trkpt>
      <trkpt lat="-7.409279" lon="108.257087">
        <ele>391.883298</ele>
        <time>2026-08-21T14:29:28.753Z</time>
      </trkpt>
      <trkpt lat="-7.409224" lon="108.257203">
        <ele>391.659982</ele>
        <time>2026-08-21T14:29:31.480Z</time>
      </trkpt>
      <trkpt lat="-7.409203" lon="108.257239">
        <ele>391.587441</ele>
        <time>2026-08-21T14:29:32.366Z</time>
      </trkpt>
      <trkpt lat="-7.409186" lon="108.257284">
        <ele>391.503804</ele>
        <time>2026-08-21T14:29:33.387Z</time>
      </trkpt>
      <trkpt lat="-7.409172" lon="108.257328">
        <ele>391.423547</ele>
        <time>2026-08-21T14:29:34.367Z</time>
      </trkpt>
      <trkpt lat="-7.409161" lon="108.257418">
        <ele>391.266050</ele>
        <time>2026-08-21T14:29:36.290Z</time>
      </trkpt>
      <trkpt lat="-7.409165" lon="108.257456">
        <ele>391.199680</ele>
        <time>2026-08-21T14:29:37.101Z</time>
      </trkpt>
      <trkpt lat="-7.409177" lon="108.257501">
        <ele>391.118747</ele>
        <time>2026-08-21T14:29:38.089Z</time>
      </trkpt>
      <trkpt lat="-7.409205" lon="108.257537">
        <ele>391.039283</ele>
        <time>2026-08-21T14:29:39.059Z</time>
      </trkpt>
      <trkpt lat="-7.409242" lon="108.257572">
        <ele>390.950431</ele>
        <time>2026-08-21T14:29:40.144Z</time>
      </trkpt>
      <trkpt lat="-7.409281" lon="108.257601">
        <ele>390.865562</ele>
        <time>2026-08-21T14:29:41.180Z</time>
      </trkpt>
      <trkpt lat="-7.409315" lon="108.257623">
        <ele>390.794808</ele>
        <time>2026-08-21T14:29:42.044Z</time>
      </trkpt>
      <trkpt lat="-7.409350" lon="108.257642">
        <ele>390.725190</ele>
        <time>2026-08-21T14:29:42.894Z</time>
      </trkpt>
      <trkpt lat="-7.409403" lon="108.257656">
        <ele>390.629232</ele>
        <time>2026-08-21T14:29:44.066Z</time>
      </trkpt>
      <trkpt lat="-7.409449" lon="108.257676">
        <ele>390.541496</ele>
        <time>2026-08-21T14:29:45.137Z</time>
      </trkpt>
      <trkpt lat="-7.409491" lon="108.257691">
        <ele>390.463458</ele>
        <time>2026-08-21T14:29:46.090Z</time>
      </trkpt>
      <trkpt lat="-7.409548" lon="108.257714">
        <ele>390.354486</ele>
        <time>2026-08-21T14:29:47.403Z</time>
      </trkpt>
      <trkpt lat="-7.409581" lon="108.257737">
        <ele>390.277092</ele>
        <time>2026-08-21T14:29:48.261Z</time>
      </trkpt>
      <trkpt lat="-7.409591" lon="108.257746">
        <ele>390.251233</ele>
        <time>2026-08-21T14:29:48.547Z</time>
      </trkpt>
      <trkpt lat="-7.409608" lon="108.257769">
        <ele>390.196351</ele>
        <time>2026-08-21T14:29:49.156Z</time>
      </trkpt>
      <trkpt lat="-7.409623" lon="108.257794">
        <ele>390.140447</ele>
        <time>2026-08-21T14:29:49.776Z</time>
      </trkpt>
      <trkpt lat="-7.409637" lon="108.257823">
        <ele>390.078739</ele>
        <time>2026-08-21T14:29:50.460Z</time>
      </trkpt>
      <trkpt lat="-7.409674" lon="108.257923">
        <ele>389.874536</ele>
        <time>2026-08-21T14:29:52.723Z</time>
      </trkpt>
      <trkpt lat="-7.409716" lon="108.258015">
        <ele>389.680765</ele>
        <time>2026-08-21T14:29:54.871Z</time>
      </trkpt>
      <trkpt lat="-7.409730" lon="108.258079">
        <ele>389.555377</ele>
        <time>2026-08-21T14:29:56.261Z</time>
      </trkpt>
      <trkpt lat="-7.409739" lon="108.258154">
        <ele>389.410840</ele>
        <time>2026-08-21T14:29:57.863Z</time>
      </trkpt>
      <trkpt lat="-7.409739" lon="108.258194">
        <ele>389.334312</ele>
        <time>2026-08-21T14:29:58.711Z</time>
      </trkpt>
      <trkpt lat="-7.409749" lon="108.258279">
        <ele>389.170550</ele>
        <time>2026-08-21T14:30:00.527Z</time>
      </trkpt>
      <trkpt lat="-7.409748" lon="108.258315">
        <ele>389.101648</ele>
        <time>2026-08-21T14:30:01.290Z</time>
      </trkpt>
      <trkpt lat="-7.409745" lon="108.258346">
        <ele>389.042057</ele>
        <time>2026-08-21T14:30:01.951Z</time>
      </trkpt>
      <trkpt lat="-7.409736" lon="108.258373">
        <ele>388.987561</ele>
        <time>2026-08-21T14:30:02.555Z</time>
      </trkpt>
      <trkpt lat="-7.409721" lon="108.258406">
        <ele>388.918109</ele>
        <time>2026-08-21T14:30:03.325Z</time>
      </trkpt>
      <trkpt lat="-7.409677" lon="108.258430">
        <ele>388.821596</ele>
        <time>2026-08-21T14:30:04.394Z</time>
      </trkpt>
      <trkpt lat="-7.409628" lon="108.258445">
        <ele>388.722800</ele>
        <time>2026-08-21T14:30:05.490Z</time>
      </trkpt>
      <trkpt lat="-7.409557" lon="108.258449">
        <ele>388.585606</ele>
        <time>2026-08-21T14:30:07.010Z</time>
      </trkpt>
      <trkpt lat="-7.409530" lon="108.258454">
        <ele>388.532643</ele>
        <time>2026-08-21T14:30:07.597Z</time>
      </trkpt>
      <trkpt lat="-7.409503" lon="108.258452">
        <ele>388.480412</ele>
        <time>2026-08-21T14:30:08.176Z</time>
      </trkpt>
      <trkpt lat="-7.409475" lon="108.258446">
        <ele>388.425185</ele>
        <time>2026-08-21T14:30:08.788Z</time>
      </trkpt>
      <trkpt lat="-7.409446" lon="108.258427">
        <ele>388.358463</ele>
        <time>2026-08-21T14:30:09.528Z</time>
      </trkpt>
      <trkpt lat="-7.409378" lon="108.258376">
        <ele>388.194964</ele>
        <time>2026-08-21T14:30:11.341Z</time>
      </trkpt>
      <trkpt lat="-7.409350" lon="108.258361">
        <ele>388.133793</ele>
        <time>2026-08-21T14:30:12.019Z</time>
      </trkpt>
      <trkpt lat="-7.409319" lon="108.258355">
        <ele>388.072893</ele>
        <time>2026-08-21T14:30:12.694Z</time>
      </trkpt>
      <trkpt lat="-7.409286" lon="108.258351">
        <ele>388.008768</ele>
        <time>2026-08-21T14:30:13.405Z</time>
      </trkpt>
      <trkpt lat="-7.409184" lon="108.258348">
        <ele>387.811895</ele>
        <time>2026-08-21T14:30:15.587Z</time>
      </trkpt>
      <trkpt lat="-7.409141" lon="108.258343">
        <ele>387.728385</ele>
        <time>2026-08-21T14:30:16.513Z</time>
      </trkpt>
      <trkpt lat="-7.409114" lon="108.258338">
        <ele>387.675422</ele>
        <time>2026-08-21T14:30:17.100Z</time>
      </trkpt>
      <trkpt lat="-7.409075" lon="108.258328">
        <ele>387.597785</ele>
        <time>2026-08-21T14:30:17.961Z</time>
      </trkpt>
      <trkpt lat="-7.409014" lon="108.258307">
        <ele>387.473428</ele>
        <time>2026-08-21T14:30:19.340Z</time>
      </trkpt>
      <trkpt lat="-7.408986" lon="108.258292">
        <ele>387.412258</ele>
        <time>2026-08-21T14:30:20.018Z</time>
      </trkpt>
      <trkpt lat="-7.408968" lon="108.258285">
        <ele>387.375037</ele>
        <time>2026-08-21T14:30:20.430Z</time>
      </trkpt>
      <trkpt lat="-7.408971" lon="108.258286">
        <ele>387.368941</ele>
        <time>2026-08-21T14:30:20.498Z</time>
      </trkpt>
      <trkpt lat="-7.408989" lon="108.258282">
        <ele>387.333381</ele>
        <time>2026-08-21T14:30:20.892Z</time>
      </trkpt>
      <trkpt lat="-7.409014" lon="108.258282">
        <ele>387.285148</ele>
        <time>2026-08-21T14:30:21.427Z</time>
      </trkpt>
      <trkpt lat="-7.408985" lon="108.258250">
        <ele>387.202211</ele>
        <time>2026-08-21T14:30:22.347Z</time>
      </trkpt>
      <trkpt lat="-7.408981" lon="108.258242">
        <ele>387.185070</ele>
        <time>2026-08-21T14:30:22.537Z</time>
      </trkpt>
      <trkpt lat="-7.408981" lon="108.258239">
        <ele>387.179330</ele>
        <time>2026-08-21T14:30:22.600Z</time>
      </trkpt>
      <trkpt lat="-7.408977" lon="108.258234">
        <ele>387.167039</ele>
        <time>2026-08-21T14:30:22.737Z</time>
      </trkpt>
      <trkpt lat="-7.408966" lon="108.258225">
        <ele>387.139710</ele>
        <time>2026-08-21T14:30:23.040Z</time>
      </trkpt>
      <trkpt lat="-7.408924" lon="108.258211">
        <ele>387.054367</ele>
        <time>2026-08-21T14:30:23.986Z</time>
      </trkpt>
      <trkpt lat="-7.408863" lon="108.258201">
        <ele>386.935134</ele>
        <time>2026-08-21T14:30:25.308Z</time>
      </trkpt>
      <trkpt lat="-7.408831" lon="108.258200">
        <ele>386.860485</ele>
        <time>2026-08-21T14:30:25.993Z</time>
      </trkpt>
      <trkpt lat="-7.408800" lon="108.258203">
        <ele>386.771352</ele>
        <time>2026-08-21T14:30:26.659Z</time>
      </trkpt>
      <trkpt lat="-7.408771" lon="108.258210">
        <ele>386.686006</ele>
        <time>2026-08-21T14:30:27.297Z</time>
      </trkpt>
      <trkpt lat="-7.408745" lon="108.258223">
        <ele>386.602945</ele>
        <time>2026-08-21T14:30:27.918Z</time>
      </trkpt>
      <trkpt lat="-7.408721" lon="108.258237">
        <ele>386.523590</ele>
        <time>2026-08-21T14:30:28.511Z</time>
      </trkpt>
      <trkpt lat="-7.408684" lon="108.258262">
        <ele>386.396117</ele>
        <time>2026-08-21T14:30:29.463Z</time>
      </trkpt>
      <trkpt lat="-7.408613" lon="108.258302">
        <ele>386.163344</ele>
        <time>2026-08-21T14:30:31.203Z</time>
      </trkpt>
      <trkpt lat="-7.408569" lon="108.258335">
        <ele>386.006400</ele>
        <time>2026-08-21T14:30:32.376Z</time>
      </trkpt>
      <trkpt lat="-7.408543" lon="108.258367">
        <ele>385.888984</ele>
        <time>2026-08-21T14:30:33.253Z</time>
      </trkpt>
      <trkpt lat="-7.408490" lon="108.258496">
        <ele>385.492672</ele>
        <time>2026-08-21T14:30:36.215Z</time>
      </trkpt>
      <trkpt lat="-7.408484" lon="108.258533">
        <ele>385.386263</ele>
        <time>2026-08-21T14:30:37.010Z</time>
      </trkpt>
      <trkpt lat="-7.408509" lon="108.258670">
        <ele>384.990897</ele>
        <time>2026-08-21T14:30:39.964Z</time>
      </trkpt>
      <trkpt lat="-7.408508" lon="108.258709">
        <ele>384.880169</ele>
        <time>2026-08-21T14:30:40.792Z</time>
      </trkpt>
      <trkpt lat="-7.408505" lon="108.258724">
        <ele>384.836739</ele>
        <time>2026-08-21T14:30:41.116Z</time>
      </trkpt>
      <trkpt lat="-7.408492" lon="108.258886">
        <ele>384.375443</ele>
        <time>2026-08-21T14:30:44.564Z</time>
      </trkpt>
      <trkpt lat="-7.408488" lon="108.258916">
        <ele>384.289530</ele>
        <time>2026-08-21T14:30:45.206Z</time>
      </trkpt>
      <trkpt lat="-7.408488" lon="108.258945">
        <ele>384.207221</ele>
        <time>2026-08-21T14:30:45.821Z</time>
      </trkpt>
      <trkpt lat="-7.408497" lon="108.258997">
        <ele>384.057403</ele>
        <time>2026-08-21T14:30:46.941Z</time>
      </trkpt>
      <trkpt lat="-7.408500" lon="108.259035">
        <ele>383.949209</ele>
        <time>2026-08-21T14:30:47.750Z</time>
      </trkpt>
      <trkpt lat="-7.408498" lon="108.259047">
        <ele>383.914672</ele>
        <time>2026-08-21T14:30:48.008Z</time>
      </trkpt>
      <trkpt lat="-7.408497" lon="108.259098">
        <ele>383.769894</ele>
        <time>2026-08-21T14:30:49.090Z</time>
      </trkpt>
      <trkpt lat="-7.408502" lon="108.259161">
        <ele>383.590514</ele>
        <time>2026-08-21T14:30:50.431Z</time>
      </trkpt>
      <trkpt lat="-7.408503" lon="108.259194">
        <ele>383.496809</ele>
        <time>2026-08-21T14:30:51.131Z</time>
      </trkpt>
      <trkpt lat="-7.408501" lon="108.259258">
        <ele>383.315073</ele>
        <time>2026-08-21T14:30:52.490Z</time>
      </trkpt>
      <trkpt lat="-7.408495" lon="108.259290">
        <ele>383.222640</ele>
        <time>2026-08-21T14:30:53.181Z</time>
      </trkpt>
      <trkpt lat="-7.408491" lon="108.259346">
        <ele>383.063288</ele>
        <time>2026-08-21T14:30:54.372Z</time>
      </trkpt>
      <trkpt lat="-7.408500" lon="108.259439">
        <ele>382.798078</ele>
        <time>2026-08-21T14:30:56.355Z</time>
      </trkpt>
      <trkpt lat="-7.408503" lon="108.259552">
        <ele>382.477244</ele>
        <time>2026-08-21T14:30:58.753Z</time>
      </trkpt>
      <trkpt lat="-7.408499" lon="108.259579">
        <ele>382.399761</ele>
        <time>2026-08-21T14:30:59.332Z</time>
      </trkpt>
      <trkpt lat="-7.408492" lon="108.259699">
        <ele>382.058585</ele>
        <time>2026-08-21T14:31:01.882Z</time>
      </trkpt>
      <trkpt lat="-7.408489" lon="108.259701">
        <ele>382.048292</ele>
        <time>2026-08-21T14:31:01.959Z</time>
      </trkpt>
      <trkpt lat="-7.408481" lon="108.259699">
        <ele>382.024702</ele>
        <time>2026-08-21T14:31:02.136Z</time>
      </trkpt>
      <trkpt lat="-7.408466" lon="108.259689">
        <ele>381.973237</ele>
        <time>2026-08-21T14:31:02.520Z</time>
      </trkpt>
      <trkpt lat="-7.408454" lon="108.259678">
        <ele>381.926822</ele>
        <time>2026-08-21T14:31:02.867Z</time>
      </trkpt>
      <trkpt lat="-7.408453" lon="108.259680">
        <ele>381.920465</ele>
        <time>2026-08-21T14:31:02.915Z</time>
      </trkpt>
      <trkpt lat="-7.408435" lon="108.259676">
        <ele>381.867711</ele>
        <time>2026-08-21T14:31:03.309Z</time>
      </trkpt>
      <trkpt lat="-7.408439" lon="108.259678">
        <ele>381.854932</ele>
        <time>2026-08-21T14:31:03.405Z</time>
      </trkpt>
      <trkpt lat="-7.408405" lon="108.259677">
        <ele>381.757579</ele>
        <time>2026-08-21T14:31:04.132Z</time>
      </trkpt>
      <trkpt lat="-7.408395" lon="108.259670">
        <ele>381.730617</ele>
        <time>2026-08-21T14:31:04.393Z</time>
      </trkpt>
      <trkpt lat="-7.408387" lon="108.259656">
        <ele>381.697072</ele>
        <time>2026-08-21T14:31:04.735Z</time>
      </trkpt>
      <trkpt lat="-7.408380" lon="108.259619">
        <ele>381.618873</ele>
        <time>2026-08-21T14:31:05.534Z</time>
      </trkpt>
      <trkpt lat="-7.408358" lon="108.259571">
        <ele>381.509094</ele>
        <time>2026-08-21T14:31:06.656Z</time>
      </trkpt>
      <trkpt lat="-7.408352" lon="108.259551">
        <ele>381.465715</ele>
        <time>2026-08-21T14:31:07.099Z</time>
      </trkpt>
      <trkpt lat="-7.408343" lon="108.259538">
        <ele>381.432800</ele>
        <time>2026-08-21T14:31:07.435Z</time>
      </trkpt>
      <trkpt lat="-7.408315" lon="108.259508">
        <ele>381.347271</ele>
        <time>2026-08-21T14:31:08.309Z</time>
      </trkpt>
      <trkpt lat="-7.408273" lon="108.259469">
        <ele>381.227744</ele>
        <time>2026-08-21T14:31:09.530Z</time>
      </trkpt>
      <trkpt lat="-7.408227" lon="108.259412">
        <ele>381.075176</ele>
        <time>2026-08-21T14:31:11.089Z</time>
      </trkpt>
      <trkpt lat="-7.408206" lon="108.259378">
        <ele>380.992019</ele>
        <time>2026-08-21T14:31:11.938Z</time>
      </trkpt>
      <trkpt lat="-7.408164" lon="108.259336">
        <ele>380.868188</ele>
        <time>2026-08-21T14:31:13.204Z</time>
      </trkpt>
      <trkpt lat="-7.408136" lon="108.259313">
        <ele>380.792583</ele>
        <time>2026-08-21T14:31:13.976Z</time>
      </trkpt>
      <trkpt lat="-7.408077" lon="108.259271">
        <ele>380.641390</ele>
        <time>2026-08-21T14:31:15.521Z</time>
      </trkpt>
      <trkpt lat="-7.408013" lon="108.259232">
        <ele>380.484841</ele>
        <time>2026-08-21T14:31:17.120Z</time>
      </trkpt>
      <trkpt lat="-7.407975" lon="108.259205">
        <ele>380.387523</ele>
        <time>2026-08-21T14:31:18.114Z</time>
      </trkpt>
      <trkpt lat="-7.407953" lon="108.259188">
        <ele>380.329499</ele>
        <time>2026-08-21T14:31:18.707Z</time>
      </trkpt>
      <trkpt lat="-7.407947" lon="108.259176">
        <ele>380.301599</ele>
        <time>2026-08-21T14:31:18.992Z</time>
      </trkpt>
      <trkpt lat="-7.407940" lon="108.259175">
        <ele>380.286798</ele>
        <time>2026-08-21T14:31:19.144Z</time>
      </trkpt>
      <trkpt lat="-7.407938" lon="108.259179">
        <ele>380.277498</ele>
        <time>2026-08-21T14:31:19.239Z</time>
      </trkpt>
      <trkpt lat="-7.407943" lon="108.259183">
        <ele>380.264136</ele>
        <time>2026-08-21T14:31:19.375Z</time>
      </trkpt>
      <trkpt lat="-7.407948" lon="108.259191">
        <ele>380.244504</ele>
        <time>2026-08-21T14:31:19.576Z</time>
      </trkpt>
      <trkpt lat="-7.407950" lon="108.259193">
        <ele>380.238608</ele>
        <time>2026-08-21T14:31:19.636Z</time>
      </trkpt>
      <trkpt lat="-7.407947" lon="108.259186">
        <ele>380.222776</ele>
        <time>2026-08-21T14:31:19.798Z</time>
      </trkpt>
      <trkpt lat="-7.407935" lon="108.259174">
        <ele>380.187396</ele>
        <time>2026-08-21T14:31:20.159Z</time>
      </trkpt>
      <trkpt lat="-7.407927" lon="108.259161">
        <ele>380.155633</ele>
        <time>2026-08-21T14:31:20.484Z</time>
      </trkpt>
      <trkpt lat="-7.407927" lon="108.259163">
        <ele>380.151481</ele>
        <time>2026-08-21T14:31:20.526Z</time>
      </trkpt>
      <trkpt lat="-7.407928" lon="108.259163">
        <ele>380.149387</ele>
        <time>2026-08-21T14:31:20.548Z</time>
      </trkpt>
      <trkpt lat="-7.407888" lon="108.259099">
        <ele>379.992333</ele>
        <time>2026-08-21T14:31:22.153Z</time>
      </trkpt>
      <trkpt lat="-7.407880" lon="108.259096">
        <ele>379.974464</ele>
        <time>2026-08-21T14:31:22.335Z</time>
      </trkpt>
      <trkpt lat="-7.407877" lon="108.259098">
        <ele>379.966935</ele>
        <time>2026-08-21T14:31:22.412Z</time>
      </trkpt>
      <trkpt lat="-7.407868" lon="108.259085">
        <ele>379.934020</ele>
        <time>2026-08-21T14:31:22.748Z</time>
      </trkpt>
      <trkpt lat="-7.407857" lon="108.259074">
        <ele>379.901588</ele>
        <time>2026-08-21T14:31:23.080Z</time>
      </trkpt>
      <trkpt lat="-7.407866" lon="108.259064">
        <ele>379.873553</ele>
        <time>2026-08-21T14:31:23.366Z</time>
      </trkpt>
      <trkpt lat="-7.407863" lon="108.259067">
        <ele>379.864708</ele>
        <time>2026-08-21T14:31:23.457Z</time>
      </trkpt>
      <trkpt lat="-7.407858" lon="108.259065">
        <ele>379.853447</ele>
        <time>2026-08-21T14:31:23.572Z</time>
      </trkpt>
      <trkpt lat="-7.407853" lon="108.259041">
        <ele>379.802534</ele>
        <time>2026-08-21T14:31:24.092Z</time>
      </trkpt>
      <trkpt lat="-7.407846" lon="108.259031">
        <ele>379.777122</ele>
        <time>2026-08-21T14:31:24.352Z</time>
      </trkpt>
      <trkpt lat="-7.407841" lon="108.259028">
        <ele>379.764942</ele>
        <time>2026-08-21T14:31:24.476Z</time>
      </trkpt>
      <trkpt lat="-7.407834" lon="108.259013">
        <ele>379.730525</ele>
        <time>2026-08-21T14:31:24.828Z</time>
      </trkpt>
      <trkpt lat="-7.407839" lon="108.259011">
        <ele>379.719264</ele>
        <time>2026-08-21T14:31:24.943Z</time>
      </trkpt>
      <trkpt lat="-7.407841" lon="108.259005">
        <ele>379.706123</ele>
        <time>2026-08-21T14:31:25.077Z</time>
      </trkpt>
      <trkpt lat="-7.407837" lon="108.258995">
        <ele>379.683737</ele>
        <time>2026-08-21T14:31:25.306Z</time>
      </trkpt>
      <trkpt lat="-7.407829" lon="108.258986">
        <ele>379.658645</ele>
        <time>2026-08-21T14:31:25.562Z</time>
      </trkpt>
      <trkpt lat="-7.407820" lon="108.258982">
        <ele>379.638055</ele>
        <time>2026-08-21T14:31:25.773Z</time>
      </trkpt>
      <trkpt lat="-7.407813" lon="108.258984">
        <ele>379.622823</ele>
        <time>2026-08-21T14:31:25.929Z</time>
      </trkpt>
      <trkpt lat="-7.407810" lon="108.258988">
        <ele>379.612412</ele>
        <time>2026-08-21T14:31:26.035Z</time>
      </trkpt>
      <trkpt lat="-7.407805" lon="108.258990">
        <ele>379.601151</ele>
        <time>2026-08-21T14:31:26.150Z</time>
      </trkpt>
      <trkpt lat="-7.407800" lon="108.258986">
        <ele>379.587789</ele>
        <time>2026-08-21T14:31:26.287Z</time>
      </trkpt>
      <trkpt lat="-7.407743" lon="108.258892">
        <ele>379.359048</ele>
        <time>2026-08-21T14:31:28.624Z</time>
      </trkpt>
      <trkpt lat="-7.407748" lon="108.258903">
        <ele>379.333926</ele>
        <time>2026-08-21T14:31:28.881Z</time>
      </trkpt>
      <trkpt lat="-7.407745" lon="108.258899">
        <ele>379.323515</ele>
        <time>2026-08-21T14:31:28.987Z</time>
      </trkpt>
      <trkpt lat="-7.407743" lon="108.258893">
        <ele>379.310373</ele>
        <time>2026-08-21T14:31:29.121Z</time>
      </trkpt>
      <trkpt lat="-7.407726" lon="108.258865">
        <ele>379.242214</ele>
        <time>2026-08-21T14:31:29.818Z</time>
      </trkpt>
      <trkpt lat="-7.407724" lon="108.258867">
        <ele>379.236318</ele>
        <time>2026-08-21T14:31:29.878Z</time>
      </trkpt>
      <trkpt lat="-7.407723" lon="108.258885">
        <ele>379.198890</ele>
        <time>2026-08-21T14:31:30.260Z</time>
      </trkpt>
      <trkpt lat="-7.407724" lon="108.258886">
        <ele>379.195942</ele>
        <time>2026-08-21T14:31:30.290Z</time>
      </trkpt>
      <trkpt lat="-7.407726" lon="108.258885">
        <ele>379.191269</ele>
        <time>2026-08-21T14:31:30.338Z</time>
      </trkpt>
      <trkpt lat="-7.407673" lon="108.258801">
        <ele>378.984574</ele>
        <time>2026-08-21T14:31:32.450Z</time>
      </trkpt>
      <trkpt lat="-7.407670" lon="108.258795">
        <ele>378.970624</ele>
        <time>2026-08-21T14:31:32.592Z</time>
      </trkpt>
      <trkpt lat="-7.407673" lon="108.258792">
        <ele>378.961779</ele>
        <time>2026-08-21T14:31:32.683Z</time>
      </trkpt>
      <trkpt lat="-7.407667" lon="108.258793">
        <ele>378.949048</ele>
        <time>2026-08-21T14:31:32.813Z</time>
      </trkpt>
      <trkpt lat="-7.407665" lon="108.258790">
        <ele>378.941543</ele>
        <time>2026-08-21T14:31:32.889Z</time>
      </trkpt>
      <trkpt lat="-7.407665" lon="108.258792">
        <ele>378.937391</ele>
        <time>2026-08-21T14:31:32.932Z</time>
      </trkpt>
      <trkpt lat="-7.407669" lon="108.258792">
        <ele>378.929017</ele>
        <time>2026-08-21T14:31:33.017Z</time>
      </trkpt>
      <trkpt lat="-7.407669" lon="108.258790">
        <ele>378.924865</ele>
        <time>2026-08-21T14:31:33.060Z</time>
      </trkpt>
      <trkpt lat="-7.407654" lon="108.258768">
        <ele>378.869438</ele>
        <time>2026-08-21T14:31:33.626Z</time>
      </trkpt>
      <trkpt lat="-7.407651" lon="108.258768">
        <ele>378.863157</ele>
        <time>2026-08-21T14:31:33.690Z</time>
      </trkpt>
      <trkpt lat="-7.407659" lon="108.258799">
        <ele>378.796656</ele>
        <time>2026-08-21T14:31:34.369Z</time>
      </trkpt>
      <trkpt lat="-7.407682" lon="108.258859">
        <ele>378.663111</ele>
        <time>2026-08-21T14:31:35.733Z</time>
      </trkpt>
      <trkpt lat="-7.407694" lon="108.258899">
        <ele>378.576352</ele>
        <time>2026-08-21T14:31:36.620Z</time>
      </trkpt>
      <trkpt lat="-7.407699" lon="108.258908">
        <ele>378.554935</ele>
        <time>2026-08-21T14:31:36.838Z</time>
      </trkpt>
      <trkpt lat="-7.407699" lon="108.258918">
        <ele>378.534175</ele>
        <time>2026-08-21T14:31:37.050Z</time>
      </trkpt>
      <trkpt lat="-7.407701" lon="108.258926">
        <ele>378.517047</ele>
        <time>2026-08-21T14:31:37.225Z</time>
      </trkpt>
      <trkpt lat="-7.407699" lon="108.258933">
        <ele>378.501923</ele>
        <time>2026-08-21T14:31:37.380Z</time>
      </trkpt>
      <trkpt lat="-7.407661" lon="108.258928">
        <ele>378.421695</ele>
        <time>2026-08-21T14:31:38.199Z</time>
      </trkpt>
      <trkpt lat="-7.407619" lon="108.258931">
        <ele>378.333547</ele>
        <time>2026-08-21T14:31:39.100Z</time>
      </trkpt>
      <trkpt lat="-7.407598" lon="108.258933">
        <ele>378.289388</ele>
        <time>2026-08-21T14:31:39.551Z</time>
      </trkpt>
      <trkpt lat="-7.407572" lon="108.258944">
        <ele>378.230360</ele>
        <time>2026-08-21T14:31:40.154Z</time>
      </trkpt>
      <trkpt lat="-7.407538" lon="108.258970">
        <ele>378.141028</ele>
        <time>2026-08-21T14:31:41.066Z</time>
      </trkpt>
      <trkpt lat="-7.407500" lon="108.259020">
        <ele>378.010247</ele>
        <time>2026-08-21T14:31:42.402Z</time>
      </trkpt>
      <trkpt lat="-7.407471" lon="108.259081">
        <ele>377.908339</ele>
        <time>2026-08-21T14:31:43.837Z</time>
      </trkpt>
      <trkpt lat="-7.407449" lon="108.259139">
        <ele>377.821958</ele>
        <time>2026-08-21T14:31:45.153Z</time>
      </trkpt>
      <trkpt lat="-7.407401" lon="108.259250">
        <ele>377.653510</ele>
        <time>2026-08-21T14:31:47.721Z</time>
      </trkpt>
      <trkpt lat="-7.407395" lon="108.259291">
        <ele>377.595859</ele>
        <time>2026-08-21T14:31:48.600Z</time>
      </trkpt>
      <trkpt lat="-7.407383" lon="108.259319">
        <ele>377.553428</ele>
        <time>2026-08-21T14:31:49.247Z</time>
      </trkpt>
      <trkpt lat="-7.407366" lon="108.259397">
        <ele>377.442338</ele>
        <time>2026-08-21T14:31:50.940Z</time>
      </trkpt>
      <trkpt lat="-7.407361" lon="108.259445">
        <ele>377.375200</ele>
        <time>2026-08-21T14:31:51.964Z</time>
      </trkpt>
      <trkpt lat="-7.407365" lon="108.259508">
        <ele>377.287385</ele>
        <time>2026-08-21T14:31:53.302Z</time>
      </trkpt>
      <trkpt lat="-7.407360" lon="108.259545">
        <ele>377.235441</ele>
        <time>2026-08-21T14:31:54.094Z</time>
      </trkpt>
      <trkpt lat="-7.407345" lon="108.259571">
        <ele>377.193599</ele>
        <time>2026-08-21T14:31:54.732Z</time>
      </trkpt>
      <trkpt lat="-7.407301" lon="108.259671">
        <ele>377.041416</ele>
        <time>2026-08-21T14:31:57.052Z</time>
      </trkpt>
      <trkpt lat="-7.407239" lon="108.259758">
        <ele>376.892387</ele>
        <time>2026-08-21T14:31:59.324Z</time>
      </trkpt>
      <trkpt lat="-7.407217" lon="108.259784">
        <ele>376.844843</ele>
        <time>2026-08-21T14:32:00.049Z</time>
      </trkpt>
      <trkpt lat="-7.407207" lon="108.259792">
        <ele>376.826937</ele>
        <time>2026-08-21T14:32:00.322Z</time>
      </trkpt>
      <trkpt lat="-7.407145" lon="108.259791">
        <ele>376.739956</ele>
        <time>2026-08-21T14:32:01.648Z</time>
      </trkpt>
      <trkpt lat="-7.407099" lon="108.259793">
        <ele>376.675370</ele>
        <time>2026-08-21T14:32:02.632Z</time>
      </trkpt>
      <trkpt lat="-7.407087" lon="108.259802">
        <ele>376.654391</ele>
        <time>2026-08-21T14:32:02.952Z</time>
      </trkpt>
      <trkpt lat="-7.407085" lon="108.259807">
        <ele>376.646892</ele>
        <time>2026-08-21T14:32:03.066Z</time>
      </trkpt>
      <trkpt lat="-7.407087" lon="108.259840">
        <ele>376.600902</ele>
        <time>2026-08-21T14:32:03.767Z</time>
      </trkpt>
      <trkpt lat="-7.407085" lon="108.259859">
        <ele>376.574323</ele>
        <time>2026-08-21T14:32:04.173Z</time>
      </trkpt>
      <trkpt lat="-7.407073" lon="108.259897">
        <ele>376.518848</ele>
        <time>2026-08-21T14:32:05.018Z</time>
      </trkpt>
      <trkpt lat="-7.407056" lon="108.259920">
        <ele>376.478945</ele>
        <time>2026-08-21T14:32:05.627Z</time>
      </trkpt>
      <trkpt lat="-7.407049" lon="108.259927">
        <ele>376.465116</ele>
        <time>2026-08-21T14:32:05.837Z</time>
      </trkpt>
      <trkpt lat="-7.407005" lon="108.259956">
        <ele>376.391381</ele>
        <time>2026-08-21T14:32:06.961Z</time>
      </trkpt>
      <trkpt lat="-7.406981" lon="108.259980">
        <ele>376.343969</ele>
        <time>2026-08-21T14:32:07.684Z</time>
      </trkpt>
      <trkpt lat="-7.406938" lon="108.260037">
        <ele>376.244344</ele>
        <time>2026-08-21T14:32:09.203Z</time>
      </trkpt>
      <trkpt lat="-7.406897" lon="108.260107">
        <ele>376.131255</ele>
        <time>2026-08-21T14:32:10.927Z</time>
      </trkpt>
      <trkpt lat="-7.406867" lon="108.260155">
        <ele>376.052330</ele>
        <time>2026-08-21T14:32:12.130Z</time>
      </trkpt>
      <trkpt lat="-7.406838" lon="108.260197">
        <ele>375.981139</ele>
        <time>2026-08-21T14:32:13.216Z</time>
      </trkpt>
      <trkpt lat="-7.406817" lon="108.260223">
        <ele>375.934493</ele>
        <time>2026-08-21T14:32:13.927Z</time>
      </trkpt>
      <trkpt lat="-7.406794" lon="108.260242">
        <ele>375.892786</ele>
        <time>2026-08-21T14:32:14.563Z</time>
      </trkpt>
      <trkpt lat="-7.406771" lon="108.260259">
        <ele>375.852785</ele>
        <time>2026-08-21T14:32:15.173Z</time>
      </trkpt>
      <trkpt lat="-7.406745" lon="108.260270">
        <ele>375.813233</ele>
        <time>2026-08-21T14:32:15.776Z</time>
      </trkpt>
      <trkpt lat="-7.406683" lon="108.260291">
        <ele>375.721488</ele>
        <time>2026-08-21T14:32:17.175Z</time>
      </trkpt>
      <trkpt lat="-7.406627" lon="108.260312">
        <ele>375.637679</ele>
        <time>2026-08-21T14:32:18.453Z</time>
      </trkpt>
      <trkpt lat="-7.406593" lon="108.260322">
        <ele>375.587998</ele>
        <time>2026-08-21T14:32:19.211Z</time>
      </trkpt>
      <trkpt lat="-7.406526" lon="108.260334">
        <ele>375.492543</ele>
        <time>2026-08-21T14:32:20.667Z</time>
      </trkpt>
      <trkpt lat="-7.406457" lon="108.260342">
        <ele>375.171079</ele>
        <time>2026-08-21T14:32:22.154Z</time>
      </trkpt>
      <trkpt lat="-7.406440" lon="108.260343">
        <ele>375.068982</ele>
        <time>2026-08-21T14:32:22.518Z</time>
      </trkpt>
      <trkpt lat="-7.406427" lon="108.260342">
        <ele>374.990813</ele>
        <time>2026-08-21T14:32:22.798Z</time>
      </trkpt>
      <trkpt lat="-7.406435" lon="108.260349">
        <ele>374.927309</ele>
        <time>2026-08-21T14:32:23.024Z</time>
      </trkpt>
      <trkpt lat="-7.406453" lon="108.260354">
        <ele>374.815370</ele>
        <time>2026-08-21T14:32:23.424Z</time>
      </trkpt>
      <trkpt lat="-7.406481" lon="108.260366">
        <ele>374.632962</ele>
        <time>2026-08-21T14:32:24.075Z</time>
      </trkpt>
      <trkpt lat="-7.406477" lon="108.260365">
        <ele>374.608254</ele>
        <time>2026-08-21T14:32:24.163Z</time>
      </trkpt>
      <trkpt lat="-7.406440" lon="108.260371">
        <ele>374.383569</ele>
        <time>2026-08-21T14:32:24.966Z</time>
      </trkpt>
      <trkpt lat="-7.406414" lon="108.260378">
        <ele>374.222224</ele>
        <time>2026-08-21T14:32:25.542Z</time>
      </trkpt>
      <trkpt lat="-7.406409" lon="108.260376">
        <ele>374.189974</ele>
        <time>2026-08-21T14:32:25.658Z</time>
      </trkpt>
      <trkpt lat="-7.406344" lon="108.260333">
        <ele>373.723888</ele>
        <time>2026-08-21T14:32:27.322Z</time>
      </trkpt>
      <trkpt lat="-7.406303" lon="108.260314">
        <ele>373.453356</ele>
        <time>2026-08-21T14:32:28.289Z</time>
      </trkpt>
      <trkpt lat="-7.406264" lon="108.260305">
        <ele>373.213485</ele>
        <time>2026-08-21T14:32:29.146Z</time>
      </trkpt>
      <trkpt lat="-7.406134" lon="108.260288">
        <ele>372.427537</ele>
        <time>2026-08-21T14:32:31.953Z</time>
      </trkpt>
      <trkpt lat="-7.406092" lon="108.260274">
        <ele>372.162323</ele>
        <time>2026-08-21T14:32:32.901Z</time>
      </trkpt>
      <trkpt lat="-7.406042" lon="108.260240">
        <ele>371.800756</ele>
        <time>2026-08-21T14:32:34.193Z</time>
      </trkpt>
      <trkpt lat="-7.405991" lon="108.260200">
        <ele>371.413385</ele>
        <time>2026-08-21T14:32:35.577Z</time>
      </trkpt>
      <trkpt lat="-7.405865" lon="108.260132">
        <ele>370.556562</ele>
        <time>2026-08-21T14:32:38.640Z</time>
      </trkpt>
      <trkpt lat="-7.405818" lon="108.260113">
        <ele>370.252971</ele>
        <time>2026-08-21T14:32:39.726Z</time>
      </trkpt>
      <trkpt lat="-7.405769" lon="108.260104">
        <ele>369.954355</ele>
        <time>2026-08-21T14:32:40.793Z</time>
      </trkpt>
      <trkpt lat="-7.405679" lon="108.260077">
        <ele>369.391383</ele>
        <time>2026-08-21T14:32:42.807Z</time>
      </trkpt>
      <trkpt lat="-7.405635" lon="108.260062">
        <ele>369.112911</ele>
        <time>2026-08-21T14:32:43.802Z</time>
      </trkpt>
      <trkpt lat="-7.405598" lon="108.260044">
        <ele>368.866610</ele>
        <time>2026-08-21T14:32:44.683Z</time>
      </trkpt>
      <trkpt lat="-7.405563" lon="108.260024">
        <ele>368.625416</ele>
        <time>2026-08-21T14:32:45.545Z</time>
      </trkpt>
      <trkpt lat="-7.405493" lon="108.259976">
        <ele>368.117889</ele>
        <time>2026-08-21T14:32:47.359Z</time>
      </trkpt>
      <trkpt lat="-7.405437" lon="108.259918">
        <ele>367.636594</ele>
        <time>2026-08-21T14:32:49.080Z</time>
      </trkpt>
      <trkpt lat="-7.405411" lon="108.259888">
        <ele>367.399709</ele>
        <time>2026-08-21T14:32:49.927Z</time>
      </trkpt>
      <trkpt lat="-7.405386" lon="108.259877">
        <ele>367.236173</ele>
        <time>2026-08-21T14:32:50.511Z</time>
      </trkpt>
      <trkpt lat="-7.405360" lon="108.259890">
        <ele>367.062179</ele>
        <time>2026-08-21T14:32:51.133Z</time>
      </trkpt>
      <trkpt lat="-7.405330" lon="108.259914">
        <ele>366.832585</ele>
        <time>2026-08-21T14:32:51.954Z</time>
      </trkpt>
      <trkpt lat="-7.405300" lon="108.259943">
        <ele>366.583424</ele>
        <time>2026-08-21T14:32:52.844Z</time>
      </trkpt>
      <trkpt lat="-7.405271" lon="108.259978">
        <ele>366.312252</ele>
        <time>2026-08-21T14:32:53.814Z</time>
      </trkpt>
      <trkpt lat="-7.405215" lon="108.260016">
        <ele>365.907563</ele>
        <time>2026-08-21T14:32:55.259Z</time>
      </trkpt>
      <trkpt lat="-7.405178" lon="108.260023">
        <ele>365.681857</ele>
        <time>2026-08-21T14:32:56.066Z</time>
      </trkpt>
      <trkpt lat="-7.405076" lon="108.260028">
        <ele>365.069588</ele>
        <time>2026-08-21T14:32:58.253Z</time>
      </trkpt>
      <trkpt lat="-7.405033" lon="108.260027">
        <ele>364.811710</ele>
        <time>2026-08-21T14:32:59.173Z</time>
      </trkpt>
      <trkpt lat="-7.405010" lon="108.260012">
        <ele>364.675688</ele>
        <time>2026-08-21T14:32:59.760Z</time>
      </trkpt>
      <trkpt lat="-7.404993" lon="108.259986">
        <ele>364.652748</ele>
        <time>2026-08-21T14:33:00.421Z</time>
      </trkpt>
      <trkpt lat="-7.404979" lon="108.259939">
        <ele>364.616599</ele>
        <time>2026-08-21T14:33:01.463Z</time>
      </trkpt>
      <trkpt lat="-7.404941" lon="108.259855">
        <ele>364.548590</ele>
        <time>2026-08-21T14:33:03.422Z</time>
      </trkpt>
      <trkpt lat="-7.404923" lon="108.259804">
        <ele>364.508715</ele>
        <time>2026-08-21T14:33:04.571Z</time>
      </trkpt>
      <trkpt lat="-7.404896" lon="108.259752">
        <ele>364.465478</ele>
        <time>2026-08-21T14:33:05.816Z</time>
      </trkpt>
      <trkpt lat="-7.404891" lon="108.259710">
        <ele>364.434318</ele>
        <time>2026-08-21T14:33:06.714Z</time>
      </trkpt>
      <trkpt lat="-7.404899" lon="108.259661">
        <ele>364.397739</ele>
        <time>2026-08-21T14:33:07.767Z</time>
      </trkpt>
      <trkpt lat="-7.404916" lon="108.259620">
        <ele>364.365004</ele>
        <time>2026-08-21T14:33:08.710Z</time>
      </trkpt>
      <trkpt lat="-7.404930" lon="108.259593">
        <ele>364.342561</ele>
        <time>2026-08-21T14:33:09.356Z</time>
      </trkpt>
      <trkpt lat="-7.404971" lon="108.259548">
        <ele>364.297547</ele>
        <time>2026-08-21T14:33:10.652Z</time>
      </trkpt>
      <trkpt lat="-7.404993" lon="108.259517">
        <ele>364.269468</ele>
        <time>2026-08-21T14:33:11.461Z</time>
      </trkpt>
      <trkpt lat="-7.405007" lon="108.259487">
        <ele>364.245045</ele>
        <time>2026-08-21T14:33:12.164Z</time>
      </trkpt>
      <trkpt lat="-7.405017" lon="108.259457">
        <ele>364.221732</ele>
        <time>2026-08-21T14:33:12.835Z</time>
      </trkpt>
      <trkpt lat="-7.405012" lon="108.259424">
        <ele>364.197141</ele>
        <time>2026-08-21T14:33:13.543Z</time>
      </trkpt>
      <trkpt lat="-7.405011" lon="108.259394">
        <ele>364.175031</ele>
        <time>2026-08-21T14:33:14.179Z</time>
      </trkpt>
      <trkpt lat="-7.405012" lon="108.259364">
        <ele>364.152920</ele>
        <time>2026-08-21T14:33:14.816Z</time>
      </trkpt>
      <trkpt lat="-7.405018" lon="108.259329">
        <ele>364.126756</ele>
        <time>2026-08-21T14:33:15.569Z</time>
      </trkpt>
      <trkpt lat="-7.405022" lon="108.259318">
        <ele>364.118126</ele>
        <time>2026-08-21T14:33:15.818Z</time>
      </trkpt>
      <trkpt lat="-7.405038" lon="108.259292">
        <ele>364.095586</ele>
        <time>2026-08-21T14:33:16.467Z</time>
      </trkpt>
      <trkpt lat="-7.405054" lon="108.259261">
        <ele>364.069844</ele>
        <time>2026-08-21T14:33:17.208Z</time>
      </trkpt>
      <trkpt lat="-7.405132" lon="108.259272">
        <ele>364.011342</ele>
        <time>2026-08-21T14:33:18.885Z</time>
      </trkpt>
      <trkpt lat="-7.405140" lon="108.259217">
        <ele>363.970395</ele>
        <time>2026-08-21T14:33:19.906Z</time>
      </trkpt>
      <trkpt lat="-7.405076" lon="108.258983">
        <ele>363.791593</ele>
        <time>2026-08-21T14:33:24.936Z</time>
      </trkpt>
      <trkpt lat="-7.405018" lon="108.258426">
        <ele>363.379048</ele>
        <time>2026-08-21T14:33:41.329Z</time>
      </trkpt>
      <trkpt lat="-7.405040" lon="108.258403">
        <ele>363.355509</ele>
        <time>2026-08-21T14:33:42.373Z</time>
      </trkpt>
      <trkpt lat="-7.405210" lon="108.258394">
        <ele>363.790048</ele>
        <time>2026-08-21T14:33:48.212Z</time>
      </trkpt>
      <trkpt lat="-7.405232" lon="108.258332">
        <ele>363.979022</ele>
        <time>2026-08-21T14:33:50.565Z</time>
      </trkpt>
      <trkpt lat="-7.405179" lon="108.258202">
        <ele>364.382393</ele>
        <time>2026-08-21T14:33:55.646Z</time>
      </trkpt>
      <trkpt lat="-7.405297" lon="108.258096">
        <ele>364.839719</ele>
        <time>2026-08-21T14:34:01.310Z</time>
      </trkpt>
      <trkpt lat="-7.405440" lon="108.257990">
        <ele>365.353326</ele>
        <time>2026-08-21T14:34:07.469Z</time>
      </trkpt>
      <trkpt lat="-7.405634" lon="108.257746">
        <ele>366.250830</ele>
        <time>2026-08-21T14:34:18.211Z</time>
      </trkpt>
      <trkpt lat="-7.405697" lon="108.257696">
        <ele>366.482840</ele>
        <time>2026-08-21T14:34:20.928Z</time>
      </trkpt>
      <trkpt lat="-7.405727" lon="108.257680">
        <ele>366.581053</ele>
        <time>2026-08-21T14:34:22.071Z</time>
      </trkpt>
      <trkpt lat="-7.405739" lon="108.257704">
        <ele>366.658187</ele>
        <time>2026-08-21T14:34:22.643Z</time>
      </trkpt>
      <trkpt lat="-7.405776" lon="108.257693">
        <ele>366.769819</ele>
        <time>2026-08-21T14:34:23.468Z</time>
      </trkpt>
      <trkpt lat="-7.405830" lon="108.257666">
        <ele>366.944245</ele>
        <time>2026-08-21T14:34:24.757Z</time>
      </trkpt>
      <trkpt lat="-7.405858" lon="108.257647">
        <ele>367.041913</ele>
        <time>2026-08-21T14:34:25.479Z</time>
      </trkpt>
      <trkpt lat="-7.405890" lon="108.257615">
        <ele>367.172332</ele>
        <time>2026-08-21T14:34:26.443Z</time>
      </trkpt>
      <trkpt lat="-7.405896" lon="108.257606">
        <ele>367.203454</ele>
        <time>2026-08-21T14:34:26.673Z</time>
      </trkpt>
      <trkpt lat="-7.405911" lon="108.257567">
        <ele>367.323499</ele>
        <time>2026-08-21T14:34:27.560Z</time>
      </trkpt>
      <trkpt lat="-7.405928" lon="108.257534">
        <ele>367.430218</ele>
        <time>2026-08-21T14:34:28.349Z</time>
      </trkpt>
      <trkpt lat="-7.405943" lon="108.257509">
        <ele>367.514072</ele>
        <time>2026-08-21T14:34:28.969Z</time>
      </trkpt>
      <trkpt lat="-7.405961" lon="108.257473">
        <ele>367.629774</ele>
        <time>2026-08-21T14:34:29.824Z</time>
      </trkpt>
      <trkpt lat="-7.405964" lon="108.257463">
        <ele>367.659756</ele>
        <time>2026-08-21T14:34:30.046Z</time>
      </trkpt>
      <trkpt lat="-7.405967" lon="108.257422">
        <ele>367.777737</ele>
        <time>2026-08-21T14:34:30.918Z</time>
      </trkpt>
      <trkpt lat="-7.405964" lon="108.257394">
        <ele>367.858559</ele>
        <time>2026-08-21T14:34:31.515Z</time>
      </trkpt>
      <trkpt lat="-7.405961" lon="108.257385">
        <ele>367.885807</ele>
        <time>2026-08-21T14:34:31.716Z</time>
      </trkpt>
      <trkpt lat="-7.405944" lon="108.257355">
        <ele>367.984966</ele>
        <time>2026-08-21T14:34:32.449Z</time>
      </trkpt>
      <trkpt lat="-7.405905" lon="108.257296">
        <ele>368.188451</ele>
        <time>2026-08-21T14:34:33.953Z</time>
      </trkpt>
      <trkpt lat="-7.405879" lon="108.257226">
        <ele>368.402965</ele>
        <time>2026-08-21T14:34:35.538Z</time>
      </trkpt>
      <trkpt lat="-7.405883" lon="108.257228">
        <ele>368.415885</ele>
        <time>2026-08-21T14:34:35.634Z</time>
      </trkpt>
      <trkpt lat="-7.405870" lon="108.257204">
        <ele>368.494365</ele>
        <time>2026-08-21T14:34:36.214Z</time>
      </trkpt>
      <trkpt lat="-7.405869" lon="108.257195">
        <ele>368.520355</ele>
        <time>2026-08-21T14:34:36.406Z</time>
      </trkpt>
      <trkpt lat="-7.405872" lon="108.257179">
        <ele>368.577439</ele>
        <time>2026-08-21T14:34:36.751Z</time>
      </trkpt>
      <trkpt lat="-7.405870" lon="108.257171">
        <ele>368.614509</ele>
        <time>2026-08-21T14:34:36.926Z</time>
      </trkpt>
      <trkpt lat="-7.405859" lon="108.257149">
        <ele>368.725211</ele>
        <time>2026-08-21T14:34:37.449Z</time>
      </trkpt>
      <trkpt lat="-7.405875" lon="108.257141">
        <ele>368.806127</ele>
        <time>2026-08-21T14:34:37.831Z</time>
      </trkpt>
      <trkpt lat="-7.405885" lon="108.257134">
        <ele>368.861283</ele>
        <time>2026-08-21T14:34:38.091Z</time>
      </trkpt>
      <trkpt lat="-7.405893" lon="108.257124">
        <ele>368.919012</ele>
        <time>2026-08-21T14:34:38.364Z</time>
      </trkpt>
      <trkpt lat="-7.405897" lon="108.257108">
        <ele>368.993151</ele>
        <time>2026-08-21T14:34:38.714Z</time>
      </trkpt>
      <trkpt lat="-7.405905" lon="108.257104">
        <ele>369.033609</ele>
        <time>2026-08-21T14:34:38.905Z</time>
      </trkpt>
      <trkpt lat="-7.405934" lon="108.257104">
        <ele>369.165005</ele>
        <time>2026-08-21T14:34:39.525Z</time>
      </trkpt>
      <trkpt lat="-7.405950" lon="108.257096">
        <ele>369.245921</ele>
        <time>2026-08-21T14:34:39.907Z</time>
      </trkpt>
      <trkpt lat="-7.405957" lon="108.257089">
        <ele>369.290588</ele>
        <time>2026-08-21T14:34:40.118Z</time>
      </trkpt>
      <trkpt lat="-7.405963" lon="108.257081">
        <ele>369.335656</ele>
        <time>2026-08-21T14:34:40.331Z</time>
      </trkpt>
      <trkpt lat="-7.405979" lon="108.257048">
        <ele>369.500701</ele>
        <time>2026-08-21T14:34:41.110Z</time>
      </trkpt>
      <trkpt lat="-7.405980" lon="108.257049">
        <ele>369.507082</ele>
        <time>2026-08-21T14:34:41.140Z</time>
      </trkpt>
      <trkpt lat="-7.405990" lon="108.257035">
        <ele>369.584605</ele>
        <time>2026-08-21T14:34:41.506Z</time>
      </trkpt>
      <trkpt lat="-7.405991" lon="108.257036">
        <ele>369.590986</ele>
        <time>2026-08-21T14:34:41.536Z</time>
      </trkpt>
      <trkpt lat="-7.405990" lon="108.257035">
        <ele>369.597367</ele>
        <time>2026-08-21T14:34:41.566Z</time>
      </trkpt>
      <trkpt lat="-7.405995" lon="108.257033">
        <ele>369.621738</ele>
        <time>2026-08-21T14:34:41.681Z</time>
      </trkpt>
      <trkpt lat="-7.405998" lon="108.257034">
        <ele>369.636054</ele>
        <time>2026-08-21T14:34:41.749Z</time>
      </trkpt>
      <trkpt lat="-7.405997" lon="108.257033">
        <ele>369.642435</ele>
        <time>2026-08-21T14:34:41.779Z</time>
      </trkpt>
      <trkpt lat="-7.405998" lon="108.257034">
        <ele>369.648816</ele>
        <time>2026-08-21T14:34:41.809Z</time>
      </trkpt>
      <trkpt lat="-7.406005" lon="108.257022">
        <ele>369.711370</ele>
        <time>2026-08-21T14:34:42.104Z</time>
      </trkpt>
      <trkpt lat="-7.406009" lon="108.257008">
        <ele>369.776832</ele>
        <time>2026-08-21T14:34:42.413Z</time>
      </trkpt>
      <trkpt lat="-7.406008" lon="108.256994">
        <ele>369.839899</ele>
        <time>2026-08-21T14:34:42.711Z</time>
      </trkpt>
      <trkpt lat="-7.405984" lon="108.256932">
        <ele>370.138942</ele>
        <time>2026-08-21T14:34:44.123Z</time>
      </trkpt>
      <trkpt lat="-7.405971" lon="108.256915">
        <ele>370.235398</ele>
        <time>2026-08-21T14:34:44.578Z</time>
      </trkpt>
      <trkpt lat="-7.405938" lon="108.256881">
        <ele>370.449158</ele>
        <time>2026-08-21T14:34:45.587Z</time>
      </trkpt>
      <trkpt lat="-7.405939" lon="108.256881">
        <ele>370.453689</ele>
        <time>2026-08-21T14:34:45.609Z</time>
      </trkpt>
      <trkpt lat="-7.405930" lon="108.256858">
        <ele>370.564785</ele>
        <time>2026-08-21T14:34:46.133Z</time>
      </trkpt>
      <trkpt lat="-7.405916" lon="108.256828">
        <ele>370.713758</ele>
        <time>2026-08-21T14:34:46.837Z</time>
      </trkpt>
      <trkpt lat="-7.405921" lon="108.256832">
        <ele>370.742675</ele>
        <time>2026-08-21T14:34:46.973Z</time>
      </trkpt>
      <trkpt lat="-7.405865" lon="108.256780">
        <ele>371.087591</ele>
        <time>2026-08-21T14:34:48.602Z</time>
      </trkpt>
      <trkpt lat="-7.405844" lon="108.256750">
        <ele>371.252584</ele>
        <time>2026-08-21T14:34:49.381Z</time>
      </trkpt>
      <trkpt lat="-7.405846" lon="108.256741">
        <ele>371.294024</ele>
        <time>2026-08-21T14:34:49.577Z</time>
      </trkpt>
      <trkpt lat="-7.405843" lon="108.256734">
        <ele>371.328288</ele>
        <time>2026-08-21T14:34:49.739Z</time>
      </trkpt>
      <trkpt lat="-7.405851" lon="108.256729">
        <ele>371.370932</ele>
        <time>2026-08-21T14:34:49.940Z</time>
      </trkpt>
      <trkpt lat="-7.405854" lon="108.256729">
        <ele>371.384525</ele>
        <time>2026-08-21T14:34:50.004Z</time>
      </trkpt>
      <trkpt lat="-7.405860" lon="108.256737">
        <ele>371.429592</ele>
        <time>2026-08-21T14:34:50.217Z</time>
      </trkpt>
      <trkpt lat="-7.405868" lon="108.256742">
        <ele>371.472237</ele>
        <time>2026-08-21T14:34:50.418Z</time>
      </trkpt>
      <trkpt lat="-7.405872" lon="108.256747">
        <ele>371.501101</ele>
        <time>2026-08-21T14:34:50.555Z</time>
      </trkpt>
      <trkpt lat="-7.405866" lon="108.256708">
        <ele>371.678429</ele>
        <time>2026-08-21T14:34:51.392Z</time>
      </trkpt>
      <trkpt lat="-7.405853" lon="108.256697">
        <ele>371.755319</ele>
        <time>2026-08-21T14:34:51.755Z</time>
      </trkpt>
      <trkpt lat="-7.405822" lon="108.256687">
        <ele>371.902788</ele>
        <time>2026-08-21T14:34:52.452Z</time>
      </trkpt>
      <trkpt lat="-7.405793" lon="108.256686">
        <ele>372.034261</ele>
        <time>2026-08-21T14:34:53.073Z</time>
      </trkpt>
      <trkpt lat="-7.405746" lon="108.256688">
        <ele>372.247403</ele>
        <time>2026-08-21T14:34:54.079Z</time>
      </trkpt>
      <trkpt lat="-7.405727" lon="108.256685">
        <ele>372.334539</ele>
        <time>2026-08-21T14:34:54.491Z</time>
      </trkpt>
      <trkpt lat="-7.405697" lon="108.256683">
        <ele>372.470762</ele>
        <time>2026-08-21T14:34:55.134Z</time>
      </trkpt>
      <trkpt lat="-7.405668" lon="108.256684">
        <ele>372.602235</ele>
        <time>2026-08-21T14:34:55.755Z</time>
      </trkpt>
      <trkpt lat="-7.405651" lon="108.256689">
        <ele>372.682470</ele>
        <time>2026-08-21T14:34:56.134Z</time>
      </trkpt>
      <trkpt lat="-7.405633" lon="108.256703">
        <ele>372.785466</ele>
        <time>2026-08-21T14:34:56.621Z</time>
      </trkpt>
      <trkpt lat="-7.405604" lon="108.256705">
        <ele>372.917169</ele>
        <time>2026-08-21T14:34:57.243Z</time>
      </trkpt>
      <trkpt lat="-7.405596" lon="108.256702">
        <ele>372.955841</ele>
        <time>2026-08-21T14:34:57.426Z</time>
      </trkpt>
      <trkpt lat="-7.405573" lon="108.256686">
        <ele>373.082443</ele>
        <time>2026-08-21T14:34:58.024Z</time>
      </trkpt>
      <trkpt lat="-7.405531" lon="108.256661">
        <ele>373.303419</ele>
        <time>2026-08-21T14:34:59.068Z</time>
      </trkpt>
      <trkpt lat="-7.405490" lon="108.256649">
        <ele>373.496853</ele>
        <time>2026-08-21T14:34:59.981Z</time>
      </trkpt>
      <trkpt lat="-7.405424" lon="108.256633">
        <ele>373.804412</ele>
        <time>2026-08-21T14:35:01.434Z</time>
      </trkpt>
      <trkpt lat="-7.405397" lon="108.256620">
        <ele>373.939975</ele>
        <time>2026-08-21T14:35:02.075Z</time>
      </trkpt>
      <trkpt lat="-7.405363" lon="108.256593">
        <ele>374.136058</ele>
        <time>2026-08-21T14:35:03.001Z</time>
      </trkpt>
      <trkpt lat="-7.405340" lon="108.256563">
        <ele>374.306437</ele>
        <time>2026-08-21T14:35:03.806Z</time>
      </trkpt>
      <trkpt lat="-7.405325" lon="108.256558">
        <ele>374.378017</ele>
        <time>2026-08-21T14:35:04.144Z</time>
      </trkpt>
      <trkpt lat="-7.405318" lon="108.256561">
        <ele>374.412479</ele>
        <time>2026-08-21T14:35:04.307Z</time>
      </trkpt>
      <trkpt lat="-7.405306" lon="108.256559">
        <ele>374.467588</ele>
        <time>2026-08-21T14:35:04.568Z</time>
      </trkpt>
      <trkpt lat="-7.405281" lon="108.256547">
        <ele>374.593038</ele>
        <time>2026-08-21T14:35:05.160Z</time>
      </trkpt>
      <trkpt lat="-7.405199" lon="108.256494">
        <ele>375.034337</ele>
        <time>2026-08-21T14:35:07.245Z</time>
      </trkpt>
      <trkpt lat="-7.405182" lon="108.256495">
        <ele>375.111493</ele>
        <time>2026-08-21T14:35:07.610Z</time>
      </trkpt>
      <trkpt lat="-7.405112" lon="108.256516">
        <ele>375.442394</ele>
        <time>2026-08-21T14:35:09.174Z</time>
      </trkpt>
      <trkpt lat="-7.405068" lon="108.256524">
        <ele>375.644968</ele>
        <time>2026-08-21T14:35:10.131Z</time>
      </trkpt>
      <trkpt lat="-7.405042" lon="108.256520">
        <ele>375.764134</ele>
        <time>2026-08-21T14:35:10.694Z</time>
      </trkpt>
      <trkpt lat="-7.405032" lon="108.256520">
        <ele>375.809443</ele>
        <time>2026-08-21T14:35:10.908Z</time>
      </trkpt>
      <trkpt lat="-7.405019" lon="108.256511">
        <ele>375.880890</ele>
        <time>2026-08-21T14:35:11.246Z</time>
      </trkpt>
      <trkpt lat="-7.404993" lon="108.256497">
        <ele>376.014435</ele>
        <time>2026-08-21T14:35:11.877Z</time>
      </trkpt>
      <trkpt lat="-7.404982" lon="108.256488">
        <ele>376.078617</ele>
        <time>2026-08-21T14:35:12.181Z</time>
      </trkpt>
      <trkpt lat="-7.404970" lon="108.256474">
        <ele>376.161761</ele>
        <time>2026-08-21T14:35:12.574Z</time>
      </trkpt>
      <trkpt lat="-7.404962" lon="108.256469">
        <ele>376.204406</ele>
        <time>2026-08-21T14:35:12.775Z</time>
      </trkpt>
      <trkpt lat="-7.404954" lon="108.256468">
        <ele>376.240931</ele>
        <time>2026-08-21T14:35:12.948Z</time>
      </trkpt>
      <trkpt lat="-7.404957" lon="108.256467">
        <ele>376.255247</ele>
        <time>2026-08-21T14:35:13.016Z</time>
      </trkpt>
      <trkpt lat="-7.404955" lon="108.256459">
        <ele>376.292316</ele>
        <time>2026-08-21T14:35:13.191Z</time>
      </trkpt>
      <trkpt lat="-7.404945" lon="108.256455">
        <ele>376.341059</ele>
        <time>2026-08-21T14:35:13.421Z</time>
      </trkpt>
      <trkpt lat="-7.404938" lon="108.256444">
        <ele>376.399785</ele>
        <time>2026-08-21T14:35:13.699Z</time>
      </trkpt>
      <trkpt lat="-7.404931" lon="108.256440">
        <ele>376.436239</ele>
        <time>2026-08-21T14:35:13.871Z</time>
      </trkpt>
      <trkpt lat="-7.404899" lon="108.256442">
        <ele>376.581506</ele>
        <time>2026-08-21T14:35:14.558Z</time>
      </trkpt>
      <trkpt lat="-7.404832" lon="108.256455">
        <ele>377.000206</ele>
        <time>2026-08-21T14:35:16.020Z</time>
      </trkpt>
      <trkpt lat="-7.404805" lon="108.256463">
        <ele>377.200320</ele>
        <time>2026-08-21T14:35:16.622Z</time>
      </trkpt>
      <trkpt lat="-7.404779" lon="108.256475">
        <ele>377.403651</ele>
        <time>2026-08-21T14:35:17.235Z</time>
      </trkpt>
      <trkpt lat="-7.404734" lon="108.256501">
        <ele>377.772450</ele>
        <time>2026-08-21T14:35:18.346Z</time>
      </trkpt>
      <trkpt lat="-7.404707" lon="108.256519">
        <ele>378.002611</ele>
        <time>2026-08-21T14:35:19.040Z</time>
      </trkpt>
      <trkpt lat="-7.404675" lon="108.256546">
        <ele>378.299311</ele>
        <time>2026-08-21T14:35:19.934Z</time>
      </trkpt>
      <trkpt lat="-7.404572" lon="108.256669">
        <ele>379.434554</ele>
        <time>2026-08-21T14:35:23.356Z</time>
      </trkpt>
      <trkpt lat="-7.404544" lon="108.256686">
        <ele>379.666965</ele>
        <time>2026-08-21T14:35:24.057Z</time>
      </trkpt>
      <trkpt lat="-7.404522" lon="108.256705">
        <ele>379.872940</ele>
        <time>2026-08-21T14:35:24.678Z</time>
      </trkpt>
      <trkpt lat="-7.404491" lon="108.256727">
        <ele>380.142499</ele>
        <time>2026-08-21T14:35:25.490Z</time>
      </trkpt>
      <trkpt lat="-7.404474" lon="108.256741">
        <ele>380.298576</ele>
        <time>2026-08-21T14:35:25.961Z</time>
      </trkpt>
      <trkpt lat="-7.404477" lon="108.256739">
        <ele>380.324150</ele>
        <time>2026-08-21T14:35:26.038Z</time>
      </trkpt>
      <trkpt lat="-7.404476" lon="108.256738">
        <ele>380.334165</ele>
        <time>2026-08-21T14:35:26.068Z</time>
      </trkpt>
      <trkpt lat="-7.404475" lon="108.256740">
        <ele>380.349959</ele>
        <time>2026-08-21T14:35:26.116Z</time>
      </trkpt>
      <trkpt lat="-7.404476" lon="108.256737">
        <ele>380.372278</ele>
        <time>2026-08-21T14:35:26.183Z</time>
      </trkpt>
      <trkpt lat="-7.404461" lon="108.256753">
        <ele>380.527544</ele>
        <time>2026-08-21T14:35:26.651Z</time>
      </trkpt>
      <trkpt lat="-7.404460" lon="108.256753">
        <ele>380.534655</ele>
        <time>2026-08-21T14:35:26.673Z</time>
      </trkpt>
      <trkpt lat="-7.404462" lon="108.256752">
        <ele>380.550529</ele>
        <time>2026-08-21T14:35:26.720Z</time>
      </trkpt>
      <trkpt lat="-7.404450" lon="108.256762">
        <ele>380.661228</ele>
        <time>2026-08-21T14:35:27.054Z</time>
      </trkpt>
      <trkpt lat="-7.404426" lon="108.256776">
        <ele>380.858389</ele>
        <time>2026-08-21T14:35:27.649Z</time>
      </trkpt>
      <trkpt lat="-7.404415" lon="108.256778">
        <ele>380.937872</ele>
        <time>2026-08-21T14:35:27.888Z</time>
      </trkpt>
      <trkpt lat="-7.404402" lon="108.256784">
        <ele>381.039538</ele>
        <time>2026-08-21T14:35:28.195Z</time>
      </trkpt>
      <trkpt lat="-7.404382" lon="108.256802">
        <ele>381.230163</ele>
        <time>2026-08-21T14:35:28.770Z</time>
      </trkpt>
      <trkpt lat="-7.404373" lon="108.256806">
        <ele>381.300102</ele>
        <time>2026-08-21T14:35:28.980Z</time>
      </trkpt>
      <trkpt lat="-7.404371" lon="108.256805">
        <ele>381.315977</ele>
        <time>2026-08-21T14:35:29.028Z</time>
      </trkpt>
      <trkpt lat="-7.404365" lon="108.256809">
        <ele>381.367124</ele>
        <time>2026-08-21T14:35:29.183Z</time>
      </trkpt>
      <trkpt lat="-7.404355" lon="108.256820">
        <ele>381.472355</ele>
        <time>2026-08-21T14:35:29.500Z</time>
      </trkpt>
      <trkpt lat="-7.404332" lon="108.256839">
        <ele>381.683781</ele>
        <time>2026-08-21T14:35:30.137Z</time>
      </trkpt>
      <trkpt lat="-7.404322" lon="108.256850">
        <ele>381.789012</ele>
        <time>2026-08-21T14:35:30.454Z</time>
      </trkpt>
      <trkpt lat="-7.404292" lon="108.256877">
        <ele>382.074950</ele>
        <time>2026-08-21T14:35:31.316Z</time>
      </trkpt>
      <trkpt lat="-7.404277" lon="108.256863">
        <ele>382.220291</ele>
        <time>2026-08-21T14:35:31.755Z</time>
      </trkpt>
      <trkpt lat="-7.404266" lon="108.256864">
        <ele>382.298829</ele>
        <time>2026-08-21T14:35:31.991Z</time>
      </trkpt>
      <trkpt lat="-7.404218" lon="108.256847">
        <ele>382.660598</ele>
        <time>2026-08-21T14:35:33.082Z</time>
      </trkpt>
      <trkpt lat="-7.404186" lon="108.256847">
        <ele>382.888150</ele>
        <time>2026-08-21T14:35:33.768Z</time>
      </trkpt>
      <trkpt lat="-7.404145" lon="108.256857">
        <ele>383.188108</ele>
        <time>2026-08-21T14:35:34.673Z</time>
      </trkpt>
      <trkpt lat="-7.404134" lon="108.256863">
        <ele>383.277039</ele>
        <time>2026-08-21T14:35:34.941Z</time>
      </trkpt>
      <trkpt lat="-7.404115" lon="108.256879">
        <ele>383.453064</ele>
        <time>2026-08-21T14:35:35.471Z</time>
      </trkpt>
      <trkpt lat="-7.404103" lon="108.256887">
        <ele>383.555358</ele>
        <time>2026-08-21T14:35:35.780Z</time>
      </trkpt>
      <trkpt lat="-7.404041" lon="108.256917">
        <ele>384.044369</ele>
        <time>2026-08-21T14:35:37.254Z</time>
      </trkpt>
      <trkpt lat="-7.403983" lon="108.256924">
        <ele>384.459751</ele>
        <time>2026-08-21T14:35:38.505Z</time>
      </trkpt>
      <trkpt lat="-7.403940" lon="108.256926">
        <ele>384.765850</ele>
        <time>2026-08-21T14:35:39.428Z</time>
      </trkpt>
      <trkpt lat="-7.403812" lon="108.256955">
        <ele>385.698750</ele>
        <time>2026-08-21T14:35:42.239Z</time>
      </trkpt>
      <trkpt lat="-7.403786" lon="108.256960">
        <ele>385.886968</ele>
        <time>2026-08-21T14:35:42.806Z</time>
      </trkpt>
      <trkpt lat="-7.403775" lon="108.256960">
        <ele>385.965189</ele>
        <time>2026-08-21T14:35:43.042Z</time>
      </trkpt>
      <trkpt lat="-7.403766" lon="108.256967">
        <ele>386.046013</ele>
        <time>2026-08-21T14:35:43.286Z</time>
      </trkpt>
      <trkpt lat="-7.403759" lon="108.256968">
        <ele>386.096287</ele>
        <time>2026-08-21T14:35:43.437Z</time>
      </trkpt>
      <trkpt lat="-7.403740" lon="108.256965">
        <ele>386.233043</ele>
        <time>2026-08-21T14:35:43.849Z</time>
      </trkpt>
      <trkpt lat="-7.403730" lon="108.256959">
        <ele>386.315788</ele>
        <time>2026-08-21T14:35:44.099Z</time>
      </trkpt>
      <trkpt lat="-7.403723" lon="108.256949">
        <ele>386.402104</ele>
        <time>2026-08-21T14:35:44.359Z</time>
      </trkpt>
      <trkpt lat="-7.403717" lon="108.256922">
        <ele>386.597223</ele>
        <time>2026-08-21T14:35:44.947Z</time>
      </trkpt>
      <trkpt lat="-7.403709" lon="108.256896">
        <ele>386.789191</ele>
        <time>2026-08-21T14:35:45.525Z</time>
      </trkpt>
      <trkpt lat="-7.403686" lon="108.256848">
        <ele>387.165117</ele>
        <time>2026-08-21T14:35:46.658Z</time>
      </trkpt>
      <trkpt lat="-7.403663" lon="108.256845">
        <ele>387.330032</ele>
        <time>2026-08-21T14:35:47.155Z</time>
      </trkpt>
      <trkpt lat="-7.403594" lon="108.256841">
        <ele>387.821503</ele>
        <time>2026-08-21T14:35:48.635Z</time>
      </trkpt>
      <trkpt lat="-7.403550" lon="108.256835">
        <ele>388.137235</ele>
        <time>2026-08-21T14:35:49.587Z</time>
      </trkpt>
      <trkpt lat="-7.403509" lon="108.256827">
        <ele>388.434194</ele>
        <time>2026-08-21T14:35:50.481Z</time>
      </trkpt>
      <trkpt lat="-7.403467" lon="108.256816">
        <ele>388.742766</ele>
        <time>2026-08-21T14:35:51.411Z</time>
      </trkpt>
      <trkpt lat="-7.403440" lon="108.256800">
        <ele>388.965461</ele>
        <time>2026-08-21T14:35:52.082Z</time>
      </trkpt>
      <trkpt lat="-7.403432" lon="108.256793">
        <ele>389.040779</ele>
        <time>2026-08-21T14:35:52.309Z</time>
      </trkpt>
      <trkpt lat="-7.403410" lon="108.256768">
        <ele>389.276477</ele>
        <time>2026-08-21T14:35:53.019Z</time>
      </trkpt>
      <trkpt lat="-7.403368" lon="108.256732">
        <ele>389.586838</ele>
        <time>2026-08-21T14:35:54.200Z</time>
      </trkpt>
      <trkpt lat="-7.403347" lon="108.256699">
        <ele>389.737990</ele>
        <time>2026-08-21T14:35:55.033Z</time>
      </trkpt>
      <trkpt lat="-7.403311" lon="108.256635">
        <ele>390.021629</ele>
        <time>2026-08-21T14:35:56.596Z</time>
      </trkpt>
      <trkpt lat="-7.403298" lon="108.256617">
        <ele>390.107469</ele>
        <time>2026-08-21T14:35:57.069Z</time>
      </trkpt>
      <trkpt lat="-7.403285" lon="108.256586">
        <ele>390.237217</ele>
        <time>2026-08-21T14:35:57.784Z</time>
      </trkpt>
      <trkpt lat="-7.403278" lon="108.256578">
        <ele>390.278344</ele>
        <time>2026-08-21T14:35:58.010Z</time>
      </trkpt>
      <trkpt lat="-7.403269" lon="108.256575">
        <ele>390.315192</ele>
        <time>2026-08-21T14:35:58.213Z</time>
      </trkpt>
      <trkpt lat="-7.403260" lon="108.256568">
        <ele>390.359375</ele>
        <time>2026-08-21T14:35:58.457Z</time>
      </trkpt>
      <trkpt lat="-7.403249" lon="108.256553">
        <ele>390.431292</ele>
        <time>2026-08-21T14:35:58.853Z</time>
      </trkpt>
      <trkpt lat="-7.403237" lon="108.256543">
        <ele>390.491806</ele>
        <time>2026-08-21T14:35:59.186Z</time>
      </trkpt>
      <trkpt lat="-7.403235" lon="108.256536">
        <ele>390.519888</ele>
        <time>2026-08-21T14:35:59.341Z</time>
      </trkpt>
      <trkpt lat="-7.403235" lon="108.256527">
        <ele>390.554582</ele>
        <time>2026-08-21T14:35:59.532Z</time>
      </trkpt>
      <trkpt lat="-7.403238" lon="108.256515">
        <ele>390.602288</ele>
        <time>2026-08-21T14:35:59.795Z</time>
      </trkpt>
      <trkpt lat="-7.403237" lon="108.256508">
        <ele>390.629551</ele>
        <time>2026-08-21T14:35:59.945Z</time>
      </trkpt>
      <trkpt lat="-7.403235" lon="108.256510">
        <ele>390.640500</ele>
        <time>2026-08-21T14:36:00.006Z</time>
      </trkpt>
      <trkpt lat="-7.403230" lon="108.256506">
        <ele>390.665310</ele>
        <time>2026-08-21T14:36:00.142Z</time>
      </trkpt>
      <trkpt lat="-7.403226" lon="108.256505">
        <ele>390.681330</ele>
        <time>2026-08-21T14:36:00.231Z</time>
      </trkpt>
      <trkpt lat="-7.403210" lon="108.256514">
        <ele>390.752549</ele>
        <time>2026-08-21T14:36:00.623Z</time>
      </trkpt>
      <trkpt lat="-7.403206" lon="108.256513">
        <ele>390.768569</ele>
        <time>2026-08-21T14:36:00.711Z</time>
      </trkpt>
      <trkpt lat="-7.403201" lon="108.256515">
        <ele>390.789479</ele>
        <time>2026-08-21T14:36:00.826Z</time>
      </trkpt>
      <trkpt lat="-7.403187" lon="108.256525">
        <ele>390.856171</ele>
        <time>2026-08-21T14:36:01.194Z</time>
      </trkpt>
      <trkpt lat="-7.403171" lon="108.256524">
        <ele>390.918487</ele>
        <time>2026-08-21T14:36:01.537Z</time>
      </trkpt>
      <trkpt lat="-7.403151" lon="108.256517">
        <ele>391.000783</ele>
        <time>2026-08-21T14:36:01.990Z</time>
      </trkpt>
      <trkpt lat="-7.403139" lon="108.256502">
        <ele>391.075076</ele>
        <time>2026-08-21T14:36:02.400Z</time>
      </trkpt>
      <trkpt lat="-7.403085" lon="108.256421">
        <ele>391.451323</ele>
        <time>2026-08-21T14:36:04.472Z</time>
      </trkpt>
      <trkpt lat="-7.403050" lon="108.256381">
        <ele>391.656962</ele>
        <time>2026-08-21T14:36:05.605Z</time>
      </trkpt>
      <trkpt lat="-7.403047" lon="108.256372">
        <ele>391.693564</ele>
        <time>2026-08-21T14:36:05.807Z</time>
      </trkpt>
      <trkpt lat="-7.403049" lon="108.256354">
        <ele>391.763386</ele>
        <time>2026-08-21T14:36:06.192Z</time>
      </trkpt>
      <trkpt lat="-7.403036" lon="108.256333">
        <ele>391.858818</ele>
        <time>2026-08-21T14:36:06.717Z</time>
      </trkpt>
      <trkpt lat="-7.403015" lon="108.256311">
        <ele>391.976531</ele>
        <time>2026-08-21T14:36:07.366Z</time>
      </trkpt>
      <trkpt lat="-7.402968" lon="108.256293">
        <ele>392.171966</ele>
        <time>2026-08-21T14:36:08.442Z</time>
      </trkpt>
      <trkpt lat="-7.402859" lon="108.256272">
        <ele>392.603346</ele>
        <time>2026-08-21T14:36:10.818Z</time>
      </trkpt>
      <trkpt lat="-7.402797" lon="108.256256">
        <ele>392.852125</ele>
        <time>2026-08-21T14:36:12.187Z</time>
      </trkpt>
      <trkpt lat="-7.402740" lon="108.256246">
        <ele>393.077030</ele>
        <time>2026-08-21T14:36:13.426Z</time>
      </trkpt>
      <trkpt lat="-7.402745" lon="108.256246">
        <ele>393.096466</ele>
        <time>2026-08-21T14:36:13.532Z</time>
      </trkpt>
      <trkpt lat="-7.402740" lon="108.256246">
        <ele>393.115903</ele>
        <time>2026-08-21T14:36:13.639Z</time>
      </trkpt>
      <trkpt lat="-7.402738" lon="108.256242">
        <ele>393.133171</ele>
        <time>2026-08-21T14:36:13.735Z</time>
      </trkpt>
      <trkpt lat="-7.402734" lon="108.256201">
        <ele>393.291985</ele>
        <time>2026-08-21T14:36:14.609Z</time>
      </trkpt>
      <trkpt lat="-7.402734" lon="108.256176">
        <ele>393.388358</ele>
        <time>2026-08-21T14:36:15.139Z</time>
      </trkpt>
      <trkpt lat="-7.402733" lon="108.256168">
        <ele>393.419441</ele>
        <time>2026-08-21T14:36:15.310Z</time>
      </trkpt>
      <trkpt lat="-7.402730" lon="108.256163">
        <ele>393.441969</ele>
        <time>2026-08-21T14:36:15.434Z</time>
      </trkpt>
      <trkpt lat="-7.402722" lon="108.256161">
        <ele>393.474009</ele>
        <time>2026-08-21T14:36:15.611Z</time>
      </trkpt>
      <trkpt lat="-7.402708" lon="108.256161">
        <ele>393.528431</ele>
        <time>2026-08-21T14:36:15.910Z</time>
      </trkpt>
      <trkpt lat="-7.402663" lon="108.256165">
        <ele>393.704038</ele>
        <time>2026-08-21T14:36:16.877Z</time>
      </trkpt>
      <trkpt lat="-7.402632" lon="108.256172">
        <ele>393.827528</ele>
        <time>2026-08-21T14:36:17.556Z</time>
      </trkpt>
      <trkpt lat="-7.402602" lon="108.256176">
        <ele>393.945162</ele>
        <time>2026-08-21T14:36:18.204Z</time>
      </trkpt>
      <trkpt lat="-7.402572" lon="108.256175">
        <ele>394.061845</ele>
        <time>2026-08-21T14:36:18.846Z</time>
      </trkpt>
      <trkpt lat="-7.402486" lon="108.256157">
        <ele>394.403278</ele>
        <time>2026-08-21T14:36:20.725Z</time>
      </trkpt>
      <trkpt lat="-7.402469" lon="108.256150">
        <ele>394.474659</ele>
        <time>2026-08-21T14:36:21.117Z</time>
      </trkpt>
      <trkpt lat="-7.402456" lon="108.256141">
        <ele>394.535957</ele>
        <time>2026-08-21T14:36:21.455Z</time>
      </trkpt>
      <trkpt lat="-7.402413" lon="108.256117">
        <ele>394.727006</ele>
        <time>2026-08-21T14:36:22.506Z</time>
      </trkpt>
      <trkpt lat="-7.402385" lon="108.256097">
        <ele>394.860390</ele>
        <time>2026-08-21T14:36:23.240Z</time>
      </trkpt>
      <trkpt lat="-7.402360" lon="108.256073">
        <ele>394.994569</ele>
        <time>2026-08-21T14:36:23.978Z</time>
      </trkpt>
      <trkpt lat="-7.402331" lon="108.256039">
        <ele>395.167447</ele>
        <time>2026-08-21T14:36:24.929Z</time>
      </trkpt>
      <trkpt lat="-7.402303" lon="108.255998">
        <ele>395.359351</ele>
        <time>2026-08-21T14:36:25.985Z</time>
      </trkpt>
      <trkpt lat="-7.402272" lon="108.255962">
        <ele>395.543147</ele>
        <time>2026-08-21T14:36:26.996Z</time>
      </trkpt>
      <trkpt lat="-7.402248" lon="108.255924">
        <ele>395.716819</ele>
        <time>2026-08-21T14:36:27.951Z</time>
      </trkpt>
      <trkpt lat="-7.402229" lon="108.255884">
        <ele>395.887792</ele>
        <time>2026-08-21T14:36:28.892Z</time>
      </trkpt>
      <trkpt lat="-7.402213" lon="108.255844">
        <ele>396.054059</ele>
        <time>2026-08-21T14:36:29.806Z</time>
      </trkpt>
      <trkpt lat="-7.402200" lon="108.255799">
        <ele>396.234741</ele>
        <time>2026-08-21T14:36:30.800Z</time>
      </trkpt>
      <trkpt lat="-7.402199" lon="108.255753">
        <ele>396.412109</ele>
        <time>2026-08-21T14:36:31.776Z</time>
      </trkpt>
      <trkpt lat="-7.402191" lon="108.255716">
        <ele>396.473135</ele>
        <time>2026-08-21T14:36:32.579Z</time>
      </trkpt>
      <trkpt lat="-7.402187" lon="108.255678">
        <ele>396.459592</ele>
        <time>2026-08-21T14:36:33.389Z</time>
      </trkpt>
      <trkpt lat="-7.402190" lon="108.255661">
        <ele>396.453473</ele>
        <time>2026-08-21T14:36:33.756Z</time>
      </trkpt>
      <trkpt lat="-7.402189" lon="108.255642">
        <ele>396.446730</ele>
        <time>2026-08-21T14:36:34.159Z</time>
      </trkpt>
      <trkpt lat="-7.402115" lon="108.255625">
        <ele>396.419607</ele>
        <time>2026-08-21T14:36:35.786Z</time>
      </trkpt>
      <trkpt lat="-7.401994" lon="108.255670">
        <ele>396.373518</ele>
        <time>2026-08-21T14:36:38.252Z</time>
      </trkpt>
      <trkpt lat="-7.401781" lon="108.255844">
        <ele>396.275556</ele>
        <time>2026-08-21T14:36:43.256Z</time>
      </trkpt>
      <trkpt lat="-7.401745" lon="108.255894">
        <ele>396.253659</ele>
        <time>2026-08-21T14:36:44.392Z</time>
      </trkpt>
      <trkpt lat="-7.401654" lon="108.256021">
        <ele>396.198131</ele>
        <time>2026-08-21T14:36:47.206Z</time>
      </trkpt>
      <trkpt lat="-7.401621" lon="108.256100">
        <ele>396.167752</ele>
        <time>2026-08-21T14:36:48.704Z</time>
      </trkpt>
      <trkpt lat="-7.401537" lon="108.256305">
        <ele>396.089144</ele>
        <time>2026-08-21T14:36:52.507Z</time>
      </trkpt>
      <trkpt lat="-7.401444" lon="108.256429">
        <ele>396.034047</ele>
        <time>2026-08-21T14:36:55.161Z</time>
      </trkpt>
      <trkpt lat="-7.400703" lon="108.256736">
        <ele>395.821192</ele>
        <time>2026-08-21T14:37:10.093Z</time>
      </trkpt>
      <trkpt lat="-7.400517" lon="108.256760">
        <ele>395.809009</ele>
        <time>2026-08-21T14:37:13.894Z</time>
      </trkpt>
      <trkpt lat="-7.400420" lon="108.256735">
        <ele>395.802504</ele>
        <time>2026-08-21T14:37:15.917Z</time>
      </trkpt>
      <trkpt lat="-7.400029" lon="108.256635">
        <ele>395.776296</ele>
        <time>2026-08-21T14:37:24.099Z</time>
      </trkpt>
      <trkpt lat="-7.399965" lon="108.256564">
        <ele>395.770115</ele>
        <time>2026-08-21T14:37:25.999Z</time>
      </trkpt>
      <trkpt lat="-7.399955" lon="108.256545">
        <ele>395.768729</ele>
        <time>2026-08-21T14:37:26.430Z</time>
      </trkpt>
      <trkpt lat="-7.399965" lon="108.256564">
        <ele>395.767343</ele>
        <time>2026-08-21T14:37:26.851Z</time>
      </trkpt>
      <trkpt lat="-7.400029" lon="108.256635">
        <ele>395.761161</ele>
        <time>2026-08-21T14:37:28.734Z</time>
      </trkpt>
      <trkpt lat="-7.400420" lon="108.256735">
        <ele>395.734953</ele>
        <time>2026-08-21T14:37:36.652Z</time>
      </trkpt>
      <trkpt lat="-7.400517" lon="108.256760">
        <ele>395.728449</ele>
        <time>2026-08-21T14:37:38.597Z</time>
      </trkpt>
      <trkpt lat="-7.400703" lon="108.256736">
        <ele>395.745520</ele>
        <time>2026-08-21T14:37:42.274Z</time>
      </trkpt>
      <trkpt lat="-7.401444" lon="108.256429">
        <ele>396.040726</ele>
        <time>2026-08-21T14:37:59.194Z</time>
      </trkpt>
      <trkpt lat="-7.401537" lon="108.256305">
        <ele>396.097539</ele>
        <time>2026-08-21T14:38:02.714Z</time>
      </trkpt>
      <trkpt lat="-7.401621" lon="108.256100">
        <ele>396.178595</ele>
        <time>2026-08-21T14:38:07.674Z</time>
      </trkpt>
      <trkpt lat="-7.401654" lon="108.256021">
        <ele>396.209920</ele>
        <time>2026-08-21T14:38:09.610Z</time>
      </trkpt>
      <trkpt lat="-7.401745" lon="108.255894">
        <ele>396.267177</ele>
        <time>2026-08-21T14:38:13.256Z</time>
      </trkpt>
      <trkpt lat="-7.401781" lon="108.255844">
        <ele>396.289756</ele>
        <time>2026-08-21T14:38:14.660Z</time>
      </trkpt>
      <trkpt lat="-7.401745" lon="108.255894">
        <ele>396.312336</ele>
        <time>2026-08-21T14:38:16.067Z</time>
      </trkpt>
      <trkpt lat="-7.401849" lon="108.255970">
        <ele>396.359665</ele>
        <time>2026-08-21T14:38:18.808Z</time>
      </trkpt>
      <trkpt lat="-7.401878" lon="108.256001">
        <ele>396.375238</ele>
        <time>2026-08-21T14:38:19.712Z</time>
      </trkpt>
      <trkpt lat="-7.401894" lon="108.256028">
        <ele>396.381224</ele>
        <time>2026-08-21T14:38:20.379Z</time>
      </trkpt>
      <trkpt lat="-7.401900" lon="108.256030">
        <ele>396.379646</ele>
        <time>2026-08-21T14:38:20.514Z</time>
      </trkpt>
      <trkpt lat="-7.401906" lon="108.256014">
        <ele>396.375411</ele>
        <time>2026-08-21T14:38:20.877Z</time>
      </trkpt>
      <trkpt lat="-7.401905" lon="108.255980">
        <ele>396.366990</ele>
        <time>2026-08-21T14:38:21.598Z</time>
      </trkpt>
      <trkpt lat="-7.401901" lon="108.255969">
        <ele>396.364090</ele>
        <time>2026-08-21T14:38:21.846Z</time>
      </trkpt>
      <trkpt lat="-7.401883" lon="108.255938">
        <ele>396.355196</ele>
        <time>2026-08-21T14:38:22.608Z</time>
      </trkpt>
      <trkpt lat="-7.401883" lon="108.255924">
        <ele>396.351730</ele>
        <time>2026-08-21T14:38:22.905Z</time>
      </trkpt>
      <trkpt lat="-7.401781" lon="108.255841">
        <ele>396.319008</ele>
        <time>2026-08-21T14:38:25.708Z</time>
      </trkpt>
      <trkpt lat="-7.401779" lon="108.255840">
        <ele>396.318451</ele>
        <time>2026-08-21T14:38:25.755Z</time>
      </trkpt>
      <trkpt lat="-7.401774" lon="108.255842">
        <ele>396.317108</ele>
        <time>2026-08-21T14:38:25.870Z</time>
      </trkpt>
      <trkpt lat="-7.401767" lon="108.255831">
        <ele>396.313872</ele>
        <time>2026-08-21T14:38:26.148Z</time>
      </trkpt>
      <trkpt lat="-7.401764" lon="108.255821">
        <ele>396.311286</ele>
        <time>2026-08-21T14:38:26.369Z</time>
      </trkpt>
      <trkpt lat="-7.401729" lon="108.255785">
        <ele>396.298804</ele>
        <time>2026-08-21T14:38:27.438Z</time>
      </trkpt>
      <trkpt lat="-7.401689" lon="108.255775">
        <ele>396.288516</ele>
        <time>2026-08-21T14:38:28.319Z</time>
      </trkpt>
      <trkpt lat="-7.401679" lon="108.255762">
        <ele>396.284442</ele>
        <time>2026-08-21T14:38:28.668Z</time>
      </trkpt>
      <trkpt lat="-7.401674" lon="108.255734">
        <ele>396.277399</ele>
        <time>2026-08-21T14:38:29.272Z</time>
      </trkpt>
      <trkpt lat="-7.401682" lon="108.255691">
        <ele>396.266567</ele>
        <time>2026-08-21T14:38:30.199Z</time>
      </trkpt>
      <trkpt lat="-7.401684" lon="108.255663">
        <ele>396.259617</ele>
        <time>2026-08-21T14:38:30.795Z</time>
      </trkpt>
      <trkpt lat="-7.401684" lon="108.255655">
        <ele>396.257637</ele>
        <time>2026-08-21T14:38:30.964Z</time>
      </trkpt>
      <trkpt lat="-7.401681" lon="108.255641">
        <ele>396.254091</ele>
        <time>2026-08-21T14:38:31.268Z</time>
      </trkpt>
      <trkpt lat="-7.401675" lon="108.255622">
        <ele>396.249154</ele>
        <time>2026-08-21T14:38:31.691Z</time>
      </trkpt>
      <trkpt lat="-7.401679" lon="108.255613">
        <ele>396.246712</ele>
        <time>2026-08-21T14:38:31.900Z</time>
      </trkpt>
      <trkpt lat="-7.401732" lon="108.255669">
        <ele>396.227547</ele>
        <time>2026-08-21T14:38:33.542Z</time>
      </trkpt>
      <trkpt lat="-7.401742" lon="108.255683">
        <ele>396.223276</ele>
        <time>2026-08-21T14:38:33.907Z</time>
      </trkpt>
      <trkpt lat="-7.401747" lon="108.255687">
        <ele>396.221682</ele>
        <time>2026-08-21T14:38:34.044Z</time>
      </trkpt>
      <trkpt lat="-7.401752" lon="108.255680">
        <ele>396.219547</ele>
        <time>2026-08-21T14:38:34.227Z</time>
      </trkpt>
      <trkpt lat="-7.401754" lon="108.255682">
        <ele>396.218843</ele>
        <time>2026-08-21T14:38:34.287Z</time>
      </trkpt>
      <trkpt lat="-7.401753" lon="108.255693">
        <ele>396.216109</ele>
        <time>2026-08-21T14:38:34.521Z</time>
      </trkpt>
      <trkpt lat="-7.401748" lon="108.255699">
        <ele>396.214168</ele>
        <time>2026-08-21T14:38:34.688Z</time>
      </trkpt>
      <trkpt lat="-7.401742" lon="108.255703">
        <ele>396.212373</ele>
        <time>2026-08-21T14:38:34.841Z</time>
      </trkpt>
      <trkpt lat="-7.401734" lon="108.255722">
        <ele>396.207262</ele>
        <time>2026-08-21T14:38:35.279Z</time>
      </trkpt>
      <trkpt lat="-7.401748" lon="108.255741">
        <ele>396.201402</ele>
        <time>2026-08-21T14:38:35.781Z</time>
      </trkpt>
      <trkpt lat="-7.401764" lon="108.255746">
        <ele>396.197220</ele>
        <time>2026-08-21T14:38:36.139Z</time>
      </trkpt>
      <trkpt lat="-7.401768" lon="108.255740">
        <ele>396.195430</ele>
        <time>2026-08-21T14:38:36.293Z</time>
      </trkpt>
      <trkpt lat="-7.401762" lon="108.255731">
        <ele>396.192745</ele>
        <time>2026-08-21T14:38:36.523Z</time>
      </trkpt>
      <trkpt lat="-7.401750" lon="108.255726">
        <ele>396.189504</ele>
        <time>2026-08-21T14:38:36.800Z</time>
      </trkpt>
      <trkpt lat="-7.401740" lon="108.255724">
        <ele>396.186959</ele>
        <time>2026-08-21T14:38:37.018Z</time>
      </trkpt>
      <trkpt lat="-7.401733" lon="108.255716">
        <ele>396.184317</ele>
        <time>2026-08-21T14:38:37.244Z</time>
      </trkpt>
      <trkpt lat="-7.401728" lon="108.255715">
        <ele>396.183045</ele>
        <time>2026-08-21T14:38:37.353Z</time>
      </trkpt>
      <trkpt lat="-7.401720" lon="108.255719">
        <ele>396.180815</ele>
        <time>2026-08-21T14:38:37.544Z</time>
      </trkpt>
      <trkpt lat="-7.401702" lon="108.255739">
        <ele>396.174129</ele>
        <time>2026-08-21T14:38:38.117Z</time>
      </trkpt>
      <trkpt lat="-7.401694" lon="108.255751">
        <ele>396.170549</ele>
        <time>2026-08-21T14:38:38.424Z</time>
      </trkpt>
      <trkpt lat="-7.401692" lon="108.255766">
        <ele>396.166802</ele>
        <time>2026-08-21T14:38:38.745Z</time>
      </trkpt>
      <trkpt lat="-7.401695" lon="108.255780">
        <ele>396.163256</ele>
        <time>2026-08-21T14:38:39.048Z</time>
      </trkpt>
      <trkpt lat="-7.401705" lon="108.255787">
        <ele>396.160217</ele>
        <time>2026-08-21T14:38:39.309Z</time>
      </trkpt>
      <trkpt lat="-7.401724" lon="108.255794">
        <ele>396.155167</ele>
        <time>2026-08-21T14:38:39.741Z</time>
      </trkpt>
      <trkpt lat="-7.401733" lon="108.255800">
        <ele>396.152473</ele>
        <time>2026-08-21T14:38:39.972Z</time>
      </trkpt>
      <trkpt lat="-7.401736" lon="108.255804">
        <ele>396.151232</ele>
        <time>2026-08-21T14:38:40.078Z</time>
      </trkpt>
      <trkpt lat="-7.401725" lon="108.255832">
        <ele>396.143775</ele>
        <time>2026-08-21T14:38:40.717Z</time>
      </trkpt>
      <trkpt lat="-7.401726" lon="108.255829">
        <ele>396.142992</ele>
        <time>2026-08-21T14:38:40.784Z</time>
      </trkpt>
      <trkpt lat="-7.401725" lon="108.255844">
        <ele>396.139270</ele>
        <time>2026-08-21T14:38:41.103Z</time>
      </trkpt>
      <trkpt lat="-7.401723" lon="108.255848">
        <ele>396.138161</ele>
        <time>2026-08-21T14:38:41.198Z</time>
      </trkpt>
      <trkpt lat="-7.401724" lon="108.255859">
        <ele>396.135426</ele>
        <time>2026-08-21T14:38:41.432Z</time>
      </trkpt>
      <trkpt lat="-7.401727" lon="108.255867">
        <ele>396.133308</ele>
        <time>2026-08-21T14:38:41.614Z</time>
      </trkpt>
      <trkpt lat="-7.401725" lon="108.255874">
        <ele>396.131505</ele>
        <time>2026-08-21T14:38:41.768Z</time>
      </trkpt>
      <trkpt lat="-7.401718" lon="108.255871">
        <ele>396.129606</ele>
        <time>2026-08-21T14:38:41.931Z</time>
      </trkpt>
      <trkpt lat="-7.401714" lon="108.255871">
        <ele>396.128607</ele>
        <time>2026-08-21T14:38:42.016Z</time>
      </trkpt>
      <trkpt lat="-7.401711" lon="108.255875">
        <ele>396.127366</ele>
        <time>2026-08-21T14:38:42.123Z</time>
      </trkpt>
      <trkpt lat="-7.401709" lon="108.255883">
        <ele>396.125323</ele>
        <time>2026-08-21T14:38:42.298Z</time>
      </trkpt>
      <trkpt lat="-7.401681" lon="108.255942">
        <ele>396.109130</ele>
        <time>2026-08-21T14:38:43.685Z</time>
      </trkpt>
      <trkpt lat="-7.401670" lon="108.255976">
        <ele>396.100276</ele>
        <time>2026-08-21T14:38:44.443Z</time>
      </trkpt>
      <trkpt lat="-7.401652" lon="108.256012">
        <ele>396.090294</ele>
        <time>2026-08-21T14:38:45.298Z</time>
      </trkpt>
      <trkpt lat="-7.401623" lon="108.256054">
        <ele>396.077624</ele>
        <time>2026-08-21T14:38:46.383Z</time>
      </trkpt>
      <trkpt lat="-7.401609" lon="108.256087">
        <ele>396.068738</ele>
        <time>2026-08-21T14:38:47.144Z</time>
      </trkpt>
      <trkpt lat="-7.401604" lon="108.256093">
        <ele>396.066797</ele>
        <time>2026-08-21T14:38:47.311Z</time>
      </trkpt>
      <trkpt lat="-7.401621" lon="108.256100">
        <ele>396.062213</ele>
        <time>2026-08-21T14:38:47.706Z</time>
      </trkpt>
      <trkpt lat="-7.401537" lon="108.256305">
        <ele>396.007298</ele>
        <time>2026-08-21T14:38:51.676Z</time>
      </trkpt>
      <trkpt lat="-7.401444" lon="108.256429">
        <ele>395.968808</ele>
        <time>2026-08-21T14:38:54.528Z</time>
      </trkpt>
      <trkpt lat="-7.400703" lon="108.256736">
        <ele>395.936864</ele>
        <time>2026-08-21T14:39:09.787Z</time>
      </trkpt>
      <trkpt lat="-7.400517" lon="108.256760">
        <ele>395.937558</ele>
        <time>2026-08-21T14:39:13.492Z</time>
      </trkpt>
      <trkpt lat="-7.400420" lon="108.256735">
        <ele>395.937928</ele>
        <time>2026-08-21T14:39:15.442Z</time>
      </trkpt>
      <trkpt lat="-7.400432" lon="108.256689">
        <ele>395.938103</ele>
        <time>2026-08-21T14:39:16.459Z</time>
      </trkpt>
      <trkpt lat="-7.400270" lon="108.256695">
        <ele>395.938703</ele>
        <time>2026-08-21T14:39:19.926Z</time>
      </trkpt>
      <trkpt lat="-7.400219" lon="108.256689">
        <ele>395.938893</ele>
        <time>2026-08-21T14:39:21.024Z</time>
      </trkpt>
      <trkpt lat="-7.400163" lon="108.256680">
        <ele>395.939103</ele>
        <time>2026-08-21T14:39:22.236Z</time>
      </trkpt>
      <trkpt lat="-7.400049" lon="108.256681">
        <ele>395.939525</ele>
        <time>2026-08-21T14:39:24.674Z</time>
      </trkpt>
      <trkpt lat="-7.399992" lon="108.256689">
        <ele>395.939738</ele>
        <time>2026-08-21T14:39:25.905Z</time>
      </trkpt>
      <trkpt lat="-7.399941" lon="108.256688">
        <ele>395.939927</ele>
        <time>2026-08-21T14:39:26.995Z</time>
      </trkpt>
      <trkpt lat="-7.399897" lon="108.256680">
        <ele>395.940092</ele>
        <time>2026-08-21T14:39:27.952Z</time>
      </trkpt>
      <trkpt lat="-7.399855" lon="108.256669">
        <ele>395.940253</ele>
        <time>2026-08-21T14:39:28.879Z</time>
      </trkpt>
      <trkpt lat="-7.399815" lon="108.256652">
        <ele>395.940413</ele>
        <time>2026-08-21T14:39:29.808Z</time>
      </trkpt>
      <trkpt lat="-7.399773" lon="108.256628">
        <ele>395.940592</ele>
        <time>2026-08-21T14:39:30.840Z</time>
      </trkpt>
      <trkpt lat="-7.399737" lon="108.256613">
        <ele>395.940736</ele>
        <time>2026-08-21T14:39:31.673Z</time>
      </trkpt>
      <trkpt lat="-7.399704" lon="108.256591">
        <ele>395.940883</ele>
        <time>2026-08-21T14:39:32.519Z</time>
      </trkpt>
      <trkpt lat="-7.399684" lon="108.256559">
        <ele>395.941022</ele>
        <time>2026-08-21T14:39:33.321Z</time>
      </trkpt>
      <trkpt lat="-7.399671" lon="108.256505">
        <ele>395.945662</ele>
        <time>2026-08-21T14:39:34.499Z</time>
      </trkpt>
      <trkpt lat="-7.399662" lon="108.256444">
        <ele>395.952181</ele>
        <time>2026-08-21T14:39:35.807Z</time>
      </trkpt>
      <trkpt lat="-7.399662" lon="108.256379">
        <ele>395.959051</ele>
        <time>2026-08-21T14:39:37.185Z</time>
      </trkpt>
      <trkpt lat="-7.399675" lon="108.256256">
        <ele>395.972127</ele>
        <time>2026-08-21T14:39:39.809Z</time>
      </trkpt>
      <trkpt lat="-7.399685" lon="108.256132">
        <ele>395.985277</ele>
        <time>2026-08-21T14:39:42.447Z</time>
      </trkpt>
      <trkpt lat="-7.399695" lon="108.256074">
        <ele>395.991500</ele>
        <time>2026-08-21T14:39:43.695Z</time>
      </trkpt>
      <trkpt lat="-7.399698" lon="108.255971">
        <ele>396.002392</ele>
        <time>2026-08-21T14:39:45.880Z</time>
      </trkpt>
      <trkpt lat="-7.399694" lon="108.255931">
        <ele>396.006642</ele>
        <time>2026-08-21T14:39:46.733Z</time>
      </trkpt>
      <trkpt lat="-7.399773" lon="108.255917">
        <ele>396.015192</ele>
        <time>2026-08-21T14:39:48.439Z</time>
      </trkpt>
      <trkpt lat="-7.399701" lon="108.255506">
        <ele>396.059309</ele>
        <time>2026-08-21T14:39:58.217Z</time>
      </trkpt>
      <trkpt lat="-7.399659" lon="108.255423">
        <ele>396.069159</ele>
        <time>2026-08-21T14:40:00.539Z</time>
      </trkpt>
      <trkpt lat="-7.399590" lon="108.255356">
        <ele>396.079369</ele>
        <time>2026-08-21T14:40:02.854Z</time>
      </trkpt>
      <trkpt lat="-7.399480" lon="108.255292">
        <ele>396.092906</ele>
        <time>2026-08-21T14:40:05.663Z</time>
      </trkpt>
      <trkpt lat="-7.399472" lon="108.255306">
        <ele>396.094614</ele>
        <time>2026-08-21T14:40:06.005Z</time>
      </trkpt>
      <trkpt lat="-7.399413" lon="108.255262">
        <ele>396.102436</ele>
        <time>2026-08-21T14:40:07.574Z</time>
      </trkpt>
      <trkpt lat="-7.399353" lon="108.255229">
        <ele>396.109721</ele>
        <time>2026-08-21T14:40:09.036Z</time>
      </trkpt>
      <trkpt lat="-7.399320" lon="108.255215">
        <ele>396.113537</ele>
        <time>2026-08-21T14:40:09.801Z</time>
      </trkpt>
      <trkpt lat="-7.399271" lon="108.255200">
        <ele>396.118996</ele>
        <time>2026-08-21T14:40:10.896Z</time>
      </trkpt>
      <trkpt lat="-7.399215" lon="108.255196">
        <ele>396.124980</ele>
        <time>2026-08-21T14:40:12.097Z</time>
      </trkpt>
      <trkpt lat="-7.399085" lon="108.255210">
        <ele>395.951737</ele>
        <time>2026-08-21T14:40:14.892Z</time>
      </trkpt>
      <trkpt lat="-7.399021" lon="108.255215">
        <ele>395.749576</ele>
        <time>2026-08-21T14:40:16.265Z</time>
      </trkpt>
      <trkpt lat="-7.398963" lon="108.255212">
        <ele>395.566675</ele>
        <time>2026-08-21T14:40:17.507Z</time>
      </trkpt>
      <trkpt lat="-7.398908" lon="108.255202">
        <ele>395.390668</ele>
        <time>2026-08-21T14:40:18.702Z</time>
      </trkpt>
      <trkpt lat="-7.398853" lon="108.255182">
        <ele>395.206537</ele>
        <time>2026-08-21T14:40:19.953Z</time>
      </trkpt>
      <trkpt lat="-7.398794" lon="108.255153">
        <ele>394.999829</ele>
        <time>2026-08-21T14:40:21.357Z</time>
      </trkpt>
      <trkpt lat="-7.398741" lon="108.255108">
        <ele>394.781627</ele>
        <time>2026-08-21T14:40:22.838Z</time>
      </trkpt>
      <trkpt lat="-7.398696" lon="108.255050">
        <ele>394.551635</ele>
        <time>2026-08-21T14:40:24.400Z</time>
      </trkpt>
      <trkpt lat="-7.398662" lon="108.254982">
        <ele>394.313797</ele>
        <time>2026-08-21T14:40:26.016Z</time>
      </trkpt>
      <trkpt lat="-7.398636" lon="108.254901">
        <ele>394.047903</ele>
        <time>2026-08-21T14:40:27.821Z</time>
      </trkpt>
      <trkpt lat="-7.398609" lon="108.254825">
        <ele>393.795775</ele>
        <time>2026-08-21T14:40:29.534Z</time>
      </trkpt>
      <trkpt lat="-7.398544" lon="108.254668">
        <ele>393.264431</ele>
        <time>2026-08-21T14:40:33.143Z</time>
      </trkpt>
      <trkpt lat="-7.398431" lon="108.254449">
        <ele>392.493426</ele>
        <time>2026-08-21T14:40:38.381Z</time>
      </trkpt>
      <trkpt lat="-7.398394" lon="108.254384">
        <ele>392.259358</ele>
        <time>2026-08-21T14:40:39.972Z</time>
      </trkpt>
      <trkpt lat="-7.398351" lon="108.254324">
        <ele>392.028160</ele>
        <time>2026-08-21T14:40:41.543Z</time>
      </trkpt>
      <trkpt lat="-7.398306" lon="108.254268">
        <ele>391.803054</ele>
        <time>2026-08-21T14:40:43.072Z</time>
      </trkpt>
      <trkpt lat="-7.398257" lon="108.254223">
        <ele>391.594331</ele>
        <time>2026-08-21T14:40:44.491Z</time>
      </trkpt>
      <trkpt lat="-7.398206" lon="108.254186">
        <ele>391.396467</ele>
        <time>2026-08-21T14:40:45.836Z</time>
      </trkpt>
      <trkpt lat="-7.398167" lon="108.254153">
        <ele>391.236131</ele>
        <time>2026-08-21T14:40:46.926Z</time>
      </trkpt>
      <trkpt lat="-7.398135" lon="108.254118">
        <ele>391.087454</ele>
        <time>2026-08-21T14:40:47.936Z</time>
      </trkpt>
      <trkpt lat="-7.398114" lon="108.254079">
        <ele>390.948855</ele>
        <time>2026-08-21T14:40:48.878Z</time>
      </trkpt>
      <trkpt lat="-7.398058" lon="108.253999">
        <ele>390.643032</ele>
        <time>2026-08-21T14:40:50.957Z</time>
      </trkpt>
      <trkpt lat="-7.398023" lon="108.253914">
        <ele>390.332235</ele>
        <time>2026-08-21T14:40:52.911Z</time>
      </trkpt>
      <trkpt lat="-7.398015" lon="108.253845">
        <ele>390.070297</ele>
        <time>2026-08-21T14:40:54.386Z</time>
      </trkpt>
      <trkpt lat="-7.398008" lon="108.253757">
        <ele>389.737426</ele>
        <time>2026-08-21T14:40:56.260Z</time>
      </trkpt>
      <trkpt lat="-7.397998" lon="108.253661">
        <ele>389.373465</ele>
        <time>2026-08-21T14:40:58.309Z</time>
      </trkpt>
      <trkpt lat="-7.397986" lon="108.253561">
        <ele>388.993662</ele>
        <time>2026-08-21T14:41:00.447Z</time>
      </trkpt>
      <trkpt lat="-7.397957" lon="108.253469">
        <ele>388.629672</ele>
        <time>2026-08-21T14:41:02.496Z</time>
      </trkpt>
      <trkpt lat="-7.397881" lon="108.253309">
        <ele>387.960754</ele>
        <time>2026-08-21T14:41:06.261Z</time>
      </trkpt>
      <trkpt lat="-7.397848" lon="108.253224">
        <ele>387.616574</ele>
        <time>2026-08-21T14:41:08.198Z</time>
      </trkpt>
      <trkpt lat="-7.397805" lon="108.253144">
        <ele>387.273474</ele>
        <time>2026-08-21T14:41:10.129Z</time>
      </trkpt>
      <trkpt lat="-7.397751" lon="108.253071">
        <ele>386.930084</ele>
        <time>2026-08-21T14:41:12.061Z</time>
      </trkpt>
      <trkpt lat="-7.397692" lon="108.253000">
        <ele>386.580813</ele>
        <time>2026-08-21T14:41:14.026Z</time>
      </trkpt>
      <trkpt lat="-7.397582" lon="108.252851">
        <ele>385.880419</ele>
        <time>2026-08-21T14:41:17.966Z</time>
      </trkpt>
      <trkpt lat="-7.397460" lon="108.252670">
        <ele>385.055235</ele>
        <time>2026-08-21T14:41:22.608Z</time>
      </trkpt>
      <trkpt lat="-7.397417" lon="108.252623">
        <ele>384.814123</ele>
        <time>2026-08-21T14:41:23.965Z</time>
      </trkpt>
      <trkpt lat="-7.397372" lon="108.252581">
        <ele>384.580986</ele>
        <time>2026-08-21T14:41:25.276Z</time>
      </trkpt>
      <trkpt lat="-7.397271" lon="108.252506">
        <ele>384.104078</ele>
        <time>2026-08-21T14:41:27.959Z</time>
      </trkpt>
      <trkpt lat="-7.397217" lon="108.252475">
        <ele>383.867821</ele>
        <time>2026-08-21T14:41:29.288Z</time>
      </trkpt>
      <trkpt lat="-7.397152" lon="108.252457">
        <ele>383.616069</ele>
        <time>2026-08-21T14:41:30.730Z</time>
      </trkpt>
      <trkpt lat="-7.396887" lon="108.252424">
        <ele>382.856949</ele>
        <time>2026-08-21T14:41:36.444Z</time>
      </trkpt>
      <trkpt lat="-7.396799" lon="108.252404">
        <ele>382.600489</ele>
        <time>2026-08-21T14:41:38.374Z</time>
      </trkpt>
      <trkpt lat="-7.396719" lon="108.252377">
        <ele>382.360648</ele>
        <time>2026-08-21T14:41:40.179Z</time>
      </trkpt>
      <trkpt lat="-7.396645" lon="108.252345">
        <ele>382.131737</ele>
        <time>2026-08-21T14:41:41.902Z</time>
      </trkpt>
      <trkpt lat="-7.396572" lon="108.252308">
        <ele>381.899456</ele>
        <time>2026-08-21T14:41:43.650Z</time>
      </trkpt>
      <trkpt lat="-7.396501" lon="108.252268">
        <ele>381.668236</ele>
        <time>2026-08-21T14:41:45.389Z</time>
      </trkpt>
      <trkpt lat="-7.396444" lon="108.252218">
        <ele>381.453451</ele>
        <time>2026-08-21T14:41:47.005Z</time>
      </trkpt>
      <trkpt lat="-7.396395" lon="108.252157">
        <ele>381.232128</ele>
        <time>2026-08-21T14:41:48.670Z</time>
      </trkpt>
      <trkpt lat="-7.396356" lon="108.252096">
        <ele>381.027504</ele>
        <time>2026-08-21T14:41:50.209Z</time>
      </trkpt>
      <trkpt lat="-7.396332" lon="108.252026">
        <ele>380.818687</ele>
        <time>2026-08-21T14:41:51.780Z</time>
      </trkpt>
      <trkpt lat="-7.396310" lon="108.251953">
        <ele>380.603581</ele>
        <time>2026-08-21T14:41:53.398Z</time>
      </trkpt>
      <trkpt lat="-7.396284" lon="108.251880">
        <ele>380.384897</ele>
        <time>2026-08-21T14:41:55.043Z</time>
      </trkpt>
      <trkpt lat="-7.396255" lon="108.251815">
        <ele>380.183947</ele>
        <time>2026-08-21T14:41:56.555Z</time>
      </trkpt>
      <trkpt lat="-7.396222" lon="108.251761">
        <ele>380.005116</ele>
        <time>2026-08-21T14:41:57.900Z</time>
      </trkpt>
      <trkpt lat="-7.396197" lon="108.251703">
        <ele>379.826815</ele>
        <time>2026-08-21T14:41:59.241Z</time>
      </trkpt>
      <trkpt lat="-7.396173" lon="108.251653">
        <ele>379.670202</ele>
        <time>2026-08-21T14:42:00.419Z</time>
      </trkpt>
      <trkpt lat="-7.396151" lon="108.251614">
        <ele>379.543703</ele>
        <time>2026-08-21T14:42:01.371Z</time>
      </trkpt>
      <trkpt lat="-7.396124" lon="108.251588">
        <ele>379.437563</ele>
        <time>2026-08-21T14:42:02.170Z</time>
      </trkpt>
      <trkpt lat="-7.396099" lon="108.251573">
        <ele>379.354858</ele>
        <time>2026-08-21T14:42:02.792Z</time>
      </trkpt>
      <trkpt lat="-7.396068" lon="108.251567">
        <ele>379.265116</ele>
        <time>2026-08-21T14:42:03.467Z</time>
      </trkpt>
      <trkpt lat="-7.396060" lon="108.251569">
        <ele>379.241683</ele>
        <time>2026-08-21T14:42:03.644Z</time>
      </trkpt>
      <trkpt lat="-7.396027" lon="108.251585">
        <ele>379.137583</ele>
        <time>2026-08-21T14:42:04.427Z</time>
      </trkpt>
      <trkpt lat="-7.396000" lon="108.251587">
        <ele>379.060615</ele>
        <time>2026-08-21T14:42:05.006Z</time>
      </trkpt>
      <trkpt lat="-7.395965" lon="108.251583">
        <ele>378.960473</ele>
        <time>2026-08-21T14:42:05.760Z</time>
      </trkpt>
      <trkpt lat="-7.395929" lon="108.251582">
        <ele>378.858086</ele>
        <time>2026-08-21T14:42:06.530Z</time>
      </trkpt>
      <trkpt lat="-7.395889" lon="108.251589">
        <ele>378.742666</ele>
        <time>2026-08-21T14:42:07.399Z</time>
      </trkpt>
      <trkpt lat="-7.395887" lon="108.251616">
        <ele>378.666331</ele>
        <time>2026-08-21T14:42:07.973Z</time>
      </trkpt>
      <trkpt lat="-7.395888" lon="108.251636">
        <ele>378.609872</ele>
        <time>2026-08-21T14:42:08.398Z</time>
      </trkpt>
      <trkpt lat="-7.395884" lon="108.251649">
        <ele>378.571497</ele>
        <time>2026-08-21T14:42:08.687Z</time>
      </trkpt>
      <trkpt lat="-7.395848" lon="108.251658">
        <ele>378.459693</ele>
        <time>2026-08-21T14:42:09.481Z</time>
      </trkpt>
      <trkpt lat="-7.395832" lon="108.251660">
        <ele>378.408019</ele>
        <time>2026-08-21T14:42:09.826Z</time>
      </trkpt>
      <trkpt lat="-7.395813" lon="108.251660">
        <ele>378.347122</ele>
        <time>2026-08-21T14:42:10.232Z</time>
      </trkpt>
      <trkpt lat="-7.395804" lon="108.251664">
        <ele>378.315599</ele>
        <time>2026-08-21T14:42:10.443Z</time>
      </trkpt>
      <trkpt lat="-7.395568" lon="108.251655">
        <ele>377.558657</ele>
        <time>2026-08-21T14:42:15.497Z</time>
      </trkpt>
      <trkpt lat="-7.395463" lon="108.251655">
        <ele>377.222123</ele>
        <time>2026-08-21T14:42:17.743Z</time>
      </trkpt>
      <trkpt lat="-7.395394" lon="108.251643">
        <ele>376.997706</ele>
        <time>2026-08-21T14:42:19.242Z</time>
      </trkpt>
      <trkpt lat="-7.395357" lon="108.251630">
        <ele>376.872126</ele>
        <time>2026-08-21T14:42:20.080Z</time>
      </trkpt>
      <trkpt lat="-7.395317" lon="108.251610">
        <ele>376.729027</ele>
        <time>2026-08-21T14:42:21.035Z</time>
      </trkpt>
      <trkpt lat="-7.395280" lon="108.251581">
        <ele>376.578830</ele>
        <time>2026-08-21T14:42:22.038Z</time>
      </trkpt>
      <trkpt lat="-7.395248" lon="108.251542">
        <ele>376.417942</ele>
        <time>2026-08-21T14:42:23.112Z</time>
      </trkpt>
      <trkpt lat="-7.395213" lon="108.251491">
        <ele>376.220812</ele>
        <time>2026-08-21T14:42:24.427Z</time>
      </trkpt>
      <trkpt lat="-7.395184" lon="108.251432">
        <ele>376.011513</ele>
        <time>2026-08-21T14:42:25.824Z</time>
      </trkpt>
      <trkpt lat="-7.395167" lon="108.251365">
        <ele>375.791699</ele>
        <time>2026-08-21T14:42:27.291Z</time>
      </trkpt>
      <trkpt lat="-7.395160" lon="108.251291">
        <ele>375.555427</ele>
        <time>2026-08-21T14:42:28.868Z</time>
      </trkpt>
      <trkpt lat="-7.395156" lon="108.251215">
        <ele>375.313527</ele>
        <time>2026-08-21T14:42:30.483Z</time>
      </trkpt>
      <trkpt lat="-7.395150" lon="108.251140">
        <ele>375.074370</ele>
        <time>2026-08-21T14:42:32.079Z</time>
      </trkpt>
      <trkpt lat="-7.395141" lon="108.251068">
        <ele>374.843712</ele>
        <time>2026-08-21T14:42:33.619Z</time>
      </trkpt>
      <trkpt lat="-7.395135" lon="108.250990">
        <ele>374.595050</ele>
        <time>2026-08-21T14:42:35.279Z</time>
      </trkpt>
      <trkpt lat="-7.395124" lon="108.250828">
        <ele>374.078939</ele>
        <time>2026-08-21T14:42:38.724Z</time>
      </trkpt>
      <trkpt lat="-7.395126" lon="108.250750">
        <ele>373.830938</ele>
        <time>2026-08-21T14:42:40.379Z</time>
      </trkpt>
      <trkpt lat="-7.395118" lon="108.250673">
        <ele>373.584859</ele>
        <time>2026-08-21T14:42:42.021Z</time>
      </trkpt>
      <trkpt lat="-7.395098" lon="108.250600">
        <ele>373.344142</ele>
        <time>2026-08-21T14:42:43.628Z</time>
      </trkpt>
      <trkpt lat="-7.395062" lon="108.250528">
        <ele>373.087853</ele>
        <time>2026-08-21T14:42:45.338Z</time>
      </trkpt>
      <trkpt lat="-7.395021" lon="108.250464">
        <ele>372.845680</ele>
        <time>2026-08-21T14:42:46.955Z</time>
      </trkpt>
      <trkpt lat="-7.394980" lon="108.250404">
        <ele>372.634258</ele>
        <time>2026-08-21T14:42:48.500Z</time>
      </trkpt>
      <trkpt lat="-7.394929" lon="108.250353">
        <ele>372.437934</ele>
        <time>2026-08-21T14:42:50.036Z</time>
      </trkpt>
      <trkpt lat="-7.394879" lon="108.250315">
        <ele>372.266798</ele>
        <time>2026-08-21T14:42:51.375Z</time>
      </trkpt>
      <trkpt lat="-7.394825" lon="108.250292">
        <ele>372.106570</ele>
        <time>2026-08-21T14:42:52.629Z</time>
      </trkpt>
      <trkpt lat="-7.394767" lon="108.250279">
        <ele>371.944167</ele>
        <time>2026-08-21T14:42:53.900Z</time>
      </trkpt>
      <trkpt lat="-7.394705" lon="108.250280">
        <ele>371.774678</ele>
        <time>2026-08-21T14:42:55.226Z</time>
      </trkpt>
      <trkpt lat="-7.394629" lon="108.250294">
        <ele>371.563506</ele>
        <time>2026-08-21T14:42:56.878Z</time>
      </trkpt>
      <trkpt lat="-7.394551" lon="108.250320">
        <ele>371.338958</ele>
        <time>2026-08-21T14:42:58.636Z</time>
      </trkpt>
      <trkpt lat="-7.394471" lon="108.250351">
        <ele>371.104701</ele>
        <time>2026-08-21T14:43:00.468Z</time>
      </trkpt>
      <trkpt lat="-7.394391" lon="108.250386">
        <ele>370.866339</ele>
        <time>2026-08-21T14:43:02.334Z</time>
      </trkpt>
      <trkpt lat="-7.394320" lon="108.250412">
        <ele>370.659871</ele>
        <time>2026-08-21T14:43:03.949Z</time>
      </trkpt>
      <trkpt lat="-7.394249" lon="108.250430">
        <ele>370.459764</ele>
        <time>2026-08-21T14:43:05.515Z</time>
      </trkpt>
      <trkpt lat="-7.394180" lon="108.250440">
        <ele>370.269225</ele>
        <time>2026-08-21T14:43:07.006Z</time>
      </trkpt>
      <trkpt lat="-7.394103" lon="108.250435">
        <ele>370.058321</ele>
        <time>2026-08-21T14:43:08.656Z</time>
      </trkpt>
      <trkpt lat="-7.394029" lon="108.250410">
        <ele>369.845004</ele>
        <time>2026-08-21T14:43:10.325Z</time>
      </trkpt>
      <trkpt lat="-7.393967" lon="108.250372">
        <ele>369.646688</ele>
        <time>2026-08-21T14:43:11.877Z</time>
      </trkpt>
      <trkpt lat="-7.393908" lon="108.250319">
        <ele>369.430711</ele>
        <time>2026-08-21T14:43:13.567Z</time>
      </trkpt>
      <trkpt lat="-7.393863" lon="108.250262">
        <ele>369.233224</ele>
        <time>2026-08-21T14:43:15.112Z</time>
      </trkpt>
      <trkpt lat="-7.393819" lon="108.250190">
        <ele>369.003979</ele>
        <time>2026-08-21T14:43:16.906Z</time>
      </trkpt>
      <trkpt lat="-7.393783" lon="108.250106">
        <ele>368.755934</ele>
        <time>2026-08-21T14:43:18.847Z</time>
      </trkpt>
      <trkpt lat="-7.393761" lon="108.250032">
        <ele>368.546528</ele>
        <time>2026-08-21T14:43:20.486Z</time>
      </trkpt>
      <trkpt lat="-7.393738" lon="108.249973">
        <ele>368.374689</ele>
        <time>2026-08-21T14:43:21.830Z</time>
      </trkpt>
      <trkpt lat="-7.393693" lon="108.249934">
        <ele>368.212502</ele>
        <time>2026-08-21T14:43:23.100Z</time>
      </trkpt>
      <trkpt lat="-7.393648" lon="108.249899">
        <ele>368.057164</ele>
        <time>2026-08-21T14:43:24.316Z</time>
      </trkpt>
      <trkpt lat="-7.393599" lon="108.249873">
        <ele>367.905819</ele>
        <time>2026-08-21T14:43:25.501Z</time>
      </trkpt>
      <trkpt lat="-7.393662" lon="108.249725">
        <ele>367.261826</ele>
        <time>2026-08-21T14:43:28.921Z</time>
      </trkpt>
      <trkpt lat="-7.393583" lon="108.249691">
        <ele>366.893839</ele>
        <time>2026-08-21T14:43:30.112Z</time>
      </trkpt>
      <trkpt lat="-7.393483" lon="108.249614">
        <ele>366.354801</ele>
        <time>2026-08-21T14:43:31.846Z</time>
      </trkpt>
      <trkpt lat="-7.393139" lon="108.249182">
        <ele>364.000959</ele>
        <time>2026-08-21T14:43:39.402Z</time>
      </trkpt>
      <trkpt lat="-7.393066" lon="108.249167">
        <ele>363.681787</ele>
        <time>2026-08-21T14:43:40.454Z</time>
      </trkpt>
      <trkpt lat="-7.392732" lon="108.249229">
        <ele>362.226828</ele>
        <time>2026-08-21T14:43:45.215Z</time>
      </trkpt>
      <trkpt lat="-7.392616" lon="108.249107">
        <ele>361.508751</ele>
        <time>2026-08-21T14:43:47.627Z</time>
      </trkpt>
      <trkpt lat="-7.392526" lon="108.249194">
        <ele>360.974624</ele>
        <time>2026-08-21T14:43:50.297Z</time>
      </trkpt>
      <trkpt lat="-7.392474" lon="108.249173">
        <ele>360.734645</ele>
        <time>2026-08-21T14:43:51.496Z</time>
      </trkpt>
      <trkpt lat="-7.392421" lon="108.249145">
        <ele>360.478309</ele>
        <time>2026-08-21T14:43:52.776Z</time>
      </trkpt>
      <trkpt lat="-7.392366" lon="108.249119">
        <ele>360.218072</ele>
        <time>2026-08-21T14:43:54.076Z</time>
      </trkpt>
      <trkpt lat="-7.392311" lon="108.249106">
        <ele>360.105483</ele>
        <time>2026-08-21T14:43:55.284Z</time>
      </trkpt>
      <trkpt lat="-7.392254" lon="108.249106">
        <ele>360.067760</ele>
        <time>2026-08-21T14:43:56.504Z</time>
      </trkpt>
      <trkpt lat="-7.392195" lon="108.249116">
        <ele>360.028165</ele>
        <time>2026-08-21T14:43:57.784Z</time>
      </trkpt>
      <trkpt lat="-7.392139" lon="108.249136">
        <ele>359.988847</ele>
        <time>2026-08-21T14:43:59.054Z</time>
      </trkpt>
      <trkpt lat="-7.392085" lon="108.249160">
        <ele>359.949792</ele>
        <time>2026-08-21T14:44:00.317Z</time>
      </trkpt>
      <trkpt lat="-7.392031" lon="108.249177">
        <ele>359.912353</ele>
        <time>2026-08-21T14:44:01.527Z</time>
      </trkpt>
      <trkpt lat="-7.391975" lon="108.249180">
        <ele>359.875239</ele>
        <time>2026-08-21T14:44:02.726Z</time>
      </trkpt>
      <trkpt lat="-7.391925" lon="108.249178">
        <ele>359.842123</ele>
        <time>2026-08-21T14:44:03.796Z</time>
      </trkpt>
      <trkpt lat="-7.391875" lon="108.249175">
        <ele>359.808973</ele>
        <time>2026-08-21T14:44:04.868Z</time>
      </trkpt>
      <trkpt lat="-7.391831" lon="108.249166">
        <ele>359.779260</ele>
        <time>2026-08-21T14:44:05.828Z</time>
      </trkpt>
      <trkpt lat="-7.391782" lon="108.249166">
        <ele>359.746832</ele>
        <time>2026-08-21T14:44:06.876Z</time>
      </trkpt>
      <trkpt lat="-7.391731" lon="108.249175">
        <ele>359.712566</ele>
        <time>2026-08-21T14:44:07.983Z</time>
      </trkpt>
      <trkpt lat="-7.391672" lon="108.249189">
        <ele>359.672452</ele>
        <time>2026-08-21T14:44:09.279Z</time>
      </trkpt>
      <trkpt lat="-7.391504" lon="108.249238">
        <ele>359.556710</ele>
        <time>2026-08-21T14:44:13.019Z</time>
      </trkpt>
      <trkpt lat="-7.391450" lon="108.249250">
        <ele>359.520115</ele>
        <time>2026-08-21T14:44:14.202Z</time>
      </trkpt>
      <trkpt lat="-7.391400" lon="108.249258">
        <ele>359.486610</ele>
        <time>2026-08-21T14:44:15.284Z</time>
      </trkpt>
      <trkpt lat="-7.391348" lon="108.249260">
        <ele>359.452171</ele>
        <time>2026-08-21T14:44:16.397Z</time>
      </trkpt>
      <trkpt lat="-7.391294" lon="108.249258">
        <ele>359.416409</ele>
        <time>2026-08-21T14:44:17.552Z</time>
      </trkpt>
      <trkpt lat="-7.391243" lon="108.249247">
        <ele>359.381893</ele>
        <time>2026-08-21T14:44:18.668Z</time>
      </trkpt>
      <trkpt lat="-7.391201" lon="108.249232">
        <ele>359.352405</ele>
        <time>2026-08-21T14:44:19.620Z</time>
      </trkpt>
      <trkpt lat="-7.391244" lon="108.249093">
        <ele>359.256841</ele>
        <time>2026-08-21T14:44:22.699Z</time>
      </trkpt>
      <trkpt lat="-7.390882" lon="108.248979">
        <ele>359.005853</ele>
        <time>2026-08-21T14:44:32.537Z</time>
      </trkpt>
      <trkpt lat="-7.390408" lon="108.248929">
        <ele>360.015927</ele>
        <time>2026-08-21T14:44:47.666Z</time>
      </trkpt>
      <trkpt lat="-7.390140" lon="108.248854">
        <ele>360.814385</ele>
        <time>2026-08-21T14:44:57.420Z</time>
      </trkpt>
      <trkpt lat="-7.389641" lon="108.248630">
        <ele>362.382455</ele>
        <time>2026-08-21T14:45:16.918Z</time>
      </trkpt>
      <trkpt lat="-7.389494" lon="108.248602">
        <ele>362.811928</ele>
        <time>2026-08-21T14:45:22.142Z</time>
      </trkpt>
      <trkpt lat="-7.388852" lon="108.248565">
        <ele>364.391886</ele>
        <time>2026-08-21T14:45:43.308Z</time>
      </trkpt>
      <trkpt lat="-7.388410" lon="108.248477">
        <ele>365.065869</ele>
        <time>2026-08-21T14:45:56.376Z</time>
      </trkpt>
      <trkpt lat="-7.388232" lon="108.248463">
        <ele>365.332960</ele>
        <time>2026-08-21T14:46:01.167Z</time>
      </trkpt>
      <trkpt lat="-7.387931" lon="108.248503">
        <ele>365.787140</ele>
        <time>2026-08-21T14:46:08.955Z</time>
      </trkpt>
      <trkpt lat="-7.387641" lon="108.248508">
        <ele>366.221034</ele>
        <time>2026-08-21T14:46:15.826Z</time>
      </trkpt>
      <trkpt lat="-7.387290" lon="108.248436">
        <ele>366.756874</ele>
        <time>2026-08-21T14:46:23.832Z</time>
      </trkpt>
      <trkpt lat="-7.387121" lon="108.248345">
        <ele>366.840399</ele>
        <time>2026-08-21T14:46:27.966Z</time>
      </trkpt>
      <trkpt lat="-7.386974" lon="108.248221">
        <ele>366.894613</ele>
        <time>2026-08-21T14:46:32.050Z</time>
      </trkpt>
      <trkpt lat="-7.386802" lon="108.248070">
        <ele>366.959124</ele>
        <time>2026-08-21T14:46:36.862Z</time>
      </trkpt>
      <trkpt lat="-7.386757" lon="108.247987">
        <ele>366.985660</ele>
        <time>2026-08-21T14:46:38.838Z</time>
      </trkpt>
      <trkpt lat="-7.386741" lon="108.247869">
        <ele>367.019070</ele>
        <time>2026-08-21T14:46:41.326Z</time>
      </trkpt>
      <trkpt lat="-7.386774" lon="108.247639">
        <ele>367.084263</ele>
        <time>2026-08-21T14:46:46.149Z</time>
      </trkpt>
      <trkpt lat="-7.386773" lon="108.247387">
        <ele>367.154957</ele>
        <time>2026-08-21T14:46:51.365Z</time>
      </trkpt>
      <trkpt lat="-7.386733" lon="108.247221">
        <ele>367.202880</ele>
        <time>2026-08-21T14:46:54.859Z</time>
      </trkpt>
      <trkpt lat="-7.386556" lon="108.247052">
        <ele>367.271833</ele>
        <time>2026-08-21T14:46:59.854Z</time>
      </trkpt>
      <trkpt lat="-7.386368" lon="108.246967">
        <ele>367.322430</ele>
        <time>2026-08-21T14:47:04.090Z</time>
      </trkpt>
      <trkpt lat="-7.386094" lon="108.246753">
        <ele>367.393828</ele>
        <time>2026-08-21T14:47:11.260Z</time>
      </trkpt>
      <trkpt lat="-7.385968" lon="108.246731">
        <ele>367.420171</ele>
        <time>2026-08-21T14:47:13.943Z</time>
      </trkpt>
      <trkpt lat="-7.385509" lon="108.246734">
        <ele>367.514732</ele>
        <time>2026-08-21T14:47:23.600Z</time>
      </trkpt>
      <trkpt lat="-7.385429" lon="108.246684">
        <ele>367.534121</ele>
        <time>2026-08-21T14:47:25.558Z</time>
      </trkpt>
      <trkpt lat="-7.385370" lon="108.246576">
        <ele>367.559312</ele>
        <time>2026-08-21T14:47:28.091Z</time>
      </trkpt>
      <trkpt lat="-7.385264" lon="108.246472">
        <ele>367.589780</ele>
        <time>2026-08-21T14:47:31.130Z</time>
      </trkpt>
      <trkpt lat="-7.385156" lon="108.246476">
        <ele>367.612044</ele>
        <time>2026-08-21T14:47:33.348Z</time>
      </trkpt>
      <trkpt lat="-7.384789" lon="108.246570">
        <ele>367.698831</ele>
        <time>2026-08-21T14:47:41.155Z</time>
      </trkpt>
      <trkpt lat="-7.384736" lon="108.246277">
        <ele>367.789905</ele>
        <time>2026-08-21T14:47:46.510Z</time>
      </trkpt>
      <trkpt lat="-7.384679" lon="108.246099">
        <ele>367.847102</ele>
        <time>2026-08-21T14:47:49.921Z</time>
      </trkpt>
      <trkpt lat="-7.384597" lon="108.245990">
        <ele>367.888938</ele>
        <time>2026-08-21T14:47:52.427Z</time>
      </trkpt>
      <trkpt lat="-7.383671" lon="108.245058">
        <ele>368.298192</ele>
        <time>2026-08-21T14:48:17.126Z</time>
      </trkpt>
      <trkpt lat="-7.383573" lon="108.244924">
        <ele>368.353648</ele>
        <time>2026-08-21T14:48:20.211Z</time>
      </trkpt>
      <trkpt lat="-7.383432" lon="108.244663">
        <ele>368.452642</ele>
        <time>2026-08-21T14:48:25.637Z</time>
      </trkpt>
      <trkpt lat="-7.383326" lon="108.244289">
        <ele>368.582200</ele>
        <time>2026-08-21T14:48:32.616Z</time>
      </trkpt>
      <trkpt lat="-7.383205" lon="108.243591">
        <ele>368.818213</ele>
        <time>2026-08-21T14:48:45.396Z</time>
      </trkpt>
      <trkpt lat="-7.383037" lon="108.242873">
        <ele>369.237406</ele>
        <time>2026-08-21T14:48:59.813Z</time>
      </trkpt>
      <trkpt lat="-7.383046" lon="108.242771">
        <ele>369.296924</ele>
        <time>2026-08-21T14:49:01.833Z</time>
      </trkpt>
      <trkpt lat="-7.383119" lon="108.242657">
        <ele>369.375795</ele>
        <time>2026-08-21T14:49:04.565Z</time>
      </trkpt>
      <trkpt lat="-7.383297" lon="108.242498">
        <ele>369.515162</ele>
        <time>2026-08-21T14:49:09.443Z</time>
      </trkpt>
      <trkpt lat="-7.383638" lon="108.242186">
        <ele>369.785021</ele>
        <time>2026-08-21T14:49:18.906Z</time>
      </trkpt>
      <trkpt lat="-7.384136" lon="108.241663">
        <ele>369.793860</ele>
        <time>2026-08-21T14:49:32.736Z</time>
      </trkpt>
      <trkpt lat="-7.384499" lon="108.241193">
        <ele>369.695403</ele>
        <time>2026-08-21T14:49:42.481Z</time>
      </trkpt>
      <trkpt lat="-7.384989" lon="108.241174">
        <ele>369.613680</ele>
        <time>2026-08-21T14:49:51.506Z</time>
      </trkpt>
      <trkpt lat="-7.385181" lon="108.241253">
        <ele>369.550030</ele>
        <time>2026-08-21T14:49:55.219Z</time>
      </trkpt>
      <trkpt lat="-7.385444" lon="108.241423">
        <ele>369.258589</ele>
        <time>2026-08-21T14:50:00.751Z</time>
      </trkpt>
      <trkpt lat="-7.385552" lon="108.241543">
        <ele>369.108663</ele>
        <time>2026-08-21T14:50:03.553Z</time>
      </trkpt>
      <trkpt lat="-7.385621" lon="108.241724">
        <ele>368.929259</ele>
        <time>2026-08-21T14:50:06.916Z</time>
      </trkpt>
      <trkpt lat="-7.385653" lon="108.241942">
        <ele>368.725372</ele>
        <time>2026-08-21T14:50:10.749Z</time>
      </trkpt>
      <trkpt lat="-7.385668" lon="108.242324">
        <ele>368.371676</ele>
        <time>2026-08-21T14:50:17.442Z</time>
      </trkpt>
      <trkpt lat="-7.385697" lon="108.242416">
        <ele>368.282363</ele>
        <time>2026-08-21T14:50:19.124Z</time>
      </trkpt>
      <trkpt lat="-7.385815" lon="108.242581">
        <ele>368.094155</ele>
        <time>2026-08-21T14:50:22.741Z</time>
      </trkpt>
      <trkpt lat="-7.386197" lon="108.242944">
        <ele>367.671204</ele>
        <time>2026-08-21T14:50:32.004Z</time>
      </trkpt>
      <trkpt lat="-7.386143" lon="108.242886">
        <ele>367.613813</ele>
        <time>2026-08-21T14:50:33.689Z</time>
      </trkpt>
      <trkpt lat="-7.386153" lon="108.242891">
        <ele>367.605693</ele>
        <time>2026-08-21T14:50:33.928Z</time>
      </trkpt>
      <trkpt lat="-7.386163" lon="108.242902">
        <ele>367.594928</ele>
        <time>2026-08-21T14:50:34.245Z</time>
      </trkpt>
      <trkpt lat="-7.386173" lon="108.242907">
        <ele>367.586808</ele>
        <time>2026-08-21T14:50:34.483Z</time>
      </trkpt>
      <trkpt lat="-7.386182" lon="108.242914">
        <ele>367.578540</ele>
        <time>2026-08-21T14:50:34.726Z</time>
      </trkpt>
      <trkpt lat="-7.386192" lon="108.242919">
        <ele>367.570421</ele>
        <time>2026-08-21T14:50:34.965Z</time>
      </trkpt>
      <trkpt lat="-7.386196" lon="108.242920">
        <ele>367.567423</ele>
        <time>2026-08-21T14:50:35.053Z</time>
      </trkpt>
      <trkpt lat="-7.386194" lon="108.242918">
        <ele>367.565374</ele>
        <time>2026-08-21T14:50:35.113Z</time>
      </trkpt>
      <trkpt lat="-7.386195" lon="108.242919">
        <ele>367.564349</ele>
        <time>2026-08-21T14:50:35.143Z</time>
      </trkpt>
      <trkpt lat="-7.386196" lon="108.242917">
        <ele>367.562733</ele>
        <time>2026-08-21T14:50:35.191Z</time>
      </trkpt>
      <trkpt lat="-7.386198" lon="108.242919">
        <ele>367.560684</ele>
        <time>2026-08-21T14:50:35.251Z</time>
      </trkpt>
      <trkpt lat="-7.386197" lon="108.242925">
        <ele>367.556295</ele>
        <time>2026-08-21T14:50:35.380Z</time>
      </trkpt>
      <trkpt lat="-7.386195" lon="108.242926">
        <ele>367.554671</ele>
        <time>2026-08-21T14:50:35.428Z</time>
      </trkpt>
      <trkpt lat="-7.386193" lon="108.242933">
        <ele>367.549416</ele>
        <time>2026-08-21T14:50:35.582Z</time>
      </trkpt>
      <trkpt lat="-7.386186" lon="108.242939">
        <ele>367.542733</ele>
        <time>2026-08-21T14:50:35.779Z</time>
      </trkpt>
      <trkpt lat="-7.386188" lon="108.242934">
        <ele>367.538844</ele>
        <time>2026-08-21T14:50:35.893Z</time>
      </trkpt>
      <trkpt lat="-7.386196" lon="108.242926">
        <ele>367.530648</ele>
        <time>2026-08-21T14:50:36.134Z</time>
      </trkpt>
      <trkpt lat="-7.386206" lon="108.242908">
        <ele>367.515764</ele>
        <time>2026-08-21T14:50:36.572Z</time>
      </trkpt>
      <trkpt lat="-7.386214" lon="108.242904">
        <ele>367.509268</ele>
        <time>2026-08-21T14:50:36.763Z</time>
      </trkpt>
      <trkpt lat="-7.386233" lon="108.242890">
        <ele>367.492150</ele>
        <time>2026-08-21T14:50:37.266Z</time>
      </trkpt>
      <trkpt lat="-7.386249" lon="108.242887">
        <ele>367.480311</ele>
        <time>2026-08-21T14:50:37.614Z</time>
      </trkpt>
      <trkpt lat="-7.386260" lon="108.242877">
        <ele>367.469538</ele>
        <time>2026-08-21T14:50:37.931Z</time>
      </trkpt>
      <trkpt lat="-7.386259" lon="108.242875">
        <ele>367.467922</ele>
        <time>2026-08-21T14:50:37.978Z</time>
      </trkpt>
      <trkpt lat="-7.386254" lon="108.242874">
        <ele>367.464214</ele>
        <time>2026-08-21T14:50:38.087Z</time>
      </trkpt>
      <trkpt lat="-7.386237" lon="108.242878">
        <ele>367.451515</ele>
        <time>2026-08-21T14:50:38.460Z</time>
      </trkpt>
      <trkpt lat="-7.386229" lon="108.242882">
        <ele>367.445019</ele>
        <time>2026-08-21T14:50:38.651Z</time>
      </trkpt>
      <trkpt lat="-7.386178" lon="108.242931">
        <ele>367.393776</ele>
        <time>2026-08-21T14:50:40.158Z</time>
      </trkpt>
      <trkpt lat="-7.386146" lon="108.242973">
        <ele>367.355567</ele>
        <time>2026-08-21T14:50:41.281Z</time>
      </trkpt>
      <trkpt lat="-7.386102" lon="108.243040">
        <ele>367.297596</ele>
        <time>2026-08-21T14:50:42.985Z</time>
      </trkpt>
      <trkpt lat="-7.386078" lon="108.243072">
        <ele>367.268653</ele>
        <time>2026-08-21T14:50:43.836Z</time>
      </trkpt>
      <trkpt lat="-7.386050" lon="108.243103">
        <ele>367.238404</ele>
        <time>2026-08-21T14:50:44.725Z</time>
      </trkpt>
      <trkpt lat="-7.386018" lon="108.243134">
        <ele>367.206124</ele>
        <time>2026-08-21T14:50:45.674Z</time>
      </trkpt>
      <trkpt lat="-7.385996" lon="108.243161">
        <ele>367.180915</ele>
        <time>2026-08-21T14:50:46.415Z</time>
      </trkpt>
      <trkpt lat="-7.385981" lon="108.243183">
        <ele>367.161655</ele>
        <time>2026-08-21T14:50:46.981Z</time>
      </trkpt>
      <trkpt lat="-7.385972" lon="108.243200">
        <ele>367.147753</ele>
        <time>2026-08-21T14:50:47.390Z</time>
      </trkpt>
      <trkpt lat="-7.385944" lon="108.243259">
        <ele>367.100568</ele>
        <time>2026-08-21T14:50:48.777Z</time>
      </trkpt>
      <trkpt lat="-7.385908" lon="108.243344">
        <ele>367.033890</ele>
        <time>2026-08-21T14:50:50.737Z</time>
      </trkpt>
      <trkpt lat="-7.385892" lon="108.243392">
        <ele>366.997359</ele>
        <time>2026-08-21T14:50:51.811Z</time>
      </trkpt>
      <trkpt lat="-7.385883" lon="108.243431">
        <ele>366.968473</ele>
        <time>2026-08-21T14:50:52.660Z</time>
      </trkpt>
      <trkpt lat="-7.385869" lon="108.243477">
        <ele>366.933761</ele>
        <time>2026-08-21T14:50:53.681Z</time>
      </trkpt>
      <trkpt lat="-7.385848" lon="108.243509">
        <ele>366.906079</ele>
        <time>2026-08-21T14:50:54.494Z</time>
      </trkpt>
      <trkpt lat="-7.385839" lon="108.243518">
        <ele>366.896859</ele>
        <time>2026-08-21T14:50:54.765Z</time>
      </trkpt>
      <trkpt lat="-7.385818" lon="108.243535">
        <ele>366.877269</ele>
        <time>2026-08-21T14:50:55.341Z</time>
      </trkpt>
      <trkpt lat="-7.385773" lon="108.243567">
        <ele>366.837213</ele>
        <time>2026-08-21T14:50:56.519Z</time>
      </trkpt>
      <trkpt lat="-7.385739" lon="108.243600">
        <ele>366.802884</ele>
        <time>2026-08-21T14:50:57.528Z</time>
      </trkpt>
      <trkpt lat="-7.385715" lon="108.243616">
        <ele>366.781955</ele>
        <time>2026-08-21T14:50:58.143Z</time>
      </trkpt>
      <trkpt lat="-7.385692" lon="108.243627">
        <ele>366.763437</ele>
        <time>2026-08-21T14:50:58.688Z</time>
      </trkpt>
      <trkpt lat="-7.385675" lon="108.243632">
        <ele>366.750556</ele>
        <time>2026-08-21T14:50:59.066Z</time>
      </trkpt>
      <trkpt lat="-7.385595" lon="108.243644">
        <ele>366.691720</ele>
        <time>2026-08-21T14:51:00.796Z</time>
      </trkpt>
      <trkpt lat="-7.385517" lon="108.243669">
        <ele>366.632183</ele>
        <time>2026-08-21T14:51:02.546Z</time>
      </trkpt>
      <trkpt lat="-7.385488" lon="108.243681">
        <ele>366.609380</ele>
        <time>2026-08-21T14:51:03.216Z</time>
      </trkpt>
      <trkpt lat="-7.385443" lon="108.243694">
        <ele>366.603307</ele>
        <time>2026-08-21T14:51:04.217Z</time>
      </trkpt>
      <trkpt lat="-7.385444" lon="108.243692">
        <ele>366.603597</ele>
        <time>2026-08-21T14:51:04.265Z</time>
      </trkpt>
      <trkpt lat="-7.385446" lon="108.243692">
        <ele>366.603858</ele>
        <time>2026-08-21T14:51:04.307Z</time>
      </trkpt>
      <trkpt lat="-7.385417" lon="108.243709">
        <ele>366.608235</ele>
        <time>2026-08-21T14:51:05.025Z</time>
      </trkpt>
      <trkpt lat="-7.385384" lon="108.243733">
        <ele>366.613545</ele>
        <time>2026-08-21T14:51:05.895Z</time>
      </trkpt>
      <trkpt lat="-7.385370" lon="108.243737">
        <ele>366.615443</ele>
        <time>2026-08-21T14:51:06.206Z</time>
      </trkpt>
      <trkpt lat="-7.385328" lon="108.243741">
        <ele>366.620948</ele>
        <time>2026-08-21T14:51:07.108Z</time>
      </trkpt>
      <trkpt lat="-7.385308" lon="108.243741">
        <ele>366.623558</ele>
        <time>2026-08-21T14:51:07.536Z</time>
      </trkpt>
      <trkpt lat="-7.385256" lon="108.243750">
        <ele>366.630443</ele>
        <time>2026-08-21T14:51:08.664Z</time>
      </trkpt>
      <trkpt lat="-7.385247" lon="108.243750">
        <ele>366.631617</ele>
        <time>2026-08-21T14:51:08.857Z</time>
      </trkpt>
      <trkpt lat="-7.385230" lon="108.243747">
        <ele>366.633869</ele>
        <time>2026-08-21T14:51:09.226Z</time>
      </trkpt>
      <trkpt lat="-7.385232" lon="108.243747">
        <ele>366.634130</ele>
        <time>2026-08-21T14:51:09.268Z</time>
      </trkpt>
      <trkpt lat="-7.385222" lon="108.243750">
        <ele>366.635492</ele>
        <time>2026-08-21T14:51:09.491Z</time>
      </trkpt>
      <trkpt lat="-7.385219" lon="108.243755">
        <ele>366.636248</ele>
        <time>2026-08-21T14:51:09.615Z</time>
      </trkpt>
      <trkpt lat="-7.385216" lon="108.243749">
        <ele>366.637118</ele>
        <time>2026-08-21T14:51:09.758Z</time>
      </trkpt>
      <trkpt lat="-7.385213" lon="108.243747">
        <ele>366.637587</ele>
        <time>2026-08-21T14:51:09.835Z</time>
      </trkpt>
      <trkpt lat="-7.385194" lon="108.243741">
        <ele>366.640185</ele>
        <time>2026-08-21T14:51:10.261Z</time>
      </trkpt>
      <trkpt lat="-7.385197" lon="108.243740">
        <ele>366.640597</ele>
        <time>2026-08-21T14:51:10.328Z</time>
      </trkpt>
      <trkpt lat="-7.385210" lon="108.243751">
        <ele>366.642812</ele>
        <time>2026-08-21T14:51:10.691Z</time>
      </trkpt>
      <trkpt lat="-7.385216" lon="108.243763">
        <ele>366.644551</ele>
        <time>2026-08-21T14:51:10.976Z</time>
      </trkpt>
      <trkpt lat="-7.385223" lon="108.243769">
        <ele>366.645750</ele>
        <time>2026-08-21T14:51:11.172Z</time>
      </trkpt>
      <trkpt lat="-7.385225" lon="108.243770">
        <ele>366.646041</ele>
        <time>2026-08-21T14:51:11.220Z</time>
      </trkpt>
      <trkpt lat="-7.385231" lon="108.243768">
        <ele>366.646866</ele>
        <time>2026-08-21T14:51:11.355Z</time>
      </trkpt>
      <trkpt lat="-7.385227" lon="108.243770">
        <ele>366.647448</ele>
        <time>2026-08-21T14:51:11.451Z</time>
      </trkpt>
      <trkpt lat="-7.385247" lon="108.243837">
        <ele>366.656503</ele>
        <time>2026-08-21T14:51:12.935Z</time>
      </trkpt>
      <trkpt lat="-7.385241" lon="108.243851">
        <ele>366.658477</ele>
        <time>2026-08-21T14:51:13.258Z</time>
      </trkpt>
      <trkpt lat="-7.385231" lon="108.243850">
        <ele>366.659788</ele>
        <time>2026-08-21T14:51:13.473Z</time>
      </trkpt>
      <trkpt lat="-7.385223" lon="108.243841">
        <ele>366.661352</ele>
        <time>2026-08-21T14:51:13.729Z</time>
      </trkpt>
      <trkpt lat="-7.385222" lon="108.243832">
        <ele>366.662524</ele>
        <time>2026-08-21T14:51:13.921Z</time>
      </trkpt>
      <trkpt lat="-7.385227" lon="108.243816">
        <ele>366.664695</ele>
        <time>2026-08-21T14:51:14.277Z</time>
      </trkpt>
      <trkpt lat="-7.385226" lon="108.243818">
        <ele>366.664985</ele>
        <time>2026-08-21T14:51:14.325Z</time>
      </trkpt>
      <trkpt lat="-7.385225" lon="108.243814">
        <ele>366.665518</ele>
        <time>2026-08-21T14:51:14.412Z</time>
      </trkpt>
      <trkpt lat="-7.385226" lon="108.243808">
        <ele>366.666306</ele>
        <time>2026-08-21T14:51:14.541Z</time>
      </trkpt>
      <trkpt lat="-7.385248" lon="108.243792">
        <ele>366.669845</ele>
        <time>2026-08-21T14:51:15.121Z</time>
      </trkpt>
      <trkpt lat="-7.385260" lon="108.243787">
        <ele>366.671540</ele>
        <time>2026-08-21T14:51:15.399Z</time>
      </trkpt>
      <trkpt lat="-7.385266" lon="108.243781">
        <ele>366.672642</ele>
        <time>2026-08-21T14:51:15.579Z</time>
      </trkpt>
      <trkpt lat="-7.385270" lon="108.243785">
        <ele>366.673377</ele>
        <time>2026-08-21T14:51:15.700Z</time>
      </trkpt>
      <trkpt lat="-7.385269" lon="108.243785">
        <ele>366.673508</ele>
        <time>2026-08-21T14:51:15.721Z</time>
      </trkpt>
      <trkpt lat="-7.385273" lon="108.243780">
        <ele>366.674339</ele>
        <time>2026-08-21T14:51:15.857Z</time>
      </trkpt>
      <trkpt lat="-7.385267" lon="108.243765">
        <ele>366.676432</ele>
        <time>2026-08-21T14:51:16.200Z</time>
      </trkpt>
      <trkpt lat="-7.385255" lon="108.243743">
        <ele>366.679682</ele>
        <time>2026-08-21T14:51:16.733Z</time>
      </trkpt>
      <trkpt lat="-7.385234" lon="108.243722">
        <ele>366.683541</ele>
        <time>2026-08-21T14:51:17.365Z</time>
      </trkpt>
      <trkpt lat="-7.385226" lon="108.243715">
        <ele>366.684923</ele>
        <time>2026-08-21T14:51:17.592Z</time>
      </trkpt>
      <trkpt lat="-7.385209" lon="108.243707">
        <ele>366.687371</ele>
        <time>2026-08-21T14:51:17.993Z</time>
      </trkpt>
      <trkpt lat="-7.385202" lon="108.243706">
        <ele>366.688294</ele>
        <time>2026-08-21T14:51:18.144Z</time>
      </trkpt>
      <trkpt lat="-7.385197" lon="108.243711">
        <ele>366.689212</ele>
        <time>2026-08-21T14:51:18.295Z</time>
      </trkpt>
      <trkpt lat="-7.385211" lon="108.243714">
        <ele>366.691080</ele>
        <time>2026-08-21T14:51:18.601Z</time>
      </trkpt>
      <trkpt lat="-7.385243" lon="108.243711">
        <ele>366.695274</ele>
        <time>2026-08-21T14:51:19.288Z</time>
      </trkpt>
      <trkpt lat="-7.385240" lon="108.243716">
        <ele>366.696030</ele>
        <time>2026-08-21T14:51:19.412Z</time>
      </trkpt>
      <trkpt lat="-7.385246" lon="108.243714">
        <ele>366.696855</ele>
        <time>2026-08-21T14:51:19.547Z</time>
      </trkpt>
      <trkpt lat="-7.385241" lon="108.243725">
        <ele>366.698421</ele>
        <time>2026-08-21T14:51:19.804Z</time>
      </trkpt>
      <trkpt lat="-7.385240" lon="108.243724">
        <ele>366.698604</ele>
        <time>2026-08-21T14:51:19.834Z</time>
      </trkpt>
      <trkpt lat="-7.385241" lon="108.243728">
        <ele>366.699138</ele>
        <time>2026-08-21T14:51:19.921Z</time>
      </trkpt>
      <trkpt lat="-7.385247" lon="108.243733">
        <ele>366.700154</ele>
        <time>2026-08-21T14:51:20.088Z</time>
      </trkpt>
      <trkpt lat="-7.385243" lon="108.243741">
        <ele>366.701313</ele>
        <time>2026-08-21T14:51:20.278Z</time>
      </trkpt>
      <trkpt lat="-7.385245" lon="108.243751">
        <ele>366.702633</ele>
        <time>2026-08-21T14:51:20.494Z</time>
      </trkpt>
      <trkpt lat="-7.385237" lon="108.243753">
        <ele>366.703709</ele>
        <time>2026-08-21T14:51:20.670Z</time>
      </trkpt>
      <trkpt lat="-7.385237" lon="108.243751">
        <ele>366.703968</ele>
        <time>2026-08-21T14:51:20.713Z</time>
      </trkpt>
      <trkpt lat="-7.385229" lon="108.243759">
        <ele>366.705438</ele>
        <time>2026-08-21T14:51:20.954Z</time>
      </trkpt>
      <trkpt lat="-7.385228" lon="108.243757">
        <ele>366.705728</ele>
        <time>2026-08-21T14:51:21.001Z</time>
      </trkpt>
      <trkpt lat="-7.385229" lon="108.243763">
        <ele>366.706515</ele>
        <time>2026-08-21T14:51:21.130Z</time>
      </trkpt>
      <trkpt lat="-7.385226" lon="108.243764">
        <ele>366.706928</ele>
        <time>2026-08-21T14:51:21.198Z</time>
      </trkpt>
      <trkpt lat="-7.385205" lon="108.243762">
        <ele>366.709680</ele>
        <time>2026-08-21T14:51:21.649Z</time>
      </trkpt>
      <trkpt lat="-7.385181" lon="108.243753">
        <ele>366.713021</ele>
        <time>2026-08-21T14:51:22.196Z</time>
      </trkpt>
      <trkpt lat="-7.385166" lon="108.243740">
        <ele>366.715602</ele>
        <time>2026-08-21T14:51:22.619Z</time>
      </trkpt>
      <trkpt lat="-7.385159" lon="108.243730">
        <ele>366.717186</ele>
        <time>2026-08-21T14:51:22.879Z</time>
      </trkpt>
      <trkpt lat="-7.385154" lon="108.243722">
        <ele>366.718410</ele>
        <time>2026-08-21T14:51:23.080Z</time>
      </trkpt>
      <trkpt lat="-7.385153" lon="108.243714">
        <ele>366.719453</ele>
        <time>2026-08-21T14:51:23.251Z</time>
      </trkpt>
      <trkpt lat="-7.385154" lon="108.243710">
        <ele>366.719987</ele>
        <time>2026-08-21T14:51:23.338Z</time>
      </trkpt>
      <trkpt lat="-7.385151" lon="108.243713">
        <ele>366.720539</ele>
        <time>2026-08-21T14:51:23.428Z</time>
      </trkpt>
      <trkpt lat="-7.385159" lon="108.243726">
        <ele>366.722519</ele>
        <time>2026-08-21T14:51:23.753Z</time>
      </trkpt>
      <trkpt lat="-7.385171" lon="108.243736">
        <ele>366.724550</ele>
        <time>2026-08-21T14:51:24.086Z</time>
      </trkpt>
      <trkpt lat="-7.385222" lon="108.243770">
        <ele>366.732528</ele>
        <time>2026-08-21T14:51:25.393Z</time>
      </trkpt>
      <trkpt lat="-7.385236" lon="108.243775">
        <ele>366.734466</ele>
        <time>2026-08-21T14:51:25.711Z</time>
      </trkpt>
      <trkpt lat="-7.385248" lon="108.243775">
        <ele>366.736032</ele>
        <time>2026-08-21T14:51:25.967Z</time>
      </trkpt>
      <trkpt lat="-7.385264" lon="108.243767">
        <ele>366.738362</ele>
        <time>2026-08-21T14:51:26.349Z</time>
      </trkpt>
      <trkpt lat="-7.385270" lon="108.243770">
        <ele>366.739236</ele>
        <time>2026-08-21T14:51:26.493Z</time>
      </trkpt>
      <trkpt lat="-7.385269" lon="108.243776">
        <ele>366.740024</ele>
        <time>2026-08-21T14:51:26.622Z</time>
      </trkpt>
      <trkpt lat="-7.385264" lon="108.243787">
        <ele>366.741589</ele>
        <time>2026-08-21T14:51:26.878Z</time>
      </trkpt>
      <trkpt lat="-7.385263" lon="108.243775">
        <ele>366.743148</ele>
        <time>2026-08-21T14:51:27.134Z</time>
      </trkpt>
      <trkpt lat="-7.385260" lon="108.243773">
        <ele>366.743617</ele>
        <time>2026-08-21T14:51:27.210Z</time>
      </trkpt>
      <trkpt lat="-7.385260" lon="108.243769">
        <ele>366.744135</ele>
        <time>2026-08-21T14:51:27.295Z</time>
      </trkpt>
      <trkpt lat="-7.385246" lon="108.243788">
        <ele>366.747198</ele>
        <time>2026-08-21T14:51:27.797Z</time>
      </trkpt>
      <trkpt lat="-7.385246" lon="108.243796">
        <ele>366.748233</ele>
        <time>2026-08-21T14:51:27.967Z</time>
      </trkpt>
      <trkpt lat="-7.385243" lon="108.243800">
        <ele>366.748882</ele>
        <time>2026-08-21T14:51:28.073Z</time>
      </trkpt>
      <trkpt lat="-7.385234" lon="108.243802">
        <ele>366.750085</ele>
        <time>2026-08-21T14:51:28.270Z</time>
      </trkpt>
      <trkpt lat="-7.385218" lon="108.243795">
        <ele>366.752361</ele>
        <time>2026-08-21T14:51:28.643Z</time>
      </trkpt>
      <trkpt lat="-7.385208" lon="108.243795">
        <ele>366.753666</ele>
        <time>2026-08-21T14:51:28.857Z</time>
      </trkpt>
      <trkpt lat="-7.385194" lon="108.243792">
        <ele>366.755533</ele>
        <time>2026-08-21T14:51:29.163Z</time>
      </trkpt>
      <trkpt lat="-7.385189" lon="108.243795">
        <ele>366.756292</ele>
        <time>2026-08-21T14:51:29.288Z</time>
      </trkpt>
      <trkpt lat="-7.385185" lon="108.243800">
        <ele>366.757124</ele>
        <time>2026-08-21T14:51:29.424Z</time>
      </trkpt>
      <trkpt lat="-7.385194" lon="108.243781">
        <ele>366.759849</ele>
        <time>2026-08-21T14:51:29.870Z</time>
      </trkpt>
      <trkpt lat="-7.385198" lon="108.243781">
        <ele>366.760371</ele>
        <time>2026-08-21T14:51:29.956Z</time>
      </trkpt>
      <trkpt lat="-7.385202" lon="108.243784">
        <ele>366.761021</ele>
        <time>2026-08-21T14:51:30.062Z</time>
      </trkpt>
      <trkpt lat="-7.385210" lon="108.243773">
        <ele>366.762786</ele>
        <time>2026-08-21T14:51:30.352Z</time>
      </trkpt>
      <trkpt lat="-7.385259" lon="108.243780">
        <ele>366.769244</ele>
        <time>2026-08-21T14:51:31.410Z</time>
      </trkpt>
      <trkpt lat="-7.385259" lon="108.243777">
        <ele>366.769632</ele>
        <time>2026-08-21T14:51:31.474Z</time>
      </trkpt>
      <trkpt lat="-7.385259" lon="108.243778">
        <ele>366.769762</ele>
        <time>2026-08-21T14:51:31.495Z</time>
      </trkpt>
      <trkpt lat="-7.385270" lon="108.243755">
        <ele>366.773066</ele>
        <time>2026-08-21T14:51:32.036Z</time>
      </trkpt>
      <trkpt lat="-7.385287" lon="108.243748">
        <ele>366.775462</ele>
        <time>2026-08-21T14:51:32.429Z</time>
      </trkpt>
      <trkpt lat="-7.385295" lon="108.243750">
        <ele>366.776538</ele>
        <time>2026-08-21T14:51:32.605Z</time>
      </trkpt>
      <trkpt lat="-7.385297" lon="108.243758">
        <ele>366.777606</ele>
        <time>2026-08-21T14:51:32.780Z</time>
      </trkpt>
      <trkpt lat="-7.385287" lon="108.243764">
        <ele>366.779124</ele>
        <time>2026-08-21T14:51:33.029Z</time>
      </trkpt>
      <trkpt lat="-7.385067" lon="108.243715">
        <ele>366.808524</ele>
        <time>2026-08-21T14:51:37.847Z</time>
      </trkpt>
      <trkpt lat="-7.384999" lon="108.243713">
        <ele>366.817401</ele>
        <time>2026-08-21T14:51:39.302Z</time>
      </trkpt>
      <trkpt lat="-7.384912" lon="108.243728">
        <ele>366.828919</ele>
        <time>2026-08-21T14:51:41.189Z</time>
      </trkpt>
      <trkpt lat="-7.384841" lon="108.243747">
        <ele>366.827491</ele>
        <time>2026-08-21T14:51:42.760Z</time>
      </trkpt>
      <trkpt lat="-7.384814" lon="108.243746">
        <ele>366.822835</ele>
        <time>2026-08-21T14:51:43.338Z</time>
      </trkpt>
      <trkpt lat="-7.384785" lon="108.243739">
        <ele>366.817697</ele>
        <time>2026-08-21T14:51:43.975Z</time>
      </trkpt>
      <trkpt lat="-7.384754" lon="108.243731">
        <ele>366.812184</ele>
        <time>2026-08-21T14:51:44.659Z</time>
      </trkpt>
      <trkpt lat="-7.384735" lon="108.243721">
        <ele>366.808491</ele>
        <time>2026-08-21T14:51:45.118Z</time>
      </trkpt>
      <trkpt lat="-7.384728" lon="108.243707">
        <ele>366.805812</ele>
        <time>2026-08-21T14:51:45.450Z</time>
      </trkpt>
      <trkpt lat="-7.384730" lon="108.243695">
        <ele>366.803733</ele>
        <time>2026-08-21T14:51:45.708Z</time>
      </trkpt>
      <trkpt lat="-7.384735" lon="108.243680">
        <ele>366.801029</ele>
        <time>2026-08-21T14:51:46.044Z</time>
      </trkpt>
      <trkpt lat="-7.384771" lon="108.243680">
        <ele>366.794826</ele>
        <time>2026-08-21T14:51:46.814Z</time>
      </trkpt>
      <trkpt lat="-7.384780" lon="108.243683">
        <ele>366.793193</ele>
        <time>2026-08-21T14:51:47.016Z</time>
      </trkpt>
      <trkpt lat="-7.384809" lon="108.243705">
        <ele>366.786940</ele>
        <time>2026-08-21T14:51:47.792Z</time>
      </trkpt>
      <trkpt lat="-7.384835" lon="108.243716">
        <ele>366.782081</ele>
        <time>2026-08-21T14:51:48.395Z</time>
      </trkpt>
      <trkpt lat="-7.384860" lon="108.243735">
        <ele>366.776687</ele>
        <time>2026-08-21T14:51:49.065Z</time>
      </trkpt>
      <trkpt lat="-7.384869" lon="108.243747">
        <ele>366.774117</ele>
        <time>2026-08-21T14:51:49.384Z</time>
      </trkpt>
      <trkpt lat="-7.384871" lon="108.243748">
        <ele>366.773732</ele>
        <time>2026-08-21T14:51:49.432Z</time>
      </trkpt>
      <trkpt lat="-7.384874" lon="108.243745">
        <ele>366.773004</ele>
        <time>2026-08-21T14:51:49.522Z</time>
      </trkpt>
      <trkpt lat="-7.384911" lon="108.243759">
        <ele>366.766195</ele>
        <time>2026-08-21T14:51:50.367Z</time>
      </trkpt>
      <trkpt lat="-7.384921" lon="108.243759">
        <ele>366.764472</ele>
        <time>2026-08-21T14:51:50.581Z</time>
      </trkpt>
      <trkpt lat="-7.384927" lon="108.243761">
        <ele>366.763383</ele>
        <time>2026-08-21T14:51:50.716Z</time>
      </trkpt>
      <trkpt lat="-7.384936" lon="108.243754">
        <ele>366.761424</ele>
        <time>2026-08-21T14:51:50.959Z</time>
      </trkpt>
      <trkpt lat="-7.384955" lon="108.243749">
        <ele>366.758041</ele>
        <time>2026-08-21T14:51:51.379Z</time>
      </trkpt>
      <trkpt lat="-7.384989" lon="108.243733">
        <ele>366.751576</ele>
        <time>2026-08-21T14:51:52.181Z</time>
      </trkpt>
      <trkpt lat="-7.384999" lon="108.243722">
        <ele>366.749026</ele>
        <time>2026-08-21T14:51:52.498Z</time>
      </trkpt>
      <trkpt lat="-7.385011" lon="108.243714">
        <ele>366.746548</ele>
        <time>2026-08-21T14:51:52.805Z</time>
      </trkpt>
      <trkpt lat="-7.385032" lon="108.243694">
        <ele>366.741571</ele>
        <time>2026-08-21T14:51:53.423Z</time>
      </trkpt>
      <trkpt lat="-7.385034" lon="108.243693">
        <ele>366.741186</ele>
        <time>2026-08-21T14:51:53.471Z</time>
      </trkpt>
      <trkpt lat="-7.385035" lon="108.243694">
        <ele>366.740943</ele>
        <time>2026-08-21T14:51:53.501Z</time>
      </trkpt>
      <trkpt lat="-7.385037" lon="108.243692">
        <ele>366.740458</ele>
        <time>2026-08-21T14:51:53.561Z</time>
      </trkpt>
      <trkpt lat="-7.385063" lon="108.243682">
        <ele>366.735663</ele>
        <time>2026-08-21T14:51:54.156Z</time>
      </trkpt>
      <trkpt lat="-7.385063" lon="108.243685">
        <ele>366.735151</ele>
        <time>2026-08-21T14:51:54.220Z</time>
      </trkpt>
      <trkpt lat="-7.385075" lon="108.243715">
        <ele>366.729623</ele>
        <time>2026-08-21T14:51:54.906Z</time>
      </trkpt>
      <trkpt lat="-7.385089" lon="108.243726">
        <ele>366.726565</ele>
        <time>2026-08-21T14:51:55.285Z</time>
      </trkpt>
      <trkpt lat="-7.385110" lon="108.243729">
        <ele>366.722911</ele>
        <time>2026-08-21T14:51:55.739Z</time>
      </trkpt>
      <trkpt lat="-7.385116" lon="108.243732">
        <ele>366.721757</ele>
        <time>2026-08-21T14:51:55.882Z</time>
      </trkpt>
      <trkpt lat="-7.385128" lon="108.243742">
        <ele>366.719074</ele>
        <time>2026-08-21T14:51:56.215Z</time>
      </trkpt>
      <trkpt lat="-7.385130" lon="108.243739">
        <ele>366.718457</ele>
        <time>2026-08-21T14:51:56.292Z</time>
      </trkpt>
      <trkpt lat="-7.385121" lon="108.243743">
        <ele>366.716762</ele>
        <time>2026-08-21T14:51:56.502Z</time>
      </trkpt>
      <trkpt lat="-7.385117" lon="108.243747">
        <ele>366.715791</ele>
        <time>2026-08-21T14:51:56.622Z</time>
      </trkpt>
      <trkpt lat="-7.385114" lon="108.243769">
        <ele>366.711997</ele>
        <time>2026-08-21T14:51:57.093Z</time>
      </trkpt>
      <trkpt lat="-7.385116" lon="108.243783">
        <ele>366.709580</ele>
        <time>2026-08-21T14:51:57.393Z</time>
      </trkpt>
      <trkpt lat="-7.385115" lon="108.243783">
        <ele>366.709408</ele>
        <time>2026-08-21T14:51:57.415Z</time>
      </trkpt>
      <trkpt lat="-7.385115" lon="108.243781">
        <ele>366.709066</ele>
        <time>2026-08-21T14:51:57.457Z</time>
      </trkpt>
      <trkpt lat="-7.385115" lon="108.243783">
        <ele>366.708724</ele>
        <time>2026-08-21T14:51:57.499Z</time>
      </trkpt>
      <trkpt lat="-7.385124" lon="108.243769">
        <ele>366.705873</ele>
        <time>2026-08-21T14:51:57.853Z</time>
      </trkpt>
      <trkpt lat="-7.385138" lon="108.243755">
        <ele>366.702476</ele>
        <time>2026-08-21T14:51:58.275Z</time>
      </trkpt>
      <trkpt lat="-7.385142" lon="108.243756">
        <ele>366.701766</ele>
        <time>2026-08-21T14:51:58.363Z</time>
      </trkpt>
      <trkpt lat="-7.385166" lon="108.243750">
        <ele>366.697505</ele>
        <time>2026-08-21T14:51:58.892Z</time>
      </trkpt>
      <trkpt lat="-7.385178" lon="108.243749">
        <ele>366.695431</ele>
        <time>2026-08-21T14:51:59.149Z</time>
      </trkpt>
      <trkpt lat="-7.385184" lon="108.243752">
        <ele>366.694277</ele>
        <time>2026-08-21T14:51:59.292Z</time>
      </trkpt>
      <trkpt lat="-7.385191" lon="108.243727">
        <ele>366.689838</ele>
        <time>2026-08-21T14:51:59.843Z</time>
      </trkpt>
      <trkpt lat="-7.385191" lon="108.243719">
        <ele>366.688471</ele>
        <time>2026-08-21T14:52:00.013Z</time>
      </trkpt>
      <trkpt lat="-7.385201" lon="108.243709">
        <ele>366.686044</ele>
        <time>2026-08-21T14:52:00.314Z</time>
      </trkpt>
      <trkpt lat="-7.385200" lon="108.243707">
        <ele>366.685662</ele>
        <time>2026-08-21T14:52:00.362Z</time>
      </trkpt>
      <trkpt lat="-7.385199" lon="108.243708">
        <ele>366.685419</ele>
        <time>2026-08-21T14:52:00.392Z</time>
      </trkpt>
      <trkpt lat="-7.385200" lon="108.243707">
        <ele>366.685176</ele>
        <time>2026-08-21T14:52:00.422Z</time>
      </trkpt>
      <trkpt lat="-7.385212" lon="108.243739">
        <ele>366.679331</ele>
        <time>2026-08-21T14:52:01.147Z</time>
      </trkpt>
      <trkpt lat="-7.385212" lon="108.243746">
        <ele>366.678134</ele>
        <time>2026-08-21T14:52:01.296Z</time>
      </trkpt>
      <trkpt lat="-7.385192" lon="108.243778">
        <ele>366.671671</ele>
        <time>2026-08-21T14:52:02.098Z</time>
      </trkpt>
      <trkpt lat="-7.385166" lon="108.243761">
        <ele>366.666332</ele>
        <time>2026-08-21T14:52:02.761Z</time>
      </trkpt>
      <trkpt lat="-7.385164" lon="108.243756">
        <ele>366.665411</ele>
        <time>2026-08-21T14:52:02.875Z</time>
      </trkpt>
      <trkpt lat="-7.385167" lon="108.243756">
        <ele>366.664894</ele>
        <time>2026-08-21T14:52:02.939Z</time>
      </trkpt>
      <trkpt lat="-7.385166" lon="108.243756">
        <ele>366.664721</ele>
        <time>2026-08-21T14:52:02.961Z</time>
      </trkpt>
      <trkpt lat="-7.385177" lon="108.243733">
        <ele>366.660358</ele>
        <time>2026-08-21T14:52:03.502Z</time>
      </trkpt>
      <trkpt lat="-7.385183" lon="108.243732">
        <ele>366.659310</ele>
        <time>2026-08-21T14:52:03.632Z</time>
      </trkpt>
      <trkpt lat="-7.385186" lon="108.243737">
        <ele>366.658312</ele>
        <time>2026-08-21T14:52:03.756Z</time>
      </trkpt>
      <trkpt lat="-7.385202" lon="108.243712">
        <ele>366.653228</ele>
        <time>2026-08-21T14:52:04.387Z</time>
      </trkpt>
      <trkpt lat="-7.385207" lon="108.243713">
        <ele>366.652349</ele>
        <time>2026-08-21T14:52:04.496Z</time>
      </trkpt>
      <trkpt lat="-7.385213" lon="108.243716">
        <ele>366.651195</ele>
        <time>2026-08-21T14:52:04.639Z</time>
      </trkpt>
      <trkpt lat="-7.385213" lon="108.243715">
        <ele>366.651025</ele>
        <time>2026-08-21T14:52:04.660Z</time>
      </trkpt>
      <trkpt lat="-7.385199" lon="108.243719">
        <ele>366.648517</ele>
        <time>2026-08-21T14:52:04.972Z</time>
      </trkpt>
      <trkpt lat="-7.385178" lon="108.243722">
        <ele>366.644863</ele>
        <time>2026-08-21T14:52:05.425Z</time>
      </trkpt>
      <trkpt lat="-7.385187" lon="108.243725">
        <ele>366.643230</ele>
        <time>2026-08-21T14:52:05.628Z</time>
      </trkpt>
      <trkpt lat="-7.385186" lon="108.243725">
        <ele>366.643057</ele>
        <time>2026-08-21T14:52:05.649Z</time>
      </trkpt>
      <trkpt lat="-7.385194" lon="108.243724">
        <ele>366.641668</ele>
        <time>2026-08-21T14:52:05.822Z</time>
      </trkpt>
      <trkpt lat="-7.385197" lon="108.243726">
        <ele>366.641049</ele>
        <time>2026-08-21T14:52:05.899Z</time>
      </trkpt>
      <trkpt lat="-7.385209" lon="108.243728">
        <ele>366.638953</ele>
        <time>2026-08-21T14:52:06.159Z</time>
      </trkpt>
      <trkpt lat="-7.385214" lon="108.243727">
        <ele>366.638075</ele>
        <time>2026-08-21T14:52:06.268Z</time>
      </trkpt>
      <trkpt lat="-7.385247" lon="108.243734">
        <ele>366.632264</ele>
        <time>2026-08-21T14:52:06.989Z</time>
      </trkpt>
      <trkpt lat="-7.385248" lon="108.243735">
        <ele>366.632022</ele>
        <time>2026-08-21T14:52:07.019Z</time>
      </trkpt>
      <trkpt lat="-7.385233" lon="108.243723">
        <ele>366.628723</ele>
        <time>2026-08-21T14:52:07.428Z</time>
      </trkpt>
      <trkpt lat="-7.385234" lon="108.243730">
        <ele>366.627514</ele>
        <time>2026-08-21T14:52:07.578Z</time>
      </trkpt>
      <trkpt lat="-7.385244" lon="108.243738">
        <ele>366.625315</ele>
        <time>2026-08-21T14:52:07.851Z</time>
      </trkpt>
      <trkpt lat="-7.385246" lon="108.243742">
        <ele>366.624549</ele>
        <time>2026-08-21T14:52:07.946Z</time>
      </trkpt>
      <trkpt lat="-7.385241" lon="108.243742">
        <ele>366.623688</ele>
        <time>2026-08-21T14:52:08.053Z</time>
      </trkpt>
      <trkpt lat="-7.385253" lon="108.243748">
        <ele>366.621380</ele>
        <time>2026-08-21T14:52:08.340Z</time>
      </trkpt>
      <trkpt lat="-7.385253" lon="108.243745">
        <ele>366.620867</ele>
        <time>2026-08-21T14:52:08.403Z</time>
      </trkpt>
      <trkpt lat="-7.385250" lon="108.243744">
        <ele>366.620323</ele>
        <time>2026-08-21T14:52:08.471Z</time>
      </trkpt>
      <trkpt lat="-7.385248" lon="108.243748">
        <ele>366.619557</ele>
        <time>2026-08-21T14:52:08.566Z</time>
      </trkpt>
      <trkpt lat="-7.385247" lon="108.243758">
        <ele>366.617840</ele>
        <time>2026-08-21T14:52:08.779Z</time>
      </trkpt>
      <trkpt lat="-7.385251" lon="108.243782">
        <ele>366.613682</ele>
        <time>2026-08-21T14:52:09.295Z</time>
      </trkpt>
      <trkpt lat="-7.385276" lon="108.243732">
        <ele>366.604113</ele>
        <time>2026-08-21T14:52:10.483Z</time>
      </trkpt>
      <trkpt lat="-7.385281" lon="108.243718">
        <ele>366.601571</ele>
        <time>2026-08-21T14:52:10.798Z</time>
      </trkpt>
      <trkpt lat="-7.385285" lon="108.243704">
        <ele>366.599081</ele>
        <time>2026-08-21T14:52:11.107Z</time>
      </trkpt>
      <trkpt lat="-7.385298" lon="108.243622">
        <ele>366.584892</ele>
        <time>2026-08-21T14:52:12.868Z</time>
      </trkpt>
      <trkpt lat="-7.385297" lon="108.243625">
        <ele>366.584351</ele>
        <time>2026-08-21T14:52:12.935Z</time>
      </trkpt>
      <trkpt lat="-7.385298" lon="108.243624">
        <ele>366.584108</ele>
        <time>2026-08-21T14:52:12.965Z</time>
      </trkpt>
      <trkpt lat="-7.385297" lon="108.243624">
        <ele>366.583936</ele>
        <time>2026-08-21T14:52:12.987Z</time>
      </trkpt>
      <trkpt lat="-7.385319" lon="108.243658">
        <ele>366.576999</ele>
        <time>2026-08-21T14:52:13.848Z</time>
      </trkpt>
      <trkpt lat="-7.385325" lon="108.243656">
        <ele>366.575910</ele>
        <time>2026-08-21T14:52:13.983Z</time>
      </trkpt>
      <trkpt lat="-7.385326" lon="108.243654">
        <ele>366.575527</ele>
        <time>2026-08-21T14:52:14.030Z</time>
      </trkpt>
      <trkpt lat="-7.385315" lon="108.243637">
        <ele>366.572059</ele>
        <time>2026-08-21T14:52:14.461Z</time>
      </trkpt>
      <trkpt lat="-7.385310" lon="108.243634">
        <ele>366.571057</ele>
        <time>2026-08-21T14:52:14.585Z</time>
      </trkpt>
      <trkpt lat="-7.385311" lon="108.243622">
        <ele>366.568999</ele>
        <time>2026-08-21T14:52:14.841Z</time>
      </trkpt>
      <trkpt lat="-7.385282" lon="108.243613">
        <ele>366.563771</ele>
        <time>2026-08-21T14:52:15.489Z</time>
      </trkpt>
      <trkpt lat="-7.385268" lon="108.243611">
        <ele>366.561334</ele>
        <time>2026-08-21T14:52:15.792Z</time>
      </trkpt>
      <trkpt lat="-7.385265" lon="108.243610">
        <ele>366.560790</ele>
        <time>2026-08-21T14:52:15.859Z</time>
      </trkpt>
      <trkpt lat="-7.385266" lon="108.243608">
        <ele>366.560407</ele>
        <time>2026-08-21T14:52:15.907Z</time>
      </trkpt>
      <trkpt lat="-7.385259" lon="108.243617">
        <ele>366.558453</ele>
        <time>2026-08-21T14:52:16.149Z</time>
      </trkpt>
      <trkpt lat="-7.385261" lon="108.243618">
        <ele>366.558068</ele>
        <time>2026-08-21T14:52:16.197Z</time>
      </trkpt>
      <trkpt lat="-7.385258" lon="108.243640">
        <ele>366.554274</ele>
        <time>2026-08-21T14:52:16.668Z</time>
      </trkpt>
      <trkpt lat="-7.385262" lon="108.243683">
        <ele>366.546894</ele>
        <time>2026-08-21T14:52:17.584Z</time>
      </trkpt>
      <trkpt lat="-7.385269" lon="108.243707">
        <ele>366.542619</ele>
        <time>2026-08-21T14:52:18.114Z</time>
      </trkpt>
      <trkpt lat="-7.385269" lon="108.243720">
        <ele>366.540398</ele>
        <time>2026-08-21T14:52:18.390Z</time>
      </trkpt>
      <trkpt lat="-7.385270" lon="108.243716">
        <ele>366.539693</ele>
        <time>2026-08-21T14:52:18.478Z</time>
      </trkpt>
      <trkpt lat="-7.385273" lon="108.243718">
        <ele>366.539073</ele>
        <time>2026-08-21T14:52:18.555Z</time>
      </trkpt>
      <trkpt lat="-7.385273" lon="108.243729">
        <ele>366.537194</ele>
        <time>2026-08-21T14:52:18.788Z</time>
      </trkpt>
      <trkpt lat="-7.385268" lon="108.243745">
        <ele>366.534327</ele>
        <time>2026-08-21T14:52:19.144Z</time>
      </trkpt>
      <trkpt lat="-7.385270" lon="108.243757">
        <ele>366.532248</ele>
        <time>2026-08-21T14:52:19.402Z</time>
      </trkpt>
      <trkpt lat="-7.385268" lon="108.243756">
        <ele>366.531863</ele>
        <time>2026-08-21T14:52:19.449Z</time>
      </trkpt>
      <trkpt lat="-7.385266" lon="108.243758">
        <ele>366.531378</ele>
        <time>2026-08-21T14:52:19.510Z</time>
      </trkpt>
      <trkpt lat="-7.385266" lon="108.243756">
        <ele>366.531036</ele>
        <time>2026-08-21T14:52:19.552Z</time>
      </trkpt>
      <trkpt lat="-7.385268" lon="108.243755">
        <ele>366.530652</ele>
        <time>2026-08-21T14:52:19.600Z</time>
      </trkpt>
      <trkpt lat="-7.385269" lon="108.243759">
        <ele>366.529947</ele>
        <time>2026-08-21T14:52:19.687Z</time>
      </trkpt>
      <trkpt lat="-7.385268" lon="108.243757">
        <ele>366.529564</ele>
        <time>2026-08-21T14:52:19.735Z</time>
      </trkpt>
      <trkpt lat="-7.385295" lon="108.243748">
        <ele>366.524664</ele>
        <time>2026-08-21T14:52:20.343Z</time>
      </trkpt>
      <trkpt lat="-7.385300" lon="108.243745">
        <ele>366.523842</ele>
        <time>2026-08-21T14:52:20.467Z</time>
      </trkpt>
      <trkpt lat="-7.385305" lon="108.243746">
        <ele>366.523816</ele>
        <time>2026-08-21T14:52:20.576Z</time>
      </trkpt>
      <trkpt lat="-7.385300" lon="108.243762">
        <ele>366.523732</ele>
        <time>2026-08-21T14:52:20.932Z</time>
      </trkpt>
      <trkpt lat="-7.385294" lon="108.243801">
        <ele>366.523533</ele>
        <time>2026-08-21T14:52:21.769Z</time>
      </trkpt>
      <trkpt lat="-7.385290" lon="108.243807">
        <ele>366.523496</ele>
        <time>2026-08-21T14:52:21.922Z</time>
      </trkpt>
      <trkpt lat="-7.385287" lon="108.243807">
        <ele>366.523481</ele>
        <time>2026-08-21T14:52:21.986Z</time>
      </trkpt>
      <trkpt lat="-7.385280" lon="108.243798">
        <ele>366.523423</ele>
        <time>2026-08-21T14:52:22.229Z</time>
      </trkpt>
      <trkpt lat="-7.385274" lon="108.243775">
        <ele>366.523303</ele>
        <time>2026-08-21T14:52:22.733Z</time>
      </trkpt>
      <trkpt lat="-7.385277" lon="108.243760">
        <ele>366.523226</ele>
        <time>2026-08-21T14:52:23.058Z</time>
      </trkpt>
      <trkpt lat="-7.385288" lon="108.243727">
        <ele>366.523051</ele>
        <time>2026-08-21T14:52:23.796Z</time>
      </trkpt>
      <trkpt lat="-7.385301" lon="108.243697">
        <ele>366.522886</ele>
        <time>2026-08-21T14:52:24.490Z</time>
      </trkpt>
      <trkpt lat="-7.385307" lon="108.243693">
        <ele>366.522849</ele>
        <time>2026-08-21T14:52:24.644Z</time>
      </trkpt>
      <trkpt lat="-7.385307" lon="108.243700">
        <ele>366.522814</ele>
        <time>2026-08-21T14:52:24.793Z</time>
      </trkpt>
      <trkpt lat="-7.385305" lon="108.243699">
        <ele>366.522803</ele>
        <time>2026-08-21T14:52:24.840Z</time>
      </trkpt>
      <trkpt lat="-7.385307" lon="108.243702">
        <ele>366.522784</ele>
        <time>2026-08-21T14:52:24.917Z</time>
      </trkpt>
      <trkpt lat="-7.385302" lon="108.243699">
        <ele>366.522755</ele>
        <time>2026-08-21T14:52:25.041Z</time>
      </trkpt>
      <trkpt lat="-7.385301" lon="108.243695">
        <ele>366.522734</ele>
        <time>2026-08-21T14:52:25.129Z</time>
      </trkpt>
      <trkpt lat="-7.385284" lon="108.243713">
        <ele>366.522609</ele>
        <time>2026-08-21T14:52:25.656Z</time>
      </trkpt>
      <trkpt lat="-7.385278" lon="108.243722">
        <ele>366.522554</ele>
        <time>2026-08-21T14:52:25.886Z</time>
      </trkpt>
      <trkpt lat="-7.385265" lon="108.243757">
        <ele>366.522366</ele>
        <time>2026-08-21T14:52:26.679Z</time>
      </trkpt>
      <trkpt lat="-7.385266" lon="108.243758">
        <ele>366.522358</ele>
        <time>2026-08-21T14:52:26.709Z</time>
      </trkpt>
      <trkpt lat="-7.385256" lon="108.243769">
        <ele>366.522283</ele>
        <time>2026-08-21T14:52:27.025Z</time>
      </trkpt>
      <trkpt lat="-7.385242" lon="108.243794">
        <ele>366.522138</ele>
        <time>2026-08-21T14:52:27.634Z</time>
      </trkpt>
      <trkpt lat="-7.385235" lon="108.243800">
        <ele>366.522092</ele>
        <time>2026-08-21T14:52:27.831Z</time>
      </trkpt>
      <trkpt lat="-7.385232" lon="108.243800">
        <ele>366.522077</ele>
        <time>2026-08-21T14:52:27.895Z</time>
      </trkpt>
      <trkpt lat="-7.385232" lon="108.243798">
        <ele>366.522066</ele>
        <time>2026-08-21T14:52:27.937Z</time>
      </trkpt>
      <trkpt lat="-7.385237" lon="108.243803">
        <ele>366.522031</ele>
        <time>2026-08-21T14:52:28.088Z</time>
      </trkpt>
      <trkpt lat="-7.385247" lon="108.243807">
        <ele>366.521976</ele>
        <time>2026-08-21T14:52:28.318Z</time>
      </trkpt>
      <trkpt lat="-7.385249" lon="108.243809">
        <ele>366.521962</ele>
        <time>2026-08-21T14:52:28.378Z</time>
      </trkpt>
      <trkpt lat="-7.385247" lon="108.243810">
        <ele>366.521950</ele>
        <time>2026-08-21T14:52:28.426Z</time>
      </trkpt>
      <trkpt lat="-7.385250" lon="108.243810">
        <ele>366.521935</ele>
        <time>2026-08-21T14:52:28.490Z</time>
      </trkpt>
      <trkpt lat="-7.385252" lon="108.243807">
        <ele>366.521917</ele>
        <time>2026-08-21T14:52:28.567Z</time>
      </trkpt>
      <trkpt lat="-7.385251" lon="108.243801">
        <ele>366.521886</ele>
        <time>2026-08-21T14:52:28.696Z</time>
      </trkpt>
      <trkpt lat="-7.385256" lon="108.243800">
        <ele>366.521860</ele>
        <time>2026-08-21T14:52:28.805Z</time>
      </trkpt>
      <trkpt lat="-7.385257" lon="108.243796">
        <ele>366.521839</ele>
        <time>2026-08-21T14:52:28.892Z</time>
      </trkpt>
      <trkpt lat="-7.385256" lon="108.243796">
        <ele>366.521834</ele>
        <time>2026-08-21T14:52:28.913Z</time>
      </trkpt>
      <trkpt lat="-7.385269" lon="108.243814">
        <ele>366.521722</ele>
        <time>2026-08-21T14:52:29.386Z</time>
      </trkpt>
      <trkpt lat="-7.385267" lon="108.243812">
        <ele>366.521708</ele>
        <time>2026-08-21T14:52:29.446Z</time>
      </trkpt>
      <trkpt lat="-7.385269" lon="108.243759">
        <ele>366.521440</ele>
        <time>2026-08-21T14:52:30.571Z</time>
      </trkpt>
      <trkpt lat="-7.385276" lon="108.243755">
        <ele>366.521400</ele>
        <time>2026-08-21T14:52:30.743Z</time>
      </trkpt>
      <trkpt lat="-7.385304" lon="108.243759">
        <ele>366.521256</ele>
        <time>2026-08-21T14:52:31.347Z</time>
      </trkpt>
      <trkpt lat="-7.385317" lon="108.243758">
        <ele>366.521190</ele>
        <time>2026-08-21T14:52:31.626Z</time>
      </trkpt>
      <trkpt lat="-7.385314" lon="108.243754">
        <ele>366.521164</ele>
        <time>2026-08-21T14:52:31.733Z</time>
      </trkpt>
      <trkpt lat="-7.385309" lon="108.243753">
        <ele>366.521138</ele>
        <time>2026-08-21T14:52:31.842Z</time>
      </trkpt>
      <trkpt lat="-7.385307" lon="108.243748">
        <ele>366.521111</ele>
        <time>2026-08-21T14:52:31.956Z</time>
      </trkpt>
      <trkpt lat="-7.385303" lon="108.243729">
        <ele>366.521013</ele>
        <time>2026-08-21T14:52:32.368Z</time>
      </trkpt>
      <trkpt lat="-7.385302" lon="108.243704">
        <ele>366.520887</ele>
        <time>2026-08-21T14:52:32.898Z</time>
      </trkpt>
      <trkpt lat="-7.385292" lon="108.243716">
        <ele>366.520808</ele>
        <time>2026-08-21T14:52:33.231Z</time>
      </trkpt>
      <trkpt lat="-7.385283" lon="108.243720">
        <ele>366.520758</ele>
        <time>2026-08-21T14:52:33.441Z</time>
      </trkpt>
      <trkpt lat="-7.385274" lon="108.243727">
        <ele>366.520700</ele>
        <time>2026-08-21T14:52:33.684Z</time>
      </trkpt>
      <trkpt lat="-7.385270" lon="108.243735">
        <ele>366.520655</ele>
        <time>2026-08-21T14:52:33.874Z</time>
      </trkpt>
      <trkpt lat="-7.385269" lon="108.243741">
        <ele>366.520625</ele>
        <time>2026-08-21T14:52:34.003Z</time>
      </trkpt>
      <trkpt lat="-7.385269" lon="108.243738">
        <ele>366.520609</ele>
        <time>2026-08-21T14:52:34.067Z</time>
      </trkpt>
      <trkpt lat="-7.385267" lon="108.243736">
        <ele>366.520595</ele>
        <time>2026-08-21T14:52:34.127Z</time>
      </trkpt>
      <trkpt lat="-7.385269" lon="108.243735">
        <ele>366.520584</ele>
        <time>2026-08-21T14:52:34.175Z</time>
      </trkpt>
      <trkpt lat="-7.385267" lon="108.243736">
        <ele>366.520572</ele>
        <time>2026-08-21T14:52:34.223Z</time>
      </trkpt>
      <trkpt lat="-7.385268" lon="108.243735">
        <ele>366.520565</ele>
        <time>2026-08-21T14:52:34.253Z</time>
      </trkpt>
      <trkpt lat="-7.385266" lon="108.243744">
        <ele>366.520519</ele>
        <time>2026-08-21T14:52:34.448Z</time>
      </trkpt>
      <trkpt lat="-7.385267" lon="108.243746">
        <ele>366.520507</ele>
        <time>2026-08-21T14:52:34.496Z</time>
      </trkpt>
      <trkpt lat="-7.385265" lon="108.243751">
        <ele>366.520480</ele>
        <time>2026-08-21T14:52:34.610Z</time>
      </trkpt>
      <trkpt lat="-7.385315" lon="108.243763">
        <ele>366.520219</ele>
        <time>2026-08-21T14:52:35.709Z</time>
      </trkpt>
      <trkpt lat="-7.385317" lon="108.243757">
        <ele>366.520187</ele>
        <time>2026-08-21T14:52:35.843Z</time>
      </trkpt>
      <trkpt lat="-7.385319" lon="108.243759">
        <ele>366.520173</ele>
        <time>2026-08-21T14:52:35.904Z</time>
      </trkpt>
      <trkpt lat="-7.385292" lon="108.243777">
        <ele>366.520008</ele>
        <time>2026-08-21T14:52:36.596Z</time>
      </trkpt>
      <trkpt lat="-7.385289" lon="108.243774">
        <ele>366.519987</ele>
        <time>2026-08-21T14:52:36.686Z</time>
      </trkpt>
      <trkpt lat="-7.385288" lon="108.243776">
        <ele>366.519976</ele>
        <time>2026-08-21T14:52:36.734Z</time>
      </trkpt>
      <trkpt lat="-7.385289" lon="108.243775">
        <ele>366.519968</ele>
        <time>2026-08-21T14:52:36.764Z</time>
      </trkpt>
      <trkpt lat="-7.385288" lon="108.243776">
        <ele>366.519961</ele>
        <time>2026-08-21T14:52:36.794Z</time>
      </trkpt>
      <trkpt lat="-7.385289" lon="108.243782">
        <ele>366.519931</ele>
        <time>2026-08-21T14:52:36.923Z</time>
      </trkpt>
      <trkpt lat="-7.385279" lon="108.243796">
        <ele>366.519844</ele>
        <time>2026-08-21T14:52:37.289Z</time>
      </trkpt>
      <trkpt lat="-7.385282" lon="108.243795">
        <ele>366.519828</ele>
        <time>2026-08-21T14:52:37.356Z</time>
      </trkpt>
      <trkpt lat="-7.385281" lon="108.243796">
        <ele>366.519820</ele>
        <time>2026-08-21T14:52:37.387Z</time>
      </trkpt>
      <trkpt lat="-7.385282" lon="108.243795">
        <ele>366.519813</ele>
        <time>2026-08-21T14:52:37.417Z</time>
      </trkpt>
      <trkpt lat="-7.385234" lon="108.243777">
        <ele>366.519553</ele>
        <time>2026-08-21T14:52:38.512Z</time>
      </trkpt>
      <trkpt lat="-7.385228" lon="108.243779">
        <ele>366.519521</ele>
        <time>2026-08-21T14:52:38.647Z</time>
      </trkpt>
      <trkpt lat="-7.385221" lon="108.243776">
        <ele>366.519482</ele>
        <time>2026-08-21T14:52:38.810Z</time>
      </trkpt>
      <trkpt lat="-7.385208" lon="108.243776">
        <ele>366.519416</ele>
        <time>2026-08-21T14:52:39.087Z</time>
      </trkpt>
      <trkpt lat="-7.385208" lon="108.243772">
        <ele>366.519396</ele>
        <time>2026-08-21T14:52:39.172Z</time>
      </trkpt>
      <trkpt lat="-7.385228" lon="108.243746">
        <ele>366.519230</ele>
        <time>2026-08-21T14:52:39.870Z</time>
      </trkpt>
      <trkpt lat="-7.385227" lon="108.243745">
        <ele>366.519223</ele>
        <time>2026-08-21T14:52:39.900Z</time>
      </trkpt>
      <trkpt lat="-7.385232" lon="108.243740">
        <ele>366.519187</ele>
        <time>2026-08-21T14:52:40.051Z</time>
      </trkpt>
      <trkpt lat="-7.385231" lon="108.243740">
        <ele>366.519182</ele>
        <time>2026-08-21T14:52:40.072Z</time>
      </trkpt>
      <trkpt lat="-7.385232" lon="108.243743">
        <ele>366.519166</ele>
        <time>2026-08-21T14:52:40.139Z</time>
      </trkpt>
      <trkpt lat="-7.385231" lon="108.243743">
        <ele>366.519161</ele>
        <time>2026-08-21T14:52:40.161Z</time>
      </trkpt>
      <trkpt lat="-7.385234" lon="108.243742">
        <ele>366.519145</ele>
        <time>2026-08-21T14:52:40.228Z</time>
      </trkpt>
      <trkpt lat="-7.385233" lon="108.243740">
        <ele>366.519134</ele>
        <time>2026-08-21T14:52:40.276Z</time>
      </trkpt>
      <trkpt lat="-7.385235" lon="108.243742">
        <ele>366.519119</ele>
        <time>2026-08-21T14:52:40.336Z</time>
      </trkpt>
      <trkpt lat="-7.385218" lon="108.243741">
        <ele>366.519033</ele>
        <time>2026-08-21T14:52:40.700Z</time>
      </trkpt>
      <trkpt lat="-7.385218" lon="108.243735">
        <ele>366.519002</ele>
        <time>2026-08-21T14:52:40.827Z</time>
      </trkpt>
      <trkpt lat="-7.385207" lon="108.243749">
        <ele>366.518912</ele>
        <time>2026-08-21T14:52:41.206Z</time>
      </trkpt>
      <trkpt lat="-7.385197" lon="108.243767">
        <ele>366.518808</ele>
        <time>2026-08-21T14:52:41.644Z</time>
      </trkpt>
      <trkpt lat="-7.385183" lon="108.243783">
        <ele>366.518701</ele>
        <time>2026-08-21T14:52:42.096Z</time>
      </trkpt>
      <trkpt lat="-7.385184" lon="108.243780">
        <ele>366.518685</ele>
        <time>2026-08-21T14:52:42.163Z</time>
      </trkpt>
      <trkpt lat="-7.385185" lon="108.243780">
        <ele>366.518680</ele>
        <time>2026-08-21T14:52:42.185Z</time>
      </trkpt>
      <trkpt lat="-7.385181" lon="108.243786">
        <ele>366.518643</ele>
        <time>2026-08-21T14:52:42.338Z</time>
      </trkpt>
      <trkpt lat="-7.385179" lon="108.243779">
        <ele>366.518607</ele>
        <time>2026-08-21T14:52:42.493Z</time>
      </trkpt>
      <trkpt lat="-7.385177" lon="108.243752">
        <ele>366.518470</ele>
        <time>2026-08-21T14:52:43.067Z</time>
      </trkpt>
      <trkpt lat="-7.385181" lon="108.243723">
        <ele>366.518323</ele>
        <time>2026-08-21T14:52:43.688Z</time>
      </trkpt>
      <trkpt lat="-7.385179" lon="108.243742">
        <ele>366.518226</ele>
        <time>2026-08-21T14:52:44.093Z</time>
      </trkpt>
      <trkpt lat="-7.385181" lon="108.243742">
        <ele>366.518216</ele>
        <time>2026-08-21T14:52:44.136Z</time>
      </trkpt>
      <trkpt lat="-7.385182" lon="108.243731">
        <ele>366.518160</ele>
        <time>2026-08-21T14:52:44.370Z</time>
      </trkpt>
      <trkpt lat="-7.385180" lon="108.243725">
        <ele>366.518129</ele>
        <time>2026-08-21T14:52:44.504Z</time>
      </trkpt>
      <trkpt lat="-7.385175" lon="108.243720">
        <ele>366.518093</ele>
        <time>2026-08-21T14:52:44.655Z</time>
      </trkpt>
      <trkpt lat="-7.385171" lon="108.243704">
        <ele>366.518010</ele>
        <time>2026-08-21T14:52:45.005Z</time>
      </trkpt>
      <trkpt lat="-7.385193" lon="108.243710">
        <ele>366.517894</ele>
        <time>2026-08-21T14:52:45.492Z</time>
      </trkpt>
      <trkpt lat="-7.385194" lon="108.243709">
        <ele>366.517887</ele>
        <time>2026-08-21T14:52:45.522Z</time>
      </trkpt>
      <trkpt lat="-7.385194" lon="108.243711">
        <ele>366.517876</ele>
        <time>2026-08-21T14:52:45.564Z</time>
      </trkpt>
      <trkpt lat="-7.385194" lon="108.243710">
        <ele>366.517871</ele>
        <time>2026-08-21T14:52:45.586Z</time>
      </trkpt>
      <trkpt lat="-7.385200" lon="108.243713">
        <ele>366.517837</ele>
        <time>2026-08-21T14:52:45.729Z</time>
      </trkpt>
      <trkpt lat="-7.385201" lon="108.243717">
        <ele>366.517817</ele>
        <time>2026-08-21T14:52:45.816Z</time>
      </trkpt>
      <trkpt lat="-7.385203" lon="108.243718">
        <ele>366.517805</ele>
        <time>2026-08-21T14:52:45.864Z</time>
      </trkpt>
      <trkpt lat="-7.385205" lon="108.243716">
        <ele>366.517791</ele>
        <time>2026-08-21T14:52:45.924Z</time>
      </trkpt>
      <trkpt lat="-7.385225" lon="108.243716">
        <ele>366.517689</ele>
        <time>2026-08-21T14:52:46.352Z</time>
      </trkpt>
      <trkpt lat="-7.385231" lon="108.243724">
        <ele>366.517639</ele>
        <time>2026-08-21T14:52:46.565Z</time>
      </trkpt>
      <trkpt lat="-7.385251" lon="108.243733">
        <ele>366.517527</ele>
        <time>2026-08-21T14:52:47.033Z</time>
      </trkpt>
      <trkpt lat="-7.385254" lon="108.243733">
        <ele>366.517512</ele>
        <time>2026-08-21T14:52:47.097Z</time>
      </trkpt>
      <trkpt lat="-7.385252" lon="108.243733">
        <ele>366.517502</ele>
        <time>2026-08-21T14:52:47.140Z</time>
      </trkpt>
      <trkpt lat="-7.385253" lon="108.243732">
        <ele>366.517495</ele>
        <time>2026-08-21T14:52:47.170Z</time>
      </trkpt>
      <trkpt lat="-7.385247" lon="108.243734">
        <ele>366.517463</ele>
        <time>2026-08-21T14:52:47.305Z</time>
      </trkpt>
      <trkpt lat="-7.385242" lon="108.243739">
        <ele>366.517427</ele>
        <time>2026-08-21T14:52:47.456Z</time>
      </trkpt>
      <trkpt lat="-7.385235" lon="108.243748">
        <ele>366.517369</ele>
        <time>2026-08-21T14:52:47.698Z</time>
      </trkpt>
      <trkpt lat="-7.385234" lon="108.243755">
        <ele>366.517334</ele>
        <time>2026-08-21T14:52:47.848Z</time>
      </trkpt>
      <trkpt lat="-7.385236" lon="108.243765">
        <ele>366.517282</ele>
        <time>2026-08-21T14:52:48.065Z</time>
      </trkpt>
      <trkpt lat="-7.385240" lon="108.243771">
        <ele>366.517246</ele>
        <time>2026-08-21T14:52:48.218Z</time>
      </trkpt>
      <trkpt lat="-7.385246" lon="108.243788">
        <ele>366.517155</ele>
        <time>2026-08-21T14:52:48.601Z</time>
      </trkpt>
      <trkpt lat="-7.385249" lon="108.243782">
        <ele>366.517121</ele>
        <time>2026-08-21T14:52:48.743Z</time>
      </trkpt>
      <trkpt lat="-7.385250" lon="108.243783">
        <ele>366.517114</ele>
        <time>2026-08-21T14:52:48.773Z</time>
      </trkpt>
      <trkpt lat="-7.385249" lon="108.243783">
        <ele>366.517109</ele>
        <time>2026-08-21T14:52:48.795Z</time>
      </trkpt>
      <trkpt lat="-7.385251" lon="108.243781">
        <ele>366.517094</ele>
        <time>2026-08-21T14:52:48.855Z</time>
      </trkpt>
      <trkpt lat="-7.385247" lon="108.243770">
        <ele>366.517035</ele>
        <time>2026-08-21T14:52:49.103Z</time>
      </trkpt>
      <trkpt lat="-7.385249" lon="108.243766">
        <ele>366.517013</ele>
        <time>2026-08-21T14:52:49.198Z</time>
      </trkpt>
      <trkpt lat="-7.385246" lon="108.243765">
        <ele>366.516997</ele>
        <time>2026-08-21T14:52:49.266Z</time>
      </trkpt>
      <trkpt lat="-7.385244" lon="108.243770">
        <ele>366.516969</ele>
        <time>2026-08-21T14:52:49.380Z</time>
      </trkpt>
      <trkpt lat="-7.385245" lon="108.243784">
        <ele>366.516899</ele>
        <time>2026-08-21T14:52:49.678Z</time>
      </trkpt>
      <trkpt lat="-7.385247" lon="108.243787">
        <ele>366.516880</ele>
        <time>2026-08-21T14:52:49.755Z</time>
      </trkpt>
      <trkpt lat="-7.385243" lon="108.243782">
        <ele>366.516848</ele>
        <time>2026-08-21T14:52:49.891Z</time>
      </trkpt>
      <trkpt lat="-7.385244" lon="108.243783">
        <ele>366.516841</ele>
        <time>2026-08-21T14:52:49.921Z</time>
      </trkpt>
      <trkpt lat="-7.385243" lon="108.243785">
        <ele>366.516830</ele>
        <time>2026-08-21T14:52:49.968Z</time>
      </trkpt>
      <trkpt lat="-7.385244" lon="108.243784">
        <ele>366.516823</ele>
        <time>2026-08-21T14:52:49.999Z</time>
      </trkpt>
      <trkpt lat="-7.385226" lon="108.243807">
        <ele>366.516675</ele>
        <time>2026-08-21T14:52:50.620Z</time>
      </trkpt>
      <trkpt lat="-7.385224" lon="108.243807">
        <ele>366.516665</ele>
        <time>2026-08-21T14:52:50.663Z</time>
      </trkpt>
      <trkpt lat="-7.385226" lon="108.243809">
        <ele>366.516650</ele>
        <time>2026-08-21T14:52:50.723Z</time>
      </trkpt>
      <trkpt lat="-7.385223" lon="108.243806">
        <ele>366.516629</ele>
        <time>2026-08-21T14:52:50.813Z</time>
      </trkpt>
      <trkpt lat="-7.385224" lon="108.243807">
        <ele>366.516622</ele>
        <time>2026-08-21T14:52:50.843Z</time>
      </trkpt>
      <trkpt lat="-7.385221" lon="108.243795">
        <ele>366.516559</ele>
        <time>2026-08-21T14:52:51.106Z</time>
      </trkpt>
      <trkpt lat="-7.385224" lon="108.243793">
        <ele>366.516541</ele>
        <time>2026-08-21T14:52:51.183Z</time>
      </trkpt>
      <trkpt lat="-7.385225" lon="108.243785">
        <ele>366.516500</ele>
        <time>2026-08-21T14:52:51.354Z</time>
      </trkpt>
      <trkpt lat="-7.385208" lon="108.243759">
        <ele>366.516343</ele>
        <time>2026-08-21T14:52:52.014Z</time>
      </trkpt>
      <trkpt lat="-7.385206" lon="108.243760">
        <ele>366.516332</ele>
        <time>2026-08-21T14:52:52.062Z</time>
      </trkpt>
      <trkpt lat="-7.385208" lon="108.243761">
        <ele>366.516321</ele>
        <time>2026-08-21T14:52:52.110Z</time>
      </trkpt>
      <trkpt lat="-7.385208" lon="108.243757">
        <ele>366.516301</ele>
        <time>2026-08-21T14:52:52.194Z</time>
      </trkpt>
      <trkpt lat="-7.385209" lon="108.243758">
        <ele>366.516293</ele>
        <time>2026-08-21T14:52:52.225Z</time>
      </trkpt>
      <trkpt lat="-7.385208" lon="108.243759">
        <ele>366.516286</ele>
        <time>2026-08-21T14:52:52.255Z</time>
      </trkpt>
      <trkpt lat="-7.385210" lon="108.243728">
        <ele>366.516130</ele>
        <time>2026-08-21T14:52:52.914Z</time>
      </trkpt>
      <trkpt lat="-7.385210" lon="108.243730">
        <ele>366.516120</ele>
        <time>2026-08-21T14:52:52.956Z</time>
      </trkpt>
      <trkpt lat="-7.385219" lon="108.243729">
        <ele>366.516074</ele>
        <time>2026-08-21T14:52:53.150Z</time>
      </trkpt>
      <trkpt lat="-7.385218" lon="108.243730">
        <ele>366.516066</ele>
        <time>2026-08-21T14:52:53.180Z</time>
      </trkpt>
      <trkpt lat="-7.385223" lon="108.243735">
        <ele>366.516031</ele>
        <time>2026-08-21T14:52:53.330Z</time>
      </trkpt>
      <trkpt lat="-7.385231" lon="108.243750">
        <ele>366.515945</ele>
        <time>2026-08-21T14:52:53.691Z</time>
      </trkpt>
      <trkpt lat="-7.385230" lon="108.243744">
        <ele>366.515914</ele>
        <time>2026-08-21T14:52:53.820Z</time>
      </trkpt>
      <trkpt lat="-7.385229" lon="108.243745">
        <ele>366.515907</ele>
        <time>2026-08-21T14:52:53.851Z</time>
      </trkpt>
      <trkpt lat="-7.385200" lon="108.243737">
        <ele>366.515754</ele>
        <time>2026-08-21T14:52:54.494Z</time>
      </trkpt>
      <trkpt lat="-7.385196" lon="108.243734">
        <ele>366.515729</ele>
        <time>2026-08-21T14:52:54.600Z</time>
      </trkpt>
      <trkpt lat="-7.385195" lon="108.243735">
        <ele>366.515722</ele>
        <time>2026-08-21T14:52:54.630Z</time>
      </trkpt>
      <trkpt lat="-7.385196" lon="108.243733">
        <ele>366.515710</ele>
        <time>2026-08-21T14:52:54.678Z</time>
      </trkpt>
      <trkpt lat="-7.385177" lon="108.243754">
        <ele>366.515567</ele>
        <time>2026-08-21T14:52:55.281Z</time>
      </trkpt>
      <trkpt lat="-7.385172" lon="108.243757">
        <ele>366.515537</ele>
        <time>2026-08-21T14:52:55.405Z</time>
      </trkpt>
      <trkpt lat="-7.385171" lon="108.243765">
        <ele>366.515497</ele>
        <time>2026-08-21T14:52:55.576Z</time>
      </trkpt>
      <trkpt lat="-7.385173" lon="108.243769">
        <ele>366.515474</ele>
        <time>2026-08-21T14:52:55.671Z</time>
      </trkpt>
      <trkpt lat="-7.385175" lon="108.243768">
        <ele>366.515463</ele>
        <time>2026-08-21T14:52:55.719Z</time>
      </trkpt>
      <trkpt lat="-7.385176" lon="108.243772">
        <ele>366.515442</ele>
        <time>2026-08-21T14:52:55.806Z</time>
      </trkpt>
      <trkpt lat="-7.385175" lon="108.243775">
        <ele>366.515426</ele>
        <time>2026-08-21T14:52:55.873Z</time>
      </trkpt>
      <trkpt lat="-7.385173" lon="108.243776">
        <ele>366.515415</ele>
        <time>2026-08-21T14:52:55.921Z</time>
      </trkpt>
      <trkpt lat="-7.385167" lon="108.243773">
        <ele>366.515381</ele>
        <time>2026-08-21T14:52:56.064Z</time>
      </trkpt>
      <trkpt lat="-7.385168" lon="108.243774">
        <ele>366.515374</ele>
        <time>2026-08-21T14:52:56.094Z</time>
      </trkpt>
      <trkpt lat="-7.385167" lon="108.243777">
        <ele>366.515358</ele>
        <time>2026-08-21T14:52:56.161Z</time>
      </trkpt>
      <trkpt lat="-7.385164" lon="108.243774">
        <ele>366.515336</ele>
        <time>2026-08-21T14:52:56.252Z</time>
      </trkpt>
      <trkpt lat="-7.385154" lon="108.243776">
        <ele>366.515284</ele>
        <time>2026-08-21T14:52:56.470Z</time>
      </trkpt>
      <trkpt lat="-7.385144" lon="108.243776">
        <ele>366.515233</ele>
        <time>2026-08-21T14:52:56.684Z</time>
      </trkpt>
      <trkpt lat="-7.385144" lon="108.243774">
        <ele>366.515223</ele>
        <time>2026-08-21T14:52:56.726Z</time>
      </trkpt>
      <trkpt lat="-7.385149" lon="108.243740">
        <ele>366.515050</ele>
        <time>2026-08-21T14:52:57.455Z</time>
      </trkpt>
      <trkpt lat="-7.385180" lon="108.243738">
        <ele>366.514892</ele>
        <time>2026-08-21T14:52:58.119Z</time>
      </trkpt>
      <trkpt lat="-7.385199" lon="108.243742">
        <ele>366.514794</ele>
        <time>2026-08-21T14:52:58.534Z</time>
      </trkpt>
      <trkpt lat="-7.385220" lon="108.243749">
        <ele>366.516819</ele>
        <time>2026-08-21T14:52:59.007Z</time>
      </trkpt>
      <trkpt lat="-7.385238" lon="108.243751">
        <ele>366.524955</ele>
        <time>2026-08-21T14:52:59.394Z</time>
      </trkpt>
      <trkpt lat="-7.385245" lon="108.243750">
        <ele>366.528131</ele>
        <time>2026-08-21T14:52:59.546Z</time>
      </trkpt>
      <trkpt lat="-7.385248" lon="108.243743">
        <ele>366.531528</ele>
        <time>2026-08-21T14:52:59.707Z</time>
      </trkpt>
      <trkpt lat="-7.385242" lon="108.243739">
        <ele>366.534760</ele>
        <time>2026-08-21T14:52:59.861Z</time>
      </trkpt>
      <trkpt lat="-7.385237" lon="108.243738">
        <ele>366.537050</ele>
        <time>2026-08-21T14:52:59.970Z</time>
      </trkpt>
      <trkpt lat="-7.385228" lon="108.243722">
        <ele>366.545245</ele>
        <time>2026-08-21T14:53:00.360Z</time>
      </trkpt>
      <trkpt lat="-7.385208" lon="108.243712">
        <ele>366.555274</ele>
        <time>2026-08-21T14:53:00.838Z</time>
      </trkpt>
      <trkpt lat="-7.385190" lon="108.243707">
        <ele>366.563662</ele>
        <time>2026-08-21T14:53:01.237Z</time>
      </trkpt>
      <trkpt lat="-7.385176" lon="108.243707">
        <ele>366.569952</ele>
        <time>2026-08-21T14:53:01.536Z</time>
      </trkpt>
      <trkpt lat="-7.385166" lon="108.243709">
        <ele>366.574532</ele>
        <time>2026-08-21T14:53:01.754Z</time>
      </trkpt>
      <trkpt lat="-7.385148" lon="108.243708">
        <ele>366.582631</ele>
        <time>2026-08-21T14:53:02.140Z</time>
      </trkpt>
      <trkpt lat="-7.385107" lon="108.243688">
        <ele>366.603093</ele>
        <time>2026-08-21T14:53:03.114Z</time>
      </trkpt>
      <trkpt lat="-7.385100" lon="108.243687">
        <ele>366.606269</ele>
        <time>2026-08-21T14:53:03.265Z</time>
      </trkpt>
      <trkpt lat="-7.385090" lon="108.243690">
        <ele>366.610956</ele>
        <time>2026-08-21T14:53:03.488Z</time>
      </trkpt>
      <trkpt lat="-7.385089" lon="108.243694">
        <ele>366.612794</ele>
        <time>2026-08-21T14:53:03.575Z</time>
      </trkpt>
      <trkpt lat="-7.385096" lon="108.243698">
        <ele>366.616409</ele>
        <time>2026-08-21T14:53:03.748Z</time>
      </trkpt>
      <trkpt lat="-7.385099" lon="108.243697">
        <ele>366.617828</ele>
        <time>2026-08-21T14:53:03.815Z</time>
      </trkpt>
      <trkpt lat="-7.385100" lon="108.243700">
        <ele>366.619239</ele>
        <time>2026-08-21T14:53:03.882Z</time>
      </trkpt>
      <trkpt lat="-7.385101" lon="108.243698">
        <ele>366.620236</ele>
        <time>2026-08-21T14:53:03.930Z</time>
      </trkpt>
      <trkpt lat="-7.385132" lon="108.243706">
        <ele>366.634612</ele>
        <time>2026-08-21T14:53:04.614Z</time>
      </trkpt>
      <trkpt lat="-7.385134" lon="108.243714">
        <ele>366.638288</ele>
        <time>2026-08-21T14:53:04.789Z</time>
      </trkpt>
      <trkpt lat="-7.385133" lon="108.243722">
        <ele>366.641881</ele>
        <time>2026-08-21T14:53:04.960Z</time>
      </trkpt>
      <trkpt lat="-7.385134" lon="108.243728">
        <ele>366.644591</ele>
        <time>2026-08-21T14:53:05.089Z</time>
      </trkpt>
      <trkpt lat="-7.385133" lon="108.243712">
        <ele>366.651734</ele>
        <time>2026-08-21T14:53:05.429Z</time>
      </trkpt>
      <trkpt lat="-7.385138" lon="108.243710">
        <ele>366.654151</ele>
        <time>2026-08-21T14:53:05.544Z</time>
      </trkpt>
      <trkpt lat="-7.385184" lon="108.243724">
        <ele>366.675737</ele>
        <time>2026-08-21T14:53:06.571Z</time>
      </trkpt>
      <trkpt lat="-7.385195" lon="108.243724">
        <ele>366.680679</ele>
        <time>2026-08-21T14:53:06.807Z</time>
      </trkpt>
      <trkpt lat="-7.385216" lon="108.243715">
        <ele>366.690931</ele>
        <time>2026-08-21T14:53:07.295Z</time>
      </trkpt>
      <trkpt lat="-7.385218" lon="108.243712">
        <ele>366.692541</ele>
        <time>2026-08-21T14:53:07.371Z</time>
      </trkpt>
      <trkpt lat="-7.385213" lon="108.243707">
        <ele>366.695705</ele>
        <time>2026-08-21T14:53:07.522Z</time>
      </trkpt>
      <trkpt lat="-7.385204" lon="108.243704">
        <ele>366.699963</ele>
        <time>2026-08-21T14:53:07.725Z</time>
      </trkpt>
      <trkpt lat="-7.385174" lon="108.243715">
        <ele>366.714304</ele>
        <time>2026-08-21T14:53:08.407Z</time>
      </trkpt>
      <trkpt lat="-7.385163" lon="108.243716">
        <ele>366.719266</ele>
        <time>2026-08-21T14:53:08.643Z</time>
      </trkpt>
      <trkpt lat="-7.385155" lon="108.243713">
        <ele>366.723101</ele>
        <time>2026-08-21T14:53:08.826Z</time>
      </trkpt>
      <trkpt lat="-7.385150" lon="108.243705">
        <ele>366.727314</ele>
        <time>2026-08-21T14:53:09.026Z</time>
      </trkpt>
      <trkpt lat="-7.385143" lon="108.243702">
        <ele>366.730731</ele>
        <time>2026-08-21T14:53:09.189Z</time>
      </trkpt>
      <trkpt lat="-7.385135" lon="108.243703">
        <ele>366.734353</ele>
        <time>2026-08-21T14:53:09.361Z</time>
      </trkpt>
      <trkpt lat="-7.385131" lon="108.243719">
        <ele>366.741704</ele>
        <time>2026-08-21T14:53:09.711Z</time>
      </trkpt>
      <trkpt lat="-7.385139" lon="108.243727">
        <ele>366.746766</ele>
        <time>2026-08-21T14:53:09.952Z</time>
      </trkpt>
      <trkpt lat="-7.385149" lon="108.243733">
        <ele>366.751994</ele>
        <time>2026-08-21T14:53:10.201Z</time>
      </trkpt>
      <trkpt lat="-7.385164" lon="108.243728">
        <ele>366.759091</ele>
        <time>2026-08-21T14:53:10.539Z</time>
      </trkpt>
      <trkpt lat="-7.385178" lon="108.243732">
        <ele>366.765629</ele>
        <time>2026-08-21T14:53:10.850Z</time>
      </trkpt>
      <trkpt lat="-7.385189" lon="108.243732">
        <ele>366.770570</ele>
        <time>2026-08-21T14:53:11.085Z</time>
      </trkpt>
      <trkpt lat="-7.385327" lon="108.243683">
        <ele>366.836300</ele>
        <time>2026-08-21T14:53:14.214Z</time>
      </trkpt>
      <trkpt lat="-7.385350" lon="108.243667">
        <ele>366.848853</ele>
        <time>2026-08-21T14:53:14.811Z</time>
      </trkpt>
      <trkpt lat="-7.385361" lon="108.243665">
        <ele>366.853875</ele>
        <time>2026-08-21T14:53:15.050Z</time>
      </trkpt>
      <trkpt lat="-7.385418" lon="108.243670">
        <ele>366.879579</ele>
        <time>2026-08-21T14:53:16.274Z</time>
      </trkpt>
      <trkpt lat="-7.385446" lon="108.243669">
        <ele>366.892167</ele>
        <time>2026-08-21T14:53:16.873Z</time>
      </trkpt>
      <trkpt lat="-7.385475" lon="108.243662">
        <ele>366.905563</ele>
        <time>2026-08-21T14:53:17.511Z</time>
      </trkpt>
      <trkpt lat="-7.385522" lon="108.243643">
        <ele>366.928312</ele>
        <time>2026-08-21T14:53:18.593Z</time>
      </trkpt>
      <trkpt lat="-7.385559" lon="108.243639">
        <ele>366.945030</ele>
        <time>2026-08-21T14:53:19.389Z</time>
      </trkpt>
      <trkpt lat="-7.385593" lon="108.243639">
        <ele>366.960305</ele>
        <time>2026-08-21T14:53:20.116Z</time>
      </trkpt>
      <trkpt lat="-7.385609" lon="108.243637">
        <ele>366.967548</ele>
        <time>2026-08-21T14:53:20.461Z</time>
      </trkpt>
      <trkpt lat="-7.385661" lon="108.243622">
        <ele>366.991847</ele>
        <time>2026-08-21T14:53:21.618Z</time>
      </trkpt>
      <trkpt lat="-7.385678" lon="108.243614">
        <ele>367.000275</ele>
        <time>2026-08-21T14:53:22.019Z</time>
      </trkpt>
      <trkpt lat="-7.385713" lon="108.243582">
        <ele>367.021500</ele>
        <time>2026-08-21T14:53:23.029Z</time>
      </trkpt>
      <trkpt lat="-7.385757" lon="108.243537">
        <ele>367.049655</ele>
        <time>2026-08-21T14:53:24.369Z</time>
      </trkpt>
      <trkpt lat="-7.385781" lon="108.243520">
        <ele>367.062832</ele>
        <time>2026-08-21T14:53:24.996Z</time>
      </trkpt>
      <trkpt lat="-7.385808" lon="108.243503">
        <ele>367.077133</ele>
        <time>2026-08-21T14:53:25.677Z</time>
      </trkpt>
      <trkpt lat="-7.385816" lon="108.243500">
        <ele>367.080967</ele>
        <time>2026-08-21T14:53:25.860Z</time>
      </trkpt>
      <trkpt lat="-7.385825" lon="108.243493">
        <ele>367.086073</ele>
        <time>2026-08-21T14:53:26.103Z</time>
      </trkpt>
      <trkpt lat="-7.385829" lon="108.243483">
        <ele>367.090878</ele>
        <time>2026-08-21T14:53:26.331Z</time>
      </trkpt>
      <trkpt lat="-7.385829" lon="108.243462">
        <ele>367.100234</ele>
        <time>2026-08-21T14:53:26.777Z</time>
      </trkpt>
      <trkpt lat="-7.385832" lon="108.243445">
        <ele>367.107927</ele>
        <time>2026-08-21T14:53:27.143Z</time>
      </trkpt>
      <trkpt lat="-7.385834" lon="108.243410">
        <ele>367.123546</ele>
        <time>2026-08-21T14:53:27.886Z</time>
      </trkpt>
      <trkpt lat="-7.385841" lon="108.243361">
        <ele>367.145603</ele>
        <time>2026-08-21T14:53:28.936Z</time>
      </trkpt>
      <trkpt lat="-7.385871" lon="108.243271">
        <ele>367.187905</ele>
        <time>2026-08-21T14:53:30.950Z</time>
      </trkpt>
      <trkpt lat="-7.385896" lon="108.243224">
        <ele>367.211667</ele>
        <time>2026-08-21T14:53:32.081Z</time>
      </trkpt>
      <trkpt lat="-7.385908" lon="108.243208">
        <ele>367.220605</ele>
        <time>2026-08-21T14:53:32.506Z</time>
      </trkpt>
      <trkpt lat="-7.385920" lon="108.243201">
        <ele>367.226833</ele>
        <time>2026-08-21T14:53:32.802Z</time>
      </trkpt>
      <trkpt lat="-7.385944" lon="108.243182">
        <ele>367.240541</ele>
        <time>2026-08-21T14:53:33.455Z</time>
      </trkpt>
      <trkpt lat="-7.385980" lon="108.243148">
        <ele>367.262701</ele>
        <time>2026-08-21T14:53:34.510Z</time>
      </trkpt>
      <trkpt lat="-7.385990" lon="108.243137">
        <ele>367.269349</ele>
        <time>2026-08-21T14:53:34.826Z</time>
      </trkpt>
      <trkpt lat="-7.386006" lon="108.243111">
        <ele>367.282982</ele>
        <time>2026-08-21T14:53:35.475Z</time>
      </trkpt>
      <trkpt lat="-7.386045" lon="108.243064">
        <ele>367.310286</ele>
        <time>2026-08-21T14:53:36.775Z</time>
      </trkpt>
      <trkpt lat="-7.386092" lon="108.243023">
        <ele>367.356902</ele>
        <time>2026-08-21T14:53:38.104Z</time>
      </trkpt>
      <trkpt lat="-7.386109" lon="108.242999">
        <ele>367.385952</ele>
        <time>2026-08-21T14:53:38.729Z</time>
      </trkpt>
      <trkpt lat="-7.386124" lon="108.242964">
        <ele>367.423509</ele>
        <time>2026-08-21T14:53:39.538Z</time>
      </trkpt>
      <trkpt lat="-7.386128" lon="108.242951">
        <ele>367.436916</ele>
        <time>2026-08-21T14:53:39.826Z</time>
      </trkpt>
      <trkpt lat="-7.386129" lon="108.242915">
        <ele>367.472389</ele>
        <time>2026-08-21T14:53:40.590Z</time>
      </trkpt>
      <trkpt lat="-7.386197" lon="108.242944">
        <ele>367.545721</ele>
        <time>2026-08-21T14:53:42.167Z</time>
      </trkpt>
      <trkpt lat="-7.385815" lon="108.242581">
        <ele>368.067065</ele>
        <time>2026-08-21T14:53:55.466Z</time>
      </trkpt>
      <trkpt lat="-7.385697" lon="108.242416">
        <ele>368.267440</ele>
        <time>2026-08-21T14:54:00.405Z</time>
      </trkpt>
      <trkpt lat="-7.385668" lon="108.242324">
        <ele>368.362526</ele>
        <time>2026-08-21T14:54:02.734Z</time>
      </trkpt>
      <trkpt lat="-7.385653" lon="108.241942">
        <ele>368.739088</ele>
        <time>2026-08-21T14:54:11.994Z</time>
      </trkpt>
      <trkpt lat="-7.385621" lon="108.241724">
        <ele>368.956156</ele>
        <time>2026-08-21T14:54:17.372Z</time>
      </trkpt>
      <trkpt lat="-7.385552" lon="108.241543">
        <ele>369.130694</ele>
        <time>2026-08-21T14:54:22.098Z</time>
      </trkpt>
      <trkpt lat="-7.385444" lon="108.241423">
        <ele>369.221013</ele>
        <time>2026-08-21T14:54:26.015Z</time>
      </trkpt>
      <trkpt lat="-7.385181" lon="108.241253">
        <ele>369.396586</ele>
        <time>2026-08-21T14:54:33.536Z</time>
      </trkpt>
      <trkpt lat="-7.384989" lon="108.241174">
        <ele>369.513131</ele>
        <time>2026-08-21T14:54:38.383Z</time>
      </trkpt>
      <trkpt lat="-7.384499" lon="108.241193">
        <ele>369.788723</ele>
        <time>2026-08-21T14:54:49.390Z</time>
      </trkpt>
      <trkpt lat="-7.384136" lon="108.241663">
        <ele>370.120038</ele>
        <time>2026-08-21T14:55:00.073Z</time>
      </trkpt>
      <trkpt lat="-7.383638" lon="108.242186">
        <ele>370.077254</ele>
        <time>2026-08-21T14:55:12.174Z</time>
      </trkpt>
      <trkpt lat="-7.383297" lon="108.242498">
        <ele>370.049856</ele>
        <time>2026-08-21T14:55:19.923Z</time>
      </trkpt>
      <trkpt lat="-7.383122" lon="108.241449">
        <ele>369.619873</ele>
        <time>2026-08-21T14:55:40.485Z</time>
      </trkpt>
      <trkpt lat="-7.383074" lon="108.241353">
        <ele>369.523919</ele>
        <time>2026-08-21T14:55:42.514Z</time>
      </trkpt>
      <trkpt lat="-7.382996" lon="108.241305">
        <ele>369.441681</ele>
        <time>2026-08-21T14:55:44.247Z</time>
      </trkpt>
      <trkpt lat="-7.382779" lon="108.241307">
        <ele>369.246380</ele>
        <time>2026-08-21T14:55:48.264Z</time>
      </trkpt>
      <trkpt lat="-7.382518" lon="108.241278">
        <ele>369.010066</ele>
        <time>2026-08-21T14:55:52.941Z</time>
      </trkpt>
      <trkpt lat="-7.382150" lon="108.241194">
        <ele>368.670498</ele>
        <time>2026-08-21T14:55:59.430Z</time>
      </trkpt>
      <trkpt lat="-7.381869" lon="108.241141">
        <ele>368.413221</ele>
        <time>2026-08-21T14:56:04.020Z</time>
      </trkpt>
      <trkpt lat="-7.381713" lon="108.241079">
        <ele>368.137515</ele>
        <time>2026-08-21T14:56:06.683Z</time>
      </trkpt>
      <trkpt lat="-7.381553" lon="108.240921">
        <ele>367.745488</ele>
        <time>2026-08-21T14:56:10.252Z</time>
      </trkpt>
      <trkpt lat="-7.381498" lon="108.240977">
        <ele>367.608663</ele>
        <time>2026-08-21T14:56:11.922Z</time>
      </trkpt>
      <trkpt lat="-7.381442" lon="108.240934">
        <ele>367.485446</ele>
        <time>2026-08-21T14:56:13.428Z</time>
      </trkpt>
      <trkpt lat="-7.381383" lon="108.240895">
        <ele>367.361951</ele>
        <time>2026-08-21T14:56:14.936Z</time>
      </trkpt>
      <trkpt lat="-7.381323" lon="108.240863">
        <ele>367.243132</ele>
        <time>2026-08-21T14:56:16.388Z</time>
      </trkpt>
      <trkpt lat="-7.381261" lon="108.240836">
        <ele>367.124909</ele>
        <time>2026-08-21T14:56:17.832Z</time>
      </trkpt>
      <trkpt lat="-7.381198" lon="108.240814">
        <ele>367.008199</ele>
        <time>2026-08-21T14:56:19.258Z</time>
      </trkpt>
      <trkpt lat="-7.381008" lon="108.240757">
        <ele>366.661188</ele>
        <time>2026-08-21T14:56:23.498Z</time>
      </trkpt>
      <trkpt lat="-7.380957" lon="108.240735">
        <ele>366.564084</ele>
        <time>2026-08-21T14:56:24.684Z</time>
      </trkpt>
      <trkpt lat="-7.380912" lon="108.240708">
        <ele>366.472419</ele>
        <time>2026-08-21T14:56:25.804Z</time>
      </trkpt>
      <trkpt lat="-7.380874" lon="108.240678">
        <ele>366.387936</ele>
        <time>2026-08-21T14:56:26.836Z</time>
      </trkpt>
      <trkpt lat="-7.380837" lon="108.240647">
        <ele>366.303725</ele>
        <time>2026-08-21T14:56:27.865Z</time>
      </trkpt>
      <trkpt lat="-7.380801" lon="108.240613">
        <ele>366.217381</ele>
        <time>2026-08-21T14:56:28.920Z</time>
      </trkpt>
      <trkpt lat="-7.380728" lon="108.240540">
        <ele>366.037406</ele>
        <time>2026-08-21T14:56:31.118Z</time>
      </trkpt>
      <trkpt lat="-7.380700" lon="108.240498">
        <ele>365.949549</ele>
        <time>2026-08-21T14:56:32.192Z</time>
      </trkpt>
      <trkpt lat="-7.380677" lon="108.240455">
        <ele>365.864734</ele>
        <time>2026-08-21T14:56:33.228Z</time>
      </trkpt>
      <trkpt lat="-7.380660" lon="108.240410">
        <ele>365.781136</ele>
        <time>2026-08-21T14:56:34.249Z</time>
      </trkpt>
      <trkpt lat="-7.380635" lon="108.240271">
        <ele>365.535891</ele>
        <time>2026-08-21T14:56:37.245Z</time>
      </trkpt>
      <trkpt lat="-7.380619" lon="108.240232">
        <ele>365.462621</ele>
        <time>2026-08-21T14:56:38.141Z</time>
      </trkpt>
      <trkpt lat="-7.380598" lon="108.240189">
        <ele>365.379410</ele>
        <time>2026-08-21T14:56:39.157Z</time>
      </trkpt>
      <trkpt lat="-7.380564" lon="108.240157">
        <ele>365.297994</ele>
        <time>2026-08-21T14:56:40.152Z</time>
      </trkpt>
      <trkpt lat="-7.380527" lon="108.240133">
        <ele>365.234993</ele>
        <time>2026-08-21T14:56:41.093Z</time>
      </trkpt>
      <trkpt lat="-7.380480" lon="108.240128">
        <ele>365.199036</ele>
        <time>2026-08-21T14:56:42.103Z</time>
      </trkpt>
      <trkpt lat="-7.380494" lon="108.240193">
        <ele>365.148849</ele>
        <time>2026-08-21T14:56:43.522Z</time>
      </trkpt>
      <trkpt lat="-7.380180" lon="108.240325">
        <ele>364.890025</ele>
        <time>2026-08-21T14:56:49.448Z</time>
      </trkpt>
      <trkpt lat="-7.379699" lon="108.240483">
        <ele>364.505146</ele>
        <time>2026-08-21T14:56:58.657Z</time>
      </trkpt>
      <trkpt lat="-7.379318" lon="108.240518">
        <ele>364.214076</ele>
        <time>2026-08-21T14:57:05.567Z</time>
      </trkpt>
      <trkpt lat="-7.379018" lon="108.240503">
        <ele>363.985552</ele>
        <time>2026-08-21T14:57:11.315Z</time>
      </trkpt>
      <trkpt lat="-7.378972" lon="108.240451">
        <ele>363.932976</ele>
        <time>2026-08-21T14:57:12.634Z</time>
      </trkpt>
      <trkpt lat="-7.378931" lon="108.240322">
        <ele>363.862898</ele>
        <time>2026-08-21T14:57:15.281Z</time>
      </trkpt>
      <trkpt lat="-7.378842" lon="108.239631">
        <ele>363.699916</ele>
        <time>2026-08-21T14:57:28.971Z</time>
      </trkpt>
      <trkpt lat="-7.378794" lon="108.239566">
        <ele>363.680961</ele>
        <time>2026-08-21T14:57:30.496Z</time>
      </trkpt>
      <trkpt lat="-7.378720" lon="108.239542">
        <ele>363.662627</ele>
        <time>2026-08-21T14:57:31.975Z</time>
      </trkpt>
      <trkpt lat="-7.378622" lon="108.239552">
        <ele>363.639396</ele>
        <time>2026-08-21T14:57:33.813Z</time>
      </trkpt>
      <trkpt lat="-7.378694" lon="108.239382">
        <ele>363.596159</ele>
        <time>2026-08-21T14:57:37.738Z</time>
      </trkpt>
      <trkpt lat="-7.378654" lon="108.239369">
        <ele>363.586247</ele>
        <time>2026-08-21T14:57:38.637Z</time>
      </trkpt>
      <trkpt lat="-7.378612" lon="108.239363">
        <ele>363.576242</ele>
        <time>2026-08-21T14:57:39.544Z</time>
      </trkpt>
      <trkpt lat="-7.378570" lon="108.239364">
        <ele>363.566333</ele>
        <time>2026-08-21T14:57:40.442Z</time>
      </trkpt>
      <trkpt lat="-7.378439" lon="108.239387">
        <ele>363.534972</ele>
        <time>2026-08-21T14:57:43.286Z</time>
      </trkpt>
      <trkpt lat="-7.378333" lon="108.239393">
        <ele>363.509932</ele>
        <time>2026-08-21T14:57:45.556Z</time>
      </trkpt>
      <trkpt lat="-7.378276" lon="108.239399">
        <ele>363.496416</ele>
        <time>2026-08-21T14:57:46.781Z</time>
      </trkpt>
      <trkpt lat="-7.378219" lon="108.239409">
        <ele>363.482770</ele>
        <time>2026-08-21T14:57:48.019Z</time>
      </trkpt>
      <trkpt lat="-7.378169" lon="108.239420">
        <ele>363.470700</ele>
        <time>2026-08-21T14:57:49.113Z</time>
      </trkpt>
      <trkpt lat="-7.378118" lon="108.239426">
        <ele>363.458590</ele>
        <time>2026-08-21T14:57:50.211Z</time>
      </trkpt>
      <trkpt lat="-7.378061" lon="108.239430">
        <ele>363.471275</ele>
        <time>2026-08-21T14:57:51.433Z</time>
      </trkpt>
      <trkpt lat="-7.378004" lon="108.239427">
        <ele>363.501807</ele>
        <time>2026-08-21T14:57:52.653Z</time>
      </trkpt>
      <trkpt lat="-7.377900" lon="108.239408">
        <ele>363.558344</ele>
        <time>2026-08-21T14:57:54.913Z</time>
      </trkpt>
      <trkpt lat="-7.377859" lon="108.239386">
        <ele>363.583187</ele>
        <time>2026-08-21T14:57:55.907Z</time>
      </trkpt>
      <trkpt lat="-7.377828" lon="108.239357">
        <ele>363.605807</ele>
        <time>2026-08-21T14:57:56.811Z</time>
      </trkpt>
      <trkpt lat="-7.377803" lon="108.239321">
        <ele>363.629121</ele>
        <time>2026-08-21T14:57:57.743Z</time>
      </trkpt>
      <trkpt lat="-7.377772" lon="108.239281">
        <ele>363.656052</ele>
        <time>2026-08-21T14:57:58.819Z</time>
      </trkpt>
      <trkpt lat="-7.377748" lon="108.239228">
        <ele>363.686960</ele>
        <time>2026-08-21T14:58:00.055Z</time>
      </trkpt>
      <trkpt lat="-7.377729" lon="108.239175">
        <ele>363.716856</ele>
        <time>2026-08-21T14:58:01.250Z</time>
      </trkpt>
      <trkpt lat="-7.377713" lon="108.239127">
        <ele>363.743719</ele>
        <time>2026-08-21T14:58:02.324Z</time>
      </trkpt>
      <trkpt lat="-7.377691" lon="108.239046">
        <ele>363.788271</ele>
        <time>2026-08-21T14:58:04.105Z</time>
      </trkpt>
      <trkpt lat="-7.377665" lon="108.238973">
        <ele>363.829418</ele>
        <time>2026-08-21T14:58:05.750Z</time>
      </trkpt>
      <trkpt lat="-7.377659" lon="108.238941">
        <ele>363.846695</ele>
        <time>2026-08-21T14:58:06.440Z</time>
      </trkpt>
      <trkpt lat="-7.377667" lon="108.238910">
        <ele>363.863687</ele>
        <time>2026-08-21T14:58:07.120Z</time>
      </trkpt>
      <trkpt lat="-7.377828" lon="108.238867">
        <ele>363.952778</ele>
        <time>2026-08-21T14:58:10.682Z</time>
      </trkpt>
      <trkpt lat="-7.377736" lon="108.238514">
        <ele>364.146399</ele>
        <time>2026-08-21T14:58:19.037Z</time>
      </trkpt>
      <trkpt lat="-7.377658" lon="108.238047">
        <ele>364.397625</ele>
        <time>2026-08-21T14:58:31.136Z</time>
      </trkpt>
      <trkpt lat="-7.377626" lon="108.237796">
        <ele>364.807179</ele>
        <time>2026-08-21T14:58:37.795Z</time>
      </trkpt>
      <trkpt lat="-7.377576" lon="108.237338">
        <ele>365.628581</ele>
        <time>2026-08-21T14:58:50.188Z</time>
      </trkpt>
      <trkpt lat="-7.377555" lon="108.237069">
        <ele>366.109606</ele>
        <time>2026-08-21T14:58:57.806Z</time>
      </trkpt>
      <trkpt lat="-7.377464" lon="108.235827">
        <ele>367.875209</ele>
        <time>2026-08-21T14:59:34.151Z</time>
      </trkpt>
      <trkpt lat="-7.377438" lon="108.235396">
        <ele>368.131438</ele>
        <time>2026-08-21T14:59:45.334Z</time>
      </trkpt>
      <trkpt lat="-7.377436" lon="108.235203">
        <ele>368.245971</ele>
        <time>2026-08-21T14:59:49.927Z</time>
      </trkpt>
      <trkpt lat="-7.377435" lon="108.233621">
        <ele>367.089953</ele>
        <time>2026-08-21T15:00:18.286Z</time>
      </trkpt>
      <trkpt lat="-7.376829" lon="108.233496">
        <ele>365.774935</ele>
        <time>2026-08-21T15:00:26.283Z</time>
      </trkpt>
      <trkpt lat="-7.376423" lon="108.233419">
        <ele>364.893790</ele>
        <time>2026-08-21T15:00:31.429Z</time>
      </trkpt>
      <trkpt lat="-7.376029" lon="108.233361">
        <ele>363.459525</ele>
        <time>2026-08-21T15:00:36.276Z</time>
      </trkpt>
      <trkpt lat="-7.375237" lon="108.233141">
        <ele>360.500403</ele>
        <time>2026-08-21T15:00:46.214Z</time>
      </trkpt>
      <trkpt lat="-7.375181" lon="108.233128">
        <ele>360.293410</ele>
        <time>2026-08-21T15:00:46.919Z</time>
      </trkpt>
      <trkpt lat="-7.374391" lon="108.232909">
        <ele>357.956558</ele>
        <time>2026-08-21T15:00:57.229Z</time>
      </trkpt>
      <trkpt lat="-7.373684" lon="108.232714">
        <ele>356.818634</ele>
        <time>2026-08-21T15:01:07.003Z</time>
      </trkpt>
      <trkpt lat="-7.373146" lon="108.232564">
        <ele>355.952059</ele>
        <time>2026-08-21T15:01:15.852Z</time>
      </trkpt>
      <trkpt lat="-7.373158" lon="108.232492">
        <ele>355.839650</ele>
        <time>2026-08-21T15:01:17.144Z</time>
      </trkpt>
      <trkpt lat="-7.373141" lon="108.232458">
        <ele>355.781025</ele>
        <time>2026-08-21T15:01:17.824Z</time>
      </trkpt>
      <trkpt lat="-7.373076" lon="108.232425">
        <ele>355.668045</ele>
        <time>2026-08-21T15:01:19.149Z</time>
      </trkpt>
      <trkpt lat="-7.373021" lon="108.232441">
        <ele>355.634226</ele>
        <time>2026-08-21T15:01:20.207Z</time>
      </trkpt>
      <trkpt lat="-7.372987" lon="108.232486">
        <ele>355.642287</ele>
        <time>2026-08-21T15:01:21.254Z</time>
      </trkpt>
      <trkpt lat="-7.373000" lon="108.232568">
        <ele>355.654121</ele>
        <time>2026-08-21T15:01:22.808Z</time>
      </trkpt>
      <trkpt lat="-7.373001" lon="108.232923">
        <ele>355.704709</ele>
        <time>2026-08-21T15:01:29.728Z</time>
      </trkpt>
      <trkpt lat="-7.373003" lon="108.233375">
        <ele>355.769121</ele>
        <time>2026-08-21T15:01:38.993Z</time>
      </trkpt>
      <trkpt lat="-7.372932" lon="108.233641">
        <ele>355.808376</ele>
        <time>2026-08-21T15:01:44.820Z</time>
      </trkpt>
      <trkpt lat="-7.372911" lon="108.233701">
        <ele>355.817443</ele>
        <time>2026-08-21T15:01:46.118Z</time>
      </trkpt>
      <trkpt lat="-7.372835" lon="108.233866">
        <ele>355.843368</ele>
        <time>2026-08-21T15:01:49.532Z</time>
      </trkpt>
      <trkpt lat="-7.372746" lon="108.234062">
        <ele>355.874087</ele>
        <time>2026-08-21T15:01:53.070Z</time>
      </trkpt>
      <trkpt lat="-7.372467" lon="108.234739">
        <ele>354.506490</ele>
        <time>2026-08-21T15:02:03.281Z</time>
      </trkpt>
      <trkpt lat="-7.372259" lon="108.235207">
        <ele>353.391465</ele>
        <time>2026-08-21T15:02:09.810Z</time>
      </trkpt>
      <trkpt lat="-7.372203" lon="108.235276">
        <ele>353.197615</ele>
        <time>2026-08-21T15:02:10.935Z</time>
      </trkpt>
      <trkpt lat="-7.372000" lon="108.235461">
        <ele>352.597745</ele>
        <time>2026-08-21T15:02:14.378Z</time>
      </trkpt>
      <trkpt lat="-7.371750" lon="108.235606">
        <ele>351.965467</ele>
        <time>2026-08-21T15:02:18.036Z</time>
      </trkpt>
      <trkpt lat="-7.371215" lon="108.235814">
        <ele>351.147878</ele>
        <time>2026-08-21T15:02:25.615Z</time>
      </trkpt>
      <trkpt lat="-7.370794" lon="108.235964">
        <ele>350.516918</ele>
        <time>2026-08-21T15:02:32.041Z</time>
      </trkpt>
      <trkpt lat="-7.370124" lon="108.236204">
        <ele>349.512178</ele>
        <time>2026-08-21T15:02:43.127Z</time>
      </trkpt>
      <trkpt lat="-7.370017" lon="108.236249">
        <ele>349.383706</ele>
        <time>2026-08-21T15:02:45.018Z</time>
      </trkpt>
      <trkpt lat="-7.367440" lon="108.237184">
        <ele>348.172683</ele>
        <time>2026-08-21T15:03:28.359Z</time>
      </trkpt>
      <trkpt lat="-7.366477" lon="108.237562">
        <ele>347.891038</ele>
        <time>2026-08-21T15:03:45.614Z</time>
      </trkpt>
      <trkpt lat="-7.366354" lon="108.237585">
        <ele>347.886816</ele>
        <time>2026-08-21T15:03:47.843Z</time>
      </trkpt>
      <trkpt lat="-7.365554" lon="108.237857">
        <ele>347.858320</ele>
        <time>2026-08-21T15:04:03.253Z</time>
      </trkpt>
      <trkpt lat="-7.364883" lon="108.238030">
        <ele>347.761029</ele>
        <time>2026-08-21T15:04:14.819Z</time>
      </trkpt>
      <trkpt lat="-7.364539" lon="108.238101">
        <ele>347.411940</ele>
        <time>2026-08-21T15:04:20.130Z</time>
      </trkpt>
      <trkpt lat="-7.364369" lon="108.238103">
        <ele>347.242917</ele>
        <time>2026-08-21T15:04:22.605Z</time>
      </trkpt>
      <trkpt lat="-7.364115" lon="108.238046">
        <ele>346.984217</ele>
        <time>2026-08-21T15:04:26.288Z</time>
      </trkpt>
      <trkpt lat="-7.363100" lon="108.237735">
        <ele>346.046457</ele>
        <time>2026-08-21T15:04:41.477Z</time>
      </trkpt>
      <trkpt lat="-7.360731" lon="108.236945">
        <ele>346.411302</ele>
        <time>2026-08-21T15:05:26.878Z</time>
      </trkpt>
      <trkpt lat="-7.360672" lon="108.236925">
        <ele>346.442179</ele>
        <time>2026-08-21T15:05:28.156Z</time>
      </trkpt>
      <trkpt lat="-7.359205" lon="108.236436">
        <ele>347.369598</ele>
        <time>2026-08-21T15:05:59.363Z</time>
      </trkpt>
      <trkpt lat="-7.357783" lon="108.235962">
        <ele>348.523774</ele>
        <time>2026-08-21T15:06:30.201Z</time>
      </trkpt>
      <trkpt lat="-7.356684" lon="108.235583">
        <ele>349.491558</ele>
        <time>2026-08-21T15:06:54.997Z</time>
      </trkpt>
      <trkpt lat="-7.356393" lon="108.235512">
        <ele>349.741023</ele>
        <time>2026-08-21T15:07:01.250Z</time>
      </trkpt>
      <trkpt lat="-7.356216" lon="108.235497">
        <ele>349.754139</ele>
        <time>2026-08-21T15:07:04.873Z</time>
      </trkpt>
      <trkpt lat="-7.355690" lon="108.235514">
        <ele>349.761567</ele>
        <time>2026-08-21T15:07:14.916Z</time>
      </trkpt>
      <trkpt lat="-7.355125" lon="108.235557">
        <ele>349.769565</ele>
        <time>2026-08-21T15:07:24.611Z</time>
      </trkpt>
      <trkpt lat="-7.350496" lon="108.235850">
        <ele>346.685363</ele>
        <time>2026-08-21T15:08:35.825Z</time>
      </trkpt>
      <trkpt lat="-7.350355" lon="108.235858">
        <ele>346.549654</ele>
        <time>2026-08-21T15:08:37.986Z</time>
      </trkpt>
      <trkpt lat="-7.350108" lon="108.235874">
        <ele>346.311809</ele>
        <time>2026-08-21T15:08:41.742Z</time>
      </trkpt>
      <trkpt lat="-7.349821" lon="108.235895">
        <ele>346.035290</ele>
        <time>2026-08-21T15:08:46.080Z</time>
      </trkpt>
      <trkpt lat="-7.349728" lon="108.235902">
        <ele>345.945672</ele>
        <time>2026-08-21T15:08:47.481Z</time>
      </trkpt>
      <trkpt lat="-7.349606" lon="108.235911">
        <ele>345.828122</ele>
        <time>2026-08-21T15:08:49.293Z</time>
      </trkpt>
      <trkpt lat="-7.349584" lon="108.235914">
        <ele>345.806789</ele>
        <time>2026-08-21T15:08:49.617Z</time>
      </trkpt>
      <trkpt lat="-7.349363" lon="108.235933">
        <ele>345.593647</ele>
        <time>2026-08-21T15:08:52.875Z</time>
      </trkpt>
      <trkpt lat="-7.349213" lon="108.235947">
        <ele>345.448888</ele>
        <time>2026-08-21T15:08:55.064Z</time>
      </trkpt>
      <trkpt lat="-7.348619" lon="108.236007">
        <ele>344.476037</ele>
        <time>2026-08-21T15:09:03.541Z</time>
      </trkpt>
      <trkpt lat="-7.348512" lon="108.236037">
        <ele>344.293500</ele>
        <time>2026-08-21T15:09:05.105Z</time>
      </trkpt>
      <trkpt lat="-7.348084" lon="108.236197">
        <ele>343.543252</ele>
        <time>2026-08-21T15:09:11.417Z</time>
      </trkpt>
      <trkpt lat="-7.347822" lon="108.236362">
        <ele>343.035537</ele>
        <time>2026-08-21T15:09:15.652Z</time>
      </trkpt>
      <trkpt lat="-7.346718" lon="108.236940">
        <ele>341.094087</ele>
        <time>2026-08-21T15:09:32.816Z</time>
      </trkpt>
      <trkpt lat="-7.346043" lon="108.237268">
        <ele>339.947772</ele>
        <time>2026-08-21T15:09:43.545Z</time>
      </trkpt>
      <trkpt lat="-7.345889" lon="108.237362">
        <ele>339.695114</ele>
        <time>2026-08-21T15:09:46.176Z</time>
      </trkpt>
      <trkpt lat="-7.344220" lon="108.238203">
        <ele>337.984329</ele>
        <time>2026-08-21T15:10:14.331Z</time>
      </trkpt>
      <trkpt lat="-7.343941" lon="108.238352">
        <ele>337.703330</ele>
        <time>2026-08-21T15:10:19.081Z</time>
      </trkpt>
      <trkpt lat="-7.341946" lon="108.239408">
        <ele>335.767482</ele>
        <time>2026-08-21T15:10:53.029Z</time>
      </trkpt>
      <trkpt lat="-7.341281" lon="108.239714">
        <ele>335.175029</ele>
        <time>2026-08-21T15:11:04.248Z</time>
      </trkpt>
      <trkpt lat="-7.340657" lon="108.240027">
        <ele>334.703888</ele>
        <time>2026-08-21T15:11:15.087Z</time>
      </trkpt>
      <trkpt lat="-7.339336" lon="108.240648">
        <ele>333.895452</ele>
        <time>2026-08-21T15:11:37.691Z</time>
      </trkpt>
      <trkpt lat="-7.339311" lon="108.240594">
        <ele>333.895484</ele>
        <time>2026-08-21T15:11:38.953Z</time>
      </trkpt>
      <trkpt lat="-7.339239" lon="108.240627">
        <ele>333.895526</ele>
        <time>2026-08-21T15:11:40.644Z</time>
      </trkpt>
      <trkpt lat="-7.339184" lon="108.240670">
        <ele>333.895564</ele>
        <time>2026-08-21T15:11:42.133Z</time>
      </trkpt>
      <trkpt lat="-7.339130" lon="108.240706">
        <ele>333.895598</ele>
        <time>2026-08-21T15:11:43.517Z</time>
      </trkpt>
      <trkpt lat="-7.339100" lon="108.240715">
        <ele>333.895615</ele>
        <time>2026-08-21T15:11:44.186Z</time>
      </trkpt>
      <trkpt lat="-7.339051" lon="108.240723">
        <ele>333.895642</ele>
        <time>2026-08-21T15:11:45.248Z</time>
      </trkpt>
      <trkpt lat="-7.338998" lon="108.240727">
        <ele>333.895670</ele>
        <time>2026-08-21T15:11:46.384Z</time>
      </trkpt>
      <trkpt lat="-7.338947" lon="108.240734">
        <ele>333.895697</ele>
        <time>2026-08-21T15:11:47.485Z</time>
      </trkpt>
      <trkpt lat="-7.338900" lon="108.240737">
        <ele>333.895723</ele>
        <time>2026-08-21T15:11:48.492Z</time>
      </trkpt>
      <trkpt lat="-7.338857" lon="108.240732">
        <ele>333.895746</ele>
        <time>2026-08-21T15:11:49.417Z</time>
      </trkpt>
      <trkpt lat="-7.338820" lon="108.240724">
        <ele>333.895766</ele>
        <time>2026-08-21T15:11:50.227Z</time>
      </trkpt>
      <trkpt lat="-7.338750" lon="108.240714">
        <ele>333.895804</ele>
        <time>2026-08-21T15:11:51.738Z</time>
      </trkpt>
      <trkpt lat="-7.338680" lon="108.240701">
        <ele>333.895842</ele>
        <time>2026-08-21T15:11:53.260Z</time>
      </trkpt>
      <trkpt lat="-7.338650" lon="108.240690">
        <ele>333.895859</ele>
        <time>2026-08-21T15:11:53.943Z</time>
      </trkpt>
      <trkpt lat="-7.338585" lon="108.240740">
        <ele>333.895903</ele>
        <time>2026-08-21T15:11:55.691Z</time>
      </trkpt>
      <trkpt lat="-7.338481" lon="108.240603">
        <ele>333.895994</ele>
        <time>2026-08-21T15:11:58.625Z</time>
      </trkpt>
      <trkpt lat="-7.338287" lon="108.240357">
        <ele>333.896161</ele>
        <time>2026-08-21T15:12:04.188Z</time>
      </trkpt>
      <trkpt lat="-7.338199" lon="108.240255">
        <ele>333.896233</ele>
        <time>2026-08-21T15:12:06.693Z</time>
      </trkpt>
      <trkpt lat="-7.337671" lon="108.239719">
        <ele>334.532128</ele>
        <time>2026-08-21T15:12:21.623Z</time>
      </trkpt>
      <trkpt lat="-7.337422" lon="108.239467">
        <ele>334.924122</ele>
        <time>2026-08-21T15:12:29.148Z</time>
      </trkpt>
      <trkpt lat="-7.336750" lon="108.238848">
        <ele>335.941216</ele>
        <time>2026-08-21T15:12:51.152Z</time>
      </trkpt>
      <trkpt lat="-7.336349" lon="108.238484">
        <ele>336.625666</ele>
        <time>2026-08-21T15:13:04.547Z</time>
      </trkpt>
      <trkpt lat="-7.336127" lon="108.238290">
        <ele>336.998328</ele>
        <time>2026-08-21T15:13:11.471Z</time>
      </trkpt>
      <trkpt lat="-7.335857" lon="108.238050">
        <ele>337.454922</ele>
        <time>2026-08-21T15:13:19.706Z</time>
      </trkpt>
      <trkpt lat="-7.335646" lon="108.237882">
        <ele>337.795971</ele>
        <time>2026-08-21T15:13:25.592Z</time>
      </trkpt>
      <trkpt lat="-7.335233" lon="108.237554">
        <ele>338.262967</ele>
        <time>2026-08-21T15:13:36.289Z</time>
      </trkpt>
      <trkpt lat="-7.335119" lon="108.237463">
        <ele>338.318716</ele>
        <time>2026-08-21T15:13:39.125Z</time>
      </trkpt>
      <trkpt lat="-7.335092" lon="108.237439">
        <ele>338.332517</ele>
        <time>2026-08-21T15:13:39.812Z</time>
      </trkpt>
      <trkpt lat="-7.334543" lon="108.236993">
        <ele>338.602835</ele>
        <time>2026-08-21T15:13:52.991Z</time>
      </trkpt>
      <trkpt lat="-7.334502" lon="108.236958">
        <ele>338.623432</ele>
        <time>2026-08-21T15:13:53.981Z</time>
      </trkpt>
      <trkpt lat="-7.334132" lon="108.236623">
        <ele>338.814098</ele>
        <time>2026-08-21T15:14:02.872Z</time>
      </trkpt>
      <trkpt lat="-7.333953" lon="108.236458">
        <ele>338.884608</ele>
        <time>2026-08-21T15:14:07.054Z</time>
      </trkpt>
      <trkpt lat="-7.333722" lon="108.236227">
        <ele>338.941118</ele>
        <time>2026-08-21T15:14:12.601Z</time>
      </trkpt>
      <trkpt lat="-7.333351" lon="108.235910">
        <ele>339.025585</ele>
        <time>2026-08-21T15:14:20.931Z</time>
      </trkpt>
      <trkpt lat="-7.333092" lon="108.235639">
        <ele>339.090417</ele>
        <time>2026-08-21T15:14:27.567Z</time>
      </trkpt>
      <trkpt lat="-7.332929" lon="108.235460">
        <ele>339.132279</ele>
        <time>2026-08-21T15:14:32.047Z</time>
      </trkpt>
      <trkpt lat="-7.332873" lon="108.235397">
        <ele>339.146853</ele>
        <time>2026-08-21T15:14:33.644Z</time>
      </trkpt>
      <trkpt lat="-7.332034" lon="108.234455">
        <ele>339.896237</ele>
        <time>2026-08-21T15:14:58.367Z</time>
      </trkpt>
      <trkpt lat="-7.331904" lon="108.234333">
        <ele>340.014929</ele>
        <time>2026-08-21T15:15:02.017Z</time>
      </trkpt>
      <trkpt lat="-7.331845" lon="108.234274">
        <ele>340.070465</ele>
        <time>2026-08-21T15:15:03.729Z</time>
      </trkpt>
      <trkpt lat="-7.331541" lon="108.234004">
        <ele>340.341218</ele>
        <time>2026-08-21T15:15:12.178Z</time>
      </trkpt>
      <trkpt lat="-7.331291" lon="108.233801">
        <ele>340.645011</ele>
        <time>2026-08-21T15:15:18.925Z</time>
      </trkpt>
      <trkpt lat="-7.330916" lon="108.233486">
        <ele>341.137332</ele>
        <time>2026-08-21T15:15:29.322Z</time>
      </trkpt>
      <trkpt lat="-7.330627" lon="108.233259">
        <ele>341.506854</ele>
        <time>2026-08-21T15:15:37.565Z</time>
      </trkpt>
      <trkpt lat="-7.330399" lon="108.233034">
        <ele>341.828655</ele>
        <time>2026-08-21T15:15:44.761Z</time>
      </trkpt>
      <trkpt lat="-7.329829" lon="108.232477">
        <ele>342.550280</ele>
        <time>2026-08-21T15:16:01.922Z</time>
      </trkpt>
      <trkpt lat="-7.329624" lon="108.232261">
        <ele>342.794976</ele>
        <time>2026-08-21T15:16:08.121Z</time>
      </trkpt>
      <trkpt lat="-7.328899" lon="108.231497">
        <ele>343.660422</ele>
        <time>2026-08-21T15:16:29.569Z</time>
      </trkpt>
      <trkpt lat="-7.328623" lon="108.231128">
        <ele>343.875435</ele>
        <time>2026-08-21T15:16:38.718Z</time>
      </trkpt>
      <trkpt lat="-7.328411" lon="108.230727">
        <ele>344.078554</ele>
        <time>2026-08-21T15:16:47.546Z</time>
      </trkpt>
      <trkpt lat="-7.328292" lon="108.230250">
        <ele>344.298412</ele>
        <time>2026-08-21T15:16:56.893Z</time>
      </trkpt>
      <trkpt lat="-7.328266" lon="108.230150">
        <ele>344.344622</ele>
        <time>2026-08-21T15:16:58.780Z</time>
      </trkpt>
      <trkpt lat="-7.328205" lon="108.229917">
        <ele>344.452339</ele>
        <time>2026-08-21T15:17:03.132Z</time>
      </trkpt>
      <trkpt lat="-7.328112" lon="108.229566">
        <ele>344.489594</ele>
        <time>2026-08-21T15:17:09.579Z</time>
      </trkpt>
      <trkpt lat="-7.328035" lon="108.229288">
        <ele>344.489594</ele>
        <time>2026-08-21T15:17:14.600Z</time>
      </trkpt>
      <trkpt lat="-7.327908" lon="108.229323">
        <ele>344.489594</ele>
        <time>2026-08-21T15:17:17.425Z</time>
      </trkpt>
      <trkpt lat="-7.327813" lon="108.229395">
        <ele>344.489594</ele>
        <time>2026-08-21T15:17:19.967Z</time>
      </trkpt>
      <trkpt lat="-7.327571" lon="108.229642">
        <ele>344.489594</ele>
        <time>2026-08-21T15:17:27.330Z</time>
      </trkpt>
      <trkpt lat="-7.327552" lon="108.229651">
        <ele>344.489594</ele>
        <time>2026-08-21T15:17:27.779Z</time>
      </trkpt>
      <trkpt lat="-7.327550" lon="108.229661">
        <ele>344.489594</ele>
        <time>2026-08-21T15:17:27.995Z</time>
      </trkpt>
      <trkpt lat="-7.327553" lon="108.229662">
        <ele>344.489594</ele>
        <time>2026-08-21T15:17:28.063Z</time>
      </trkpt>
      <trkpt lat="-7.327556" lon="108.229660">
        <ele>344.489594</ele>
        <time>2026-08-21T15:17:28.140Z</time>
      </trkpt>
      <trkpt lat="-7.327568" lon="108.229672">
        <ele>344.489594</ele>
        <time>2026-08-21T15:17:28.501Z</time>
      </trkpt>
      <trkpt lat="-7.327575" lon="108.229668">
        <ele>344.489594</ele>
        <time>2026-08-21T15:17:28.673Z</time>
      </trkpt>
      <trkpt lat="-7.327584" lon="108.229672">
        <ele>344.489594</ele>
        <time>2026-08-21T15:17:28.884Z</time>
      </trkpt>
    </trkseg>
  </trk>
</gpx>